Copyright 1986-2022 Xilinx, Inc. All Rights Reserved. Copyright 2022-2025 Advanced Micro Devices, Inc. All Rights Reserved.
-----------------------------------------------------------------------------------------------------------------------------------------------------------------------------------------------------------------------------------------------------------------------------------------------------------------
| Tool Version      : Vivado v.2025.1.1 (win64) Build 6233196 Thu Sep 11 21:27:30 MDT 2025
| Date              : Tue Sep 15 19:52:12 2026
| Host              : Fortune running 64-bit major release  (build 9200)
| Command           : report_timing_summary -max_paths 10 -routable_nets -report_unconstrained -file neural_reconstruction_bd_wrapper_timing_summary_routed.rpt -pb neural_reconstruction_bd_wrapper_timing_summary_routed.pb -rpx neural_reconstruction_bd_wrapper_timing_summary_routed.rpx -warn_on_violation
| Design            : neural_reconstruction_bd_wrapper
| Device            : xck26-sfvc784
| Speed File        : -2LV  PRODUCTION 1.30 05-15-2022
| Design State      : Routed
| Temperature Grade : C
-----------------------------------------------------------------------------------------------------------------------------------------------------------------------------------------------------------------------------------------------------------------------------------------------------------------

Timing Summary Report

------------------------------------------------------------------------------------------------
| Timer Settings
| --------------
------------------------------------------------------------------------------------------------

  Enable Multi Corner Analysis               :  Yes
  Enable Pessimism Removal                   :  Yes
  Pessimism Removal Resolution               :  Nearest Common Node
  Enable Input Delay Default Clock           :  No
  Enable Preset / Clear Arcs                 :  No
  Disable Flight Delays                      :  No
  Ignore I/O Paths                           :  No
  Timing Early Launch at Borrowing Latches   :  No
  Borrow Time for Max Delay Exceptions       :  Yes
  Merge Timing Exceptions                    :  Yes
  Inter-SLR Compensation                     :  Conservative

  Corner  Analyze    Analyze    
  Name    Max Paths  Min Paths  
  ------  ---------  ---------  
  Slow    Yes        Yes        
  Fast    Yes        Yes        


------------------------------------------------------------------------------------------------
| Report Methodology
| ------------------
------------------------------------------------------------------------------------------------

No report available as report_methodology has not been run prior. Run report_methodology on the current design for the summary of methodology violations.



check_timing report

Table of Contents
-----------------
1. checking no_clock (0)
2. checking constant_clock (0)
3. checking pulse_width_clock (0)
4. checking unconstrained_internal_endpoints (0)
5. checking no_input_delay (0)
6. checking no_output_delay (0)
7. checking multiple_clock (0)
8. checking generated_clocks (0)
9. checking loops (0)
10. checking partial_input_delay (0)
11. checking partial_output_delay (0)
12. checking latch_loops (0)

1. checking no_clock (0)
------------------------
 There are 0 register/latch pins with no clock.


2. checking constant_clock (0)
------------------------------
 There are 0 register/latch pins with constant_clock.


3. checking pulse_width_clock (0)
---------------------------------
 There are 0 register/latch pins which need pulse_width check


4. checking unconstrained_internal_endpoints (0)
------------------------------------------------
 There are 0 pins that are not constrained for maximum delay.

 There are 0 pins that are not constrained for maximum delay due to constant clock.


5. checking no_input_delay (0)
------------------------------
 There are 0 input ports with no input delay specified.

 There are 0 input ports with no input delay but user has a false path constraint.


6. checking no_output_delay (0)
-------------------------------
 There are 0 ports with no output delay specified.

 There are 0 ports with no output delay but user has a false path constraint

 There are 0 ports with no output delay but with a timing clock defined on it or propagating through it


7. checking multiple_clock (0)
------------------------------
 There are 0 register/latch pins with multiple clocks.


8. checking generated_clocks (0)
--------------------------------
 There are 0 generated clocks that are not connected to a clock source.


9. checking loops (0)
---------------------
 There are 0 combinational loops in the design.


10. checking partial_input_delay (0)
------------------------------------
 There are 0 input ports with partial input delay specified.


11. checking partial_output_delay (0)
-------------------------------------
 There are 0 ports with partial output delay specified.


12. checking latch_loops (0)
----------------------------
 There are 0 combinational latch loops in the design through latch input



------------------------------------------------------------------------------------------------
| Design Timing Summary
| ---------------------
------------------------------------------------------------------------------------------------

    WNS(ns)      TNS(ns)  TNS Failing Endpoints  TNS Total Endpoints      WHS(ns)      THS(ns)  THS Failing Endpoints  THS Total Endpoints     WPWS(ns)     TPWS(ns)  TPWS Failing Endpoints  TPWS Total Endpoints  
    -------      -------  ---------------------  -------------------      -------      -------  ---------------------  -------------------     --------     --------  ----------------------  --------------------  
      0.058        0.000                      0                30800        0.010        0.000                      0                30800        1.000        0.000                       0                  7528  


All user specified timing constraints are met.


------------------------------------------------------------------------------------------------
| Clock Summary
| -------------
------------------------------------------------------------------------------------------------

Clock     Waveform(ns)         Period(ns)      Frequency(MHz)
-----     ------------         ----------      --------------
clk_pl_0  {0.000 2.500}        5.000           200.000         
clk_pl_1  {0.000 5.000}        10.000          100.000         


------------------------------------------------------------------------------------------------
| Intra Clock Table
| -----------------
------------------------------------------------------------------------------------------------

Clock             WNS(ns)      TNS(ns)  TNS Failing Endpoints  TNS Total Endpoints      WHS(ns)      THS(ns)  THS Failing Endpoints  THS Total Endpoints     WPWS(ns)     TPWS(ns)  TPWS Failing Endpoints  TPWS Total Endpoints  
-----             -------      -------  ---------------------  -------------------      -------      -------  ---------------------  -------------------     --------     --------  ----------------------  --------------------  
clk_pl_0            0.058        0.000                      0                30800        0.010        0.000                      0                30800        1.000        0.000                       0                  7528  


------------------------------------------------------------------------------------------------
| Inter Clock Table
| -----------------
------------------------------------------------------------------------------------------------

From Clock    To Clock          WNS(ns)      TNS(ns)  TNS Failing Endpoints  TNS Total Endpoints      WHS(ns)      THS(ns)  THS Failing Endpoints  THS Total Endpoints  
----------    --------          -------      -------  ---------------------  -------------------      -------      -------  ---------------------  -------------------  


------------------------------------------------------------------------------------------------
| Other Path Groups Table
| -----------------------
------------------------------------------------------------------------------------------------

Path Group    From Clock    To Clock          WNS(ns)      TNS(ns)  TNS Failing Endpoints  TNS Total Endpoints      WHS(ns)      THS(ns)  THS Failing Endpoints  THS Total Endpoints  
----------    ----------    --------          -------      -------  ---------------------  -------------------      -------      -------  ---------------------  -------------------  


------------------------------------------------------------------------------------------------
| User Ignored Path Table
| -----------------------
------------------------------------------------------------------------------------------------

Path Group    From Clock    To Clock    
----------    ----------    --------    
(none)                      clk_pl_0      
(none)        clk_pl_0      clk_pl_0      


------------------------------------------------------------------------------------------------
| Unconstrained Path Table
| ------------------------
------------------------------------------------------------------------------------------------

Path Group    From Clock    To Clock    
----------    ----------    --------    
(none)                      clk_pl_0      


------------------------------------------------------------------------------------------------
| Timing Details
| --------------
------------------------------------------------------------------------------------------------


---------------------------------------------------------------------------------------------------
From Clock:  clk_pl_0
  To Clock:  clk_pl_0

Setup :            0  Failing Endpoints,  Worst Slack        0.058ns,  Total Violation        0.000ns
Hold  :            0  Failing Endpoints,  Worst Slack        0.010ns,  Total Violation        0.000ns
PW    :            0  Failing Endpoints,  Worst Slack        1.000ns,  Total Violation        0.000ns
---------------------------------------------------------------------------------------------------


Max Delay Paths
--------------------------------------------------------------------------------------
Slack (MET) :             0.058ns  (required time - arrival time)
  Source:                 neural_reconstruction_bd_i/reconstruction_accel_0/inst/grp_reconstruction_accel_Pipeline_CONV2_Y_CONV2_X_CONV2_OC_CONV2_KY_CONV2_KX_fu_178/p_ZL13CONV2_WEIGHTS_1_U/q0_reg[7]/C
                            (rising edge-triggered cell FDRE clocked by clk_pl_0  {rise@0.000ns fall@2.500ns period=5.000ns})
  Destination:            neural_reconstruction_bd_i/reconstruction_accel_0/inst/grp_reconstruction_accel_Pipeline_CONV2_Y_CONV2_X_CONV2_OC_CONV2_KY_CONV2_KX_fu_178/mac_muladd_8s_8ns_16s_17_4_1_U106/reconstruction_accel_mac_muladd_8s_8ns_16s_17_4_1_DSP48_0_U/p_reg_reg/DSP_OUTPUT_INST/ALU_OUT[19]
                            (rising edge-triggered cell DSP_OUTPUT clocked by clk_pl_0  {rise@0.000ns fall@2.500ns period=5.000ns})
  Path Group:             clk_pl_0
  Path Type:              Setup (Max at Slow Process Corner)
  Requirement:            5.000ns  (clk_pl_0 rise@5.000ns - clk_pl_0 rise@0.000ns)
  Data Path Delay:        4.889ns  (logic 3.388ns (69.300%)  route 1.501ns (30.700%))
  Logic Levels:           10  (DSP_A_B_DATA=1 DSP_ALU=2 DSP_C_DATA=1 DSP_M_DATA=1 DSP_MULTIPLIER=1 DSP_OUTPUT=1 DSP_PREADD_DATA=1 LUT6=1 MUXF7=1)
  Clock Path Skew:        0.062ns (DCD - SCD + CPR)
    Destination Clock Delay (DCD):    3.006ns = ( 8.006 - 5.000 ) 
    Source Clock Delay      (SCD):    3.183ns
    Clock Pessimism Removal (CPR):    0.239ns
  Clock Uncertainty:      0.129ns  ((TSJ^2 + DJ^2)^1/2) / 2 + PE
    Total System Jitter     (TSJ):    0.071ns
    Discrete Jitter          (DJ):    0.248ns
    Phase Error              (PE):    0.000ns
  Clock Net Delay (Source):      2.916ns (routing 1.584ns, distribution 1.332ns)
  Clock Net Delay (Destination): 2.790ns (routing 1.450ns, distribution 1.340ns)

    Location             Delay type                Incr(ns)  Path(ns)    Netlist Resource(s)
  -------------------------------------------------------------------    -------------------
                         (clock clk_pl_0 rise edge)
                                                      0.000     0.000 r  
    PS8_X0Y0             PS8                          0.000     0.000 r  neural_reconstruction_bd_i/zynq_ultra_ps_e_0/inst/PS8_i/PLCLK[0]
                         net (fo=1, routed)           0.229     0.229    neural_reconstruction_bd_i/zynq_ultra_ps_e_0/inst/pl_clk_unbuffered[0]
    BUFG_PS_X0Y80        BUFG_PS (Prop_BUFG_PS_I_O)
                                                      0.038     0.267 r  neural_reconstruction_bd_i/zynq_ultra_ps_e_0/inst/buffer_pl_clk_0.PL_CLK_0_BUFG/O
    X1Y1 (CLOCK_ROOT)    net (fo=7864, routed)        2.916     3.183    neural_reconstruction_bd_i/reconstruction_accel_0/inst/grp_reconstruction_accel_Pipeline_CONV2_Y_CONV2_X_CONV2_OC_CONV2_KY_CONV2_KX_fu_178/p_ZL13CONV2_WEIGHTS_1_U/ap_clk
    SLICE_X24Y74         FDRE                                         r  neural_reconstruction_bd_i/reconstruction_accel_0/inst/grp_reconstruction_accel_Pipeline_CONV2_Y_CONV2_X_CONV2_OC_CONV2_KY_CONV2_KX_fu_178/p_ZL13CONV2_WEIGHTS_1_U/q0_reg[7]/C
  -------------------------------------------------------------------    -------------------
    SLICE_X24Y74         FDRE (Prop_HFF_SLICEM_C_Q)
                                                      0.114     3.297 f  neural_reconstruction_bd_i/reconstruction_accel_0/inst/grp_reconstruction_accel_Pipeline_CONV2_Y_CONV2_X_CONV2_OC_CONV2_KY_CONV2_KX_fu_178/p_ZL13CONV2_WEIGHTS_1_U/q0_reg[7]/Q
                         net (fo=3, routed)           0.138     3.436    neural_reconstruction_bd_i/reconstruction_accel_0/inst/grp_reconstruction_accel_Pipeline_CONV2_Y_CONV2_X_CONV2_OC_CONV2_KY_CONV2_KX_fu_178/p_ZL13CONV2_WEIGHTS_1_U/q0[7]
    SLICE_X24Y73         LUT6 (Prop_B6LUT_SLICEM_I0_O)
                                                      0.225     3.661 f  neural_reconstruction_bd_i/reconstruction_accel_0/inst/grp_reconstruction_accel_Pipeline_CONV2_Y_CONV2_X_CONV2_OC_CONV2_KY_CONV2_KX_fu_178/p_ZL13CONV2_WEIGHTS_1_U/tmp_product_i_17__3/O
                         net (fo=1, routed)           0.022     3.683    neural_reconstruction_bd_i/reconstruction_accel_0/inst/grp_reconstruction_accel_Pipeline_CONV2_Y_CONV2_X_CONV2_OC_CONV2_KY_CONV2_KX_fu_178/p_ZL13CONV2_WEIGHTS_1_U/tmp_product_i_17__3_n_3
    SLICE_X24Y73         MUXF7 (Prop_F7MUX_AB_SLICEM_I0_O)
                                                      0.102     3.785 f  neural_reconstruction_bd_i/reconstruction_accel_0/inst/grp_reconstruction_accel_Pipeline_CONV2_Y_CONV2_X_CONV2_OC_CONV2_KY_CONV2_KX_fu_178/p_ZL13CONV2_WEIGHTS_1_U/tmp_product_i_1__3/O
                         net (fo=11, routed)          0.395     4.179    neural_reconstruction_bd_i/reconstruction_accel_0/inst/grp_reconstruction_accel_Pipeline_CONV2_Y_CONV2_X_CONV2_OC_CONV2_KY_CONV2_KX_fu_178/mul_8s_8ns_16_1_1_U104/tmp_product/B[15]
    DSP48E2_X6Y30        DSP_A_B_DATA (Prop_DSP_A_B_DATA_DSP48E2_B[15]_B2_DATA[15])
                                                      0.216     4.395 r  neural_reconstruction_bd_i/reconstruction_accel_0/inst/grp_reconstruction_accel_Pipeline_CONV2_Y_CONV2_X_CONV2_OC_CONV2_KY_CONV2_KX_fu_178/mul_8s_8ns_16_1_1_U104/tmp_product/DSP_A_B_DATA_INST/B2_DATA[15]
                         net (fo=1, routed)           0.000     4.395    neural_reconstruction_bd_i/reconstruction_accel_0/inst/grp_reconstruction_accel_Pipeline_CONV2_Y_CONV2_X_CONV2_OC_CONV2_KY_CONV2_KX_fu_178/mul_8s_8ns_16_1_1_U104/tmp_product/DSP_A_B_DATA.B2_DATA<15>
    DSP48E2_X6Y30        DSP_PREADD_DATA (Prop_DSP_PREADD_DATA_DSP48E2_B2_DATA[15]_B2B1[15])
                                                      0.097     4.492 r  neural_reconstruction_bd_i/reconstruction_accel_0/inst/grp_reconstruction_accel_Pipeline_CONV2_Y_CONV2_X_CONV2_OC_CONV2_KY_CONV2_KX_fu_178/mul_8s_8ns_16_1_1_U104/tmp_product/DSP_PREADD_DATA_INST/B2B1[15]
                         net (fo=1, routed)           0.000     4.492    neural_reconstruction_bd_i/reconstruction_accel_0/inst/grp_reconstruction_accel_Pipeline_CONV2_Y_CONV2_X_CONV2_OC_CONV2_KY_CONV2_KX_fu_178/mul_8s_8ns_16_1_1_U104/tmp_product/DSP_PREADD_DATA.B2B1<15>
    DSP48E2_X6Y30        DSP_MULTIPLIER (Prop_DSP_MULTIPLIER_DSP48E2_B2B1[15]_U[15])
                                                      0.773     5.265 f  neural_reconstruction_bd_i/reconstruction_accel_0/inst/grp_reconstruction_accel_Pipeline_CONV2_Y_CONV2_X_CONV2_OC_CONV2_KY_CONV2_KX_fu_178/mul_8s_8ns_16_1_1_U104/tmp_product/DSP_MULTIPLIER_INST/U[15]
                         net (fo=1, routed)           0.000     5.265    neural_reconstruction_bd_i/reconstruction_accel_0/inst/grp_reconstruction_accel_Pipeline_CONV2_Y_CONV2_X_CONV2_OC_CONV2_KY_CONV2_KX_fu_178/mul_8s_8ns_16_1_1_U104/tmp_product/DSP_MULTIPLIER.U<15>
    DSP48E2_X6Y30        DSP_M_DATA (Prop_DSP_M_DATA_DSP48E2_U[15]_U_DATA[15])
                                                      0.067     5.332 r  neural_reconstruction_bd_i/reconstruction_accel_0/inst/grp_reconstruction_accel_Pipeline_CONV2_Y_CONV2_X_CONV2_OC_CONV2_KY_CONV2_KX_fu_178/mul_8s_8ns_16_1_1_U104/tmp_product/DSP_M_DATA_INST/U_DATA[15]
                         net (fo=1, routed)           0.000     5.332    neural_reconstruction_bd_i/reconstruction_accel_0/inst/grp_reconstruction_accel_Pipeline_CONV2_Y_CONV2_X_CONV2_OC_CONV2_KY_CONV2_KX_fu_178/mul_8s_8ns_16_1_1_U104/tmp_product/DSP_M_DATA.U_DATA<15>
    DSP48E2_X6Y30        DSP_ALU (Prop_DSP_ALU_DSP48E2_U_DATA[15]_ALU_OUT[15])
                                                      0.727     6.059 f  neural_reconstruction_bd_i/reconstruction_accel_0/inst/grp_reconstruction_accel_Pipeline_CONV2_Y_CONV2_X_CONV2_OC_CONV2_KY_CONV2_KX_fu_178/mul_8s_8ns_16_1_1_U104/tmp_product/DSP_ALU_INST/ALU_OUT[15]
                         net (fo=1, routed)           0.000     6.059    neural_reconstruction_bd_i/reconstruction_accel_0/inst/grp_reconstruction_accel_Pipeline_CONV2_Y_CONV2_X_CONV2_OC_CONV2_KY_CONV2_KX_fu_178/mul_8s_8ns_16_1_1_U104/tmp_product/DSP_ALU.ALU_OUT<15>
    DSP48E2_X6Y30        DSP_OUTPUT (Prop_DSP_OUTPUT_DSP48E2_ALU_OUT[15]_P[15])
                                                      0.146     6.205 r  neural_reconstruction_bd_i/reconstruction_accel_0/inst/grp_reconstruction_accel_Pipeline_CONV2_Y_CONV2_X_CONV2_OC_CONV2_KY_CONV2_KX_fu_178/mul_8s_8ns_16_1_1_U104/tmp_product/DSP_OUTPUT_INST/P[15]
                         net (fo=33, routed)          0.946     7.151    neural_reconstruction_bd_i/reconstruction_accel_0/inst/grp_reconstruction_accel_Pipeline_CONV2_Y_CONV2_X_CONV2_OC_CONV2_KY_CONV2_KX_fu_178/mac_muladd_8s_8ns_16s_17_4_1_U106/reconstruction_accel_mac_muladd_8s_8ns_16s_17_4_1_DSP48_0_U/p_reg_reg/C[19]
    DSP48E2_X5Y31        DSP_C_DATA (Prop_DSP_C_DATA_DSP48E2_C[19]_C_DATA[19])
                                                      0.135     7.286 r  neural_reconstruction_bd_i/reconstruction_accel_0/inst/grp_reconstruction_accel_Pipeline_CONV2_Y_CONV2_X_CONV2_OC_CONV2_KY_CONV2_KX_fu_178/mac_muladd_8s_8ns_16s_17_4_1_U106/reconstruction_accel_mac_muladd_8s_8ns_16s_17_4_1_DSP48_0_U/p_reg_reg/DSP_C_DATA_INST/C_DATA[19]
                         net (fo=2, routed)           0.000     7.286    neural_reconstruction_bd_i/reconstruction_accel_0/inst/grp_reconstruction_accel_Pipeline_CONV2_Y_CONV2_X_CONV2_OC_CONV2_KY_CONV2_KX_fu_178/mac_muladd_8s_8ns_16s_17_4_1_U106/reconstruction_accel_mac_muladd_8s_8ns_16s_17_4_1_DSP48_0_U/p_reg_reg/DSP_C_DATA.C_DATA<19>
    DSP48E2_X5Y31        DSP_ALU (Prop_DSP_ALU_DSP48E2_C_DATA[19]_ALU_OUT[19])
                                                      0.786     8.072 r  neural_reconstruction_bd_i/reconstruction_accel_0/inst/grp_reconstruction_accel_Pipeline_CONV2_Y_CONV2_X_CONV2_OC_CONV2_KY_CONV2_KX_fu_178/mac_muladd_8s_8ns_16s_17_4_1_U106/reconstruction_accel_mac_muladd_8s_8ns_16s_17_4_1_DSP48_0_U/p_reg_reg/DSP_ALU_INST/ALU_OUT[19]
                         net (fo=1, routed)           0.000     8.072    neural_reconstruction_bd_i/reconstruction_accel_0/inst/grp_reconstruction_accel_Pipeline_CONV2_Y_CONV2_X_CONV2_OC_CONV2_KY_CONV2_KX_fu_178/mac_muladd_8s_8ns_16s_17_4_1_U106/reconstruction_accel_mac_muladd_8s_8ns_16s_17_4_1_DSP48_0_U/p_reg_reg/DSP_ALU.ALU_OUT<19>
    DSP48E2_X5Y31        DSP_OUTPUT                                   r  neural_reconstruction_bd_i/reconstruction_accel_0/inst/grp_reconstruction_accel_Pipeline_CONV2_Y_CONV2_X_CONV2_OC_CONV2_KY_CONV2_KX_fu_178/mac_muladd_8s_8ns_16s_17_4_1_U106/reconstruction_accel_mac_muladd_8s_8ns_16s_17_4_1_DSP48_0_U/p_reg_reg/DSP_OUTPUT_INST/ALU_OUT[19]
  -------------------------------------------------------------------    -------------------

                         (clock clk_pl_0 rise edge)
                                                      5.000     5.000 r  
    PS8_X0Y0             PS8                          0.000     5.000 r  neural_reconstruction_bd_i/zynq_ultra_ps_e_0/inst/PS8_i/PLCLK[0]
                         net (fo=1, routed)           0.181     5.181    neural_reconstruction_bd_i/zynq_ultra_ps_e_0/inst/pl_clk_unbuffered[0]
    BUFG_PS_X0Y80        BUFG_PS (Prop_BUFG_PS_I_O)
                                                      0.035     5.216 r  neural_reconstruction_bd_i/zynq_ultra_ps_e_0/inst/buffer_pl_clk_0.PL_CLK_0_BUFG/O
    X1Y1 (CLOCK_ROOT)    net (fo=7864, routed)        2.790     8.006    neural_reconstruction_bd_i/reconstruction_accel_0/inst/grp_reconstruction_accel_Pipeline_CONV2_Y_CONV2_X_CONV2_OC_CONV2_KY_CONV2_KX_fu_178/mac_muladd_8s_8ns_16s_17_4_1_U106/reconstruction_accel_mac_muladd_8s_8ns_16s_17_4_1_DSP48_0_U/p_reg_reg/CLK
    DSP48E2_X5Y31        DSP_OUTPUT                                   r  neural_reconstruction_bd_i/reconstruction_accel_0/inst/grp_reconstruction_accel_Pipeline_CONV2_Y_CONV2_X_CONV2_OC_CONV2_KY_CONV2_KX_fu_178/mac_muladd_8s_8ns_16s_17_4_1_U106/reconstruction_accel_mac_muladd_8s_8ns_16s_17_4_1_DSP48_0_U/p_reg_reg/DSP_OUTPUT_INST/CLK
                         clock pessimism              0.239     8.245    
                         clock uncertainty           -0.129     8.116    
    DSP48E2_X5Y31        DSP_OUTPUT (Setup_DSP_OUTPUT_DSP48E2_CLK_ALU_OUT[19])
                                                      0.014     8.130    neural_reconstruction_bd_i/reconstruction_accel_0/inst/grp_reconstruction_accel_Pipeline_CONV2_Y_CONV2_X_CONV2_OC_CONV2_KY_CONV2_KX_fu_178/mac_muladd_8s_8ns_16s_17_4_1_U106/reconstruction_accel_mac_muladd_8s_8ns_16s_17_4_1_DSP48_0_U/p_reg_reg/DSP_OUTPUT_INST
  -------------------------------------------------------------------
                         required time                          8.130    
                         arrival time                          -8.072    
  -------------------------------------------------------------------
                         slack                                  0.058    

Slack (MET) :             0.058ns  (required time - arrival time)
  Source:                 neural_reconstruction_bd_i/reconstruction_accel_0/inst/grp_reconstruction_accel_Pipeline_CONV2_Y_CONV2_X_CONV2_OC_CONV2_KY_CONV2_KX_fu_178/p_ZL13CONV2_WEIGHTS_1_U/q0_reg[7]/C
                            (rising edge-triggered cell FDRE clocked by clk_pl_0  {rise@0.000ns fall@2.500ns period=5.000ns})
  Destination:            neural_reconstruction_bd_i/reconstruction_accel_0/inst/grp_reconstruction_accel_Pipeline_CONV2_Y_CONV2_X_CONV2_OC_CONV2_KY_CONV2_KX_fu_178/mac_muladd_8s_8ns_16s_17_4_1_U106/reconstruction_accel_mac_muladd_8s_8ns_16s_17_4_1_DSP48_0_U/p_reg_reg/DSP_OUTPUT_INST/ALU_OUT[20]
                            (rising edge-triggered cell DSP_OUTPUT clocked by clk_pl_0  {rise@0.000ns fall@2.500ns period=5.000ns})
  Path Group:             clk_pl_0
  Path Type:              Setup (Max at Slow Process Corner)
  Requirement:            5.000ns  (clk_pl_0 rise@5.000ns - clk_pl_0 rise@0.000ns)
  Data Path Delay:        4.889ns  (logic 3.388ns (69.300%)  route 1.501ns (30.700%))
  Logic Levels:           10  (DSP_A_B_DATA=1 DSP_ALU=2 DSP_C_DATA=1 DSP_M_DATA=1 DSP_MULTIPLIER=1 DSP_OUTPUT=1 DSP_PREADD_DATA=1 LUT6=1 MUXF7=1)
  Clock Path Skew:        0.062ns (DCD - SCD + CPR)
    Destination Clock Delay (DCD):    3.006ns = ( 8.006 - 5.000 ) 
    Source Clock Delay      (SCD):    3.183ns
    Clock Pessimism Removal (CPR):    0.239ns
  Clock Uncertainty:      0.129ns  ((TSJ^2 + DJ^2)^1/2) / 2 + PE
    Total System Jitter     (TSJ):    0.071ns
    Discrete Jitter          (DJ):    0.248ns
    Phase Error              (PE):    0.000ns
  Clock Net Delay (Source):      2.916ns (routing 1.584ns, distribution 1.332ns)
  Clock Net Delay (Destination): 2.790ns (routing 1.450ns, distribution 1.340ns)

    Location             Delay type                Incr(ns)  Path(ns)    Netlist Resource(s)
  -------------------------------------------------------------------    -------------------
                         (clock clk_pl_0 rise edge)
                                                      0.000     0.000 r  
    PS8_X0Y0             PS8                          0.000     0.000 r  neural_reconstruction_bd_i/zynq_ultra_ps_e_0/inst/PS8_i/PLCLK[0]
                         net (fo=1, routed)           0.229     0.229    neural_reconstruction_bd_i/zynq_ultra_ps_e_0/inst/pl_clk_unbuffered[0]
    BUFG_PS_X0Y80        BUFG_PS (Prop_BUFG_PS_I_O)
                                                      0.038     0.267 r  neural_reconstruction_bd_i/zynq_ultra_ps_e_0/inst/buffer_pl_clk_0.PL_CLK_0_BUFG/O
    X1Y1 (CLOCK_ROOT)    net (fo=7864, routed)        2.916     3.183    neural_reconstruction_bd_i/reconstruction_accel_0/inst/grp_reconstruction_accel_Pipeline_CONV2_Y_CONV2_X_CONV2_OC_CONV2_KY_CONV2_KX_fu_178/p_ZL13CONV2_WEIGHTS_1_U/ap_clk
    SLICE_X24Y74         FDRE                                         r  neural_reconstruction_bd_i/reconstruction_accel_0/inst/grp_reconstruction_accel_Pipeline_CONV2_Y_CONV2_X_CONV2_OC_CONV2_KY_CONV2_KX_fu_178/p_ZL13CONV2_WEIGHTS_1_U/q0_reg[7]/C
  -------------------------------------------------------------------    -------------------
    SLICE_X24Y74         FDRE (Prop_HFF_SLICEM_C_Q)
                                                      0.114     3.297 f  neural_reconstruction_bd_i/reconstruction_accel_0/inst/grp_reconstruction_accel_Pipeline_CONV2_Y_CONV2_X_CONV2_OC_CONV2_KY_CONV2_KX_fu_178/p_ZL13CONV2_WEIGHTS_1_U/q0_reg[7]/Q
                         net (fo=3, routed)           0.138     3.436    neural_reconstruction_bd_i/reconstruction_accel_0/inst/grp_reconstruction_accel_Pipeline_CONV2_Y_CONV2_X_CONV2_OC_CONV2_KY_CONV2_KX_fu_178/p_ZL13CONV2_WEIGHTS_1_U/q0[7]
    SLICE_X24Y73         LUT6 (Prop_B6LUT_SLICEM_I0_O)
                                                      0.225     3.661 f  neural_reconstruction_bd_i/reconstruction_accel_0/inst/grp_reconstruction_accel_Pipeline_CONV2_Y_CONV2_X_CONV2_OC_CONV2_KY_CONV2_KX_fu_178/p_ZL13CONV2_WEIGHTS_1_U/tmp_product_i_17__3/O
                         net (fo=1, routed)           0.022     3.683    neural_reconstruction_bd_i/reconstruction_accel_0/inst/grp_reconstruction_accel_Pipeline_CONV2_Y_CONV2_X_CONV2_OC_CONV2_KY_CONV2_KX_fu_178/p_ZL13CONV2_WEIGHTS_1_U/tmp_product_i_17__3_n_3
    SLICE_X24Y73         MUXF7 (Prop_F7MUX_AB_SLICEM_I0_O)
                                                      0.102     3.785 f  neural_reconstruction_bd_i/reconstruction_accel_0/inst/grp_reconstruction_accel_Pipeline_CONV2_Y_CONV2_X_CONV2_OC_CONV2_KY_CONV2_KX_fu_178/p_ZL13CONV2_WEIGHTS_1_U/tmp_product_i_1__3/O
                         net (fo=11, routed)          0.395     4.179    neural_reconstruction_bd_i/reconstruction_accel_0/inst/grp_reconstruction_accel_Pipeline_CONV2_Y_CONV2_X_CONV2_OC_CONV2_KY_CONV2_KX_fu_178/mul_8s_8ns_16_1_1_U104/tmp_product/B[15]
    DSP48E2_X6Y30        DSP_A_B_DATA (Prop_DSP_A_B_DATA_DSP48E2_B[15]_B2_DATA[15])
                                                      0.216     4.395 r  neural_reconstruction_bd_i/reconstruction_accel_0/inst/grp_reconstruction_accel_Pipeline_CONV2_Y_CONV2_X_CONV2_OC_CONV2_KY_CONV2_KX_fu_178/mul_8s_8ns_16_1_1_U104/tmp_product/DSP_A_B_DATA_INST/B2_DATA[15]
                         net (fo=1, routed)           0.000     4.395    neural_reconstruction_bd_i/reconstruction_accel_0/inst/grp_reconstruction_accel_Pipeline_CONV2_Y_CONV2_X_CONV2_OC_CONV2_KY_CONV2_KX_fu_178/mul_8s_8ns_16_1_1_U104/tmp_product/DSP_A_B_DATA.B2_DATA<15>
    DSP48E2_X6Y30        DSP_PREADD_DATA (Prop_DSP_PREADD_DATA_DSP48E2_B2_DATA[15]_B2B1[15])
                                                      0.097     4.492 r  neural_reconstruction_bd_i/reconstruction_accel_0/inst/grp_reconstruction_accel_Pipeline_CONV2_Y_CONV2_X_CONV2_OC_CONV2_KY_CONV2_KX_fu_178/mul_8s_8ns_16_1_1_U104/tmp_product/DSP_PREADD_DATA_INST/B2B1[15]
                         net (fo=1, routed)           0.000     4.492    neural_reconstruction_bd_i/reconstruction_accel_0/inst/grp_reconstruction_accel_Pipeline_CONV2_Y_CONV2_X_CONV2_OC_CONV2_KY_CONV2_KX_fu_178/mul_8s_8ns_16_1_1_U104/tmp_product/DSP_PREADD_DATA.B2B1<15>
    DSP48E2_X6Y30        DSP_MULTIPLIER (Prop_DSP_MULTIPLIER_DSP48E2_B2B1[15]_U[15])
                                                      0.773     5.265 f  neural_reconstruction_bd_i/reconstruction_accel_0/inst/grp_reconstruction_accel_Pipeline_CONV2_Y_CONV2_X_CONV2_OC_CONV2_KY_CONV2_KX_fu_178/mul_8s_8ns_16_1_1_U104/tmp_product/DSP_MULTIPLIER_INST/U[15]
                         net (fo=1, routed)           0.000     5.265    neural_reconstruction_bd_i/reconstruction_accel_0/inst/grp_reconstruction_accel_Pipeline_CONV2_Y_CONV2_X_CONV2_OC_CONV2_KY_CONV2_KX_fu_178/mul_8s_8ns_16_1_1_U104/tmp_product/DSP_MULTIPLIER.U<15>
    DSP48E2_X6Y30        DSP_M_DATA (Prop_DSP_M_DATA_DSP48E2_U[15]_U_DATA[15])
                                                      0.067     5.332 r  neural_reconstruction_bd_i/reconstruction_accel_0/inst/grp_reconstruction_accel_Pipeline_CONV2_Y_CONV2_X_CONV2_OC_CONV2_KY_CONV2_KX_fu_178/mul_8s_8ns_16_1_1_U104/tmp_product/DSP_M_DATA_INST/U_DATA[15]
                         net (fo=1, routed)           0.000     5.332    neural_reconstruction_bd_i/reconstruction_accel_0/inst/grp_reconstruction_accel_Pipeline_CONV2_Y_CONV2_X_CONV2_OC_CONV2_KY_CONV2_KX_fu_178/mul_8s_8ns_16_1_1_U104/tmp_product/DSP_M_DATA.U_DATA<15>
    DSP48E2_X6Y30        DSP_ALU (Prop_DSP_ALU_DSP48E2_U_DATA[15]_ALU_OUT[15])
                                                      0.727     6.059 f  neural_reconstruction_bd_i/reconstruction_accel_0/inst/grp_reconstruction_accel_Pipeline_CONV2_Y_CONV2_X_CONV2_OC_CONV2_KY_CONV2_KX_fu_178/mul_8s_8ns_16_1_1_U104/tmp_product/DSP_ALU_INST/ALU_OUT[15]
                         net (fo=1, routed)           0.000     6.059    neural_reconstruction_bd_i/reconstruction_accel_0/inst/grp_reconstruction_accel_Pipeline_CONV2_Y_CONV2_X_CONV2_OC_CONV2_KY_CONV2_KX_fu_178/mul_8s_8ns_16_1_1_U104/tmp_product/DSP_ALU.ALU_OUT<15>
    DSP48E2_X6Y30        DSP_OUTPUT (Prop_DSP_OUTPUT_DSP48E2_ALU_OUT[15]_P[15])
                                                      0.146     6.205 r  neural_reconstruction_bd_i/reconstruction_accel_0/inst/grp_reconstruction_accel_Pipeline_CONV2_Y_CONV2_X_CONV2_OC_CONV2_KY_CONV2_KX_fu_178/mul_8s_8ns_16_1_1_U104/tmp_product/DSP_OUTPUT_INST/P[15]
                         net (fo=33, routed)          0.946     7.151    neural_reconstruction_bd_i/reconstruction_accel_0/inst/grp_reconstruction_accel_Pipeline_CONV2_Y_CONV2_X_CONV2_OC_CONV2_KY_CONV2_KX_fu_178/mac_muladd_8s_8ns_16s_17_4_1_U106/reconstruction_accel_mac_muladd_8s_8ns_16s_17_4_1_DSP48_0_U/p_reg_reg/C[19]
    DSP48E2_X5Y31        DSP_C_DATA (Prop_DSP_C_DATA_DSP48E2_C[19]_C_DATA[19])
                                                      0.135     7.286 r  neural_reconstruction_bd_i/reconstruction_accel_0/inst/grp_reconstruction_accel_Pipeline_CONV2_Y_CONV2_X_CONV2_OC_CONV2_KY_CONV2_KX_fu_178/mac_muladd_8s_8ns_16s_17_4_1_U106/reconstruction_accel_mac_muladd_8s_8ns_16s_17_4_1_DSP48_0_U/p_reg_reg/DSP_C_DATA_INST/C_DATA[19]
                         net (fo=2, routed)           0.000     7.286    neural_reconstruction_bd_i/reconstruction_accel_0/inst/grp_reconstruction_accel_Pipeline_CONV2_Y_CONV2_X_CONV2_OC_CONV2_KY_CONV2_KX_fu_178/mac_muladd_8s_8ns_16s_17_4_1_U106/reconstruction_accel_mac_muladd_8s_8ns_16s_17_4_1_DSP48_0_U/p_reg_reg/DSP_C_DATA.C_DATA<19>
    DSP48E2_X5Y31        DSP_ALU (Prop_DSP_ALU_DSP48E2_C_DATA[19]_ALU_OUT[20])
                                                      0.786     8.072 r  neural_reconstruction_bd_i/reconstruction_accel_0/inst/grp_reconstruction_accel_Pipeline_CONV2_Y_CONV2_X_CONV2_OC_CONV2_KY_CONV2_KX_fu_178/mac_muladd_8s_8ns_16s_17_4_1_U106/reconstruction_accel_mac_muladd_8s_8ns_16s_17_4_1_DSP48_0_U/p_reg_reg/DSP_ALU_INST/ALU_OUT[20]
                         net (fo=1, routed)           0.000     8.072    neural_reconstruction_bd_i/reconstruction_accel_0/inst/grp_reconstruction_accel_Pipeline_CONV2_Y_CONV2_X_CONV2_OC_CONV2_KY_CONV2_KX_fu_178/mac_muladd_8s_8ns_16s_17_4_1_U106/reconstruction_accel_mac_muladd_8s_8ns_16s_17_4_1_DSP48_0_U/p_reg_reg/DSP_ALU.ALU_OUT<20>
    DSP48E2_X5Y31        DSP_OUTPUT                                   r  neural_reconstruction_bd_i/reconstruction_accel_0/inst/grp_reconstruction_accel_Pipeline_CONV2_Y_CONV2_X_CONV2_OC_CONV2_KY_CONV2_KX_fu_178/mac_muladd_8s_8ns_16s_17_4_1_U106/reconstruction_accel_mac_muladd_8s_8ns_16s_17_4_1_DSP48_0_U/p_reg_reg/DSP_OUTPUT_INST/ALU_OUT[20]
  -------------------------------------------------------------------    -------------------

                         (clock clk_pl_0 rise edge)
                                                      5.000     5.000 r  
    PS8_X0Y0             PS8                          0.000     5.000 r  neural_reconstruction_bd_i/zynq_ultra_ps_e_0/inst/PS8_i/PLCLK[0]
                         net (fo=1, routed)           0.181     5.181    neural_reconstruction_bd_i/zynq_ultra_ps_e_0/inst/pl_clk_unbuffered[0]
    BUFG_PS_X0Y80        BUFG_PS (Prop_BUFG_PS_I_O)
                                                      0.035     5.216 r  neural_reconstruction_bd_i/zynq_ultra_ps_e_0/inst/buffer_pl_clk_0.PL_CLK_0_BUFG/O
    X1Y1 (CLOCK_ROOT)    net (fo=7864, routed)        2.790     8.006    neural_reconstruction_bd_i/reconstruction_accel_0/inst/grp_reconstruction_accel_Pipeline_CONV2_Y_CONV2_X_CONV2_OC_CONV2_KY_CONV2_KX_fu_178/mac_muladd_8s_8ns_16s_17_4_1_U106/reconstruction_accel_mac_muladd_8s_8ns_16s_17_4_1_DSP48_0_U/p_reg_reg/CLK
    DSP48E2_X5Y31        DSP_OUTPUT                                   r  neural_reconstruction_bd_i/reconstruction_accel_0/inst/grp_reconstruction_accel_Pipeline_CONV2_Y_CONV2_X_CONV2_OC_CONV2_KY_CONV2_KX_fu_178/mac_muladd_8s_8ns_16s_17_4_1_U106/reconstruction_accel_mac_muladd_8s_8ns_16s_17_4_1_DSP48_0_U/p_reg_reg/DSP_OUTPUT_INST/CLK
                         clock pessimism              0.239     8.245    
                         clock uncertainty           -0.129     8.116    
    DSP48E2_X5Y31        DSP_OUTPUT (Setup_DSP_OUTPUT_DSP48E2_CLK_ALU_OUT[20])
                                                      0.014     8.130    neural_reconstruction_bd_i/reconstruction_accel_0/inst/grp_reconstruction_accel_Pipeline_CONV2_Y_CONV2_X_CONV2_OC_CONV2_KY_CONV2_KX_fu_178/mac_muladd_8s_8ns_16s_17_4_1_U106/reconstruction_accel_mac_muladd_8s_8ns_16s_17_4_1_DSP48_0_U/p_reg_reg/DSP_OUTPUT_INST
  -------------------------------------------------------------------
                         required time                          8.130    
                         arrival time                          -8.072    
  -------------------------------------------------------------------
                         slack                                  0.058    

Slack (MET) :             0.058ns  (required time - arrival time)
  Source:                 neural_reconstruction_bd_i/reconstruction_accel_0/inst/grp_reconstruction_accel_Pipeline_CONV2_Y_CONV2_X_CONV2_OC_CONV2_KY_CONV2_KX_fu_178/p_ZL13CONV2_WEIGHTS_1_U/q0_reg[7]/C
                            (rising edge-triggered cell FDRE clocked by clk_pl_0  {rise@0.000ns fall@2.500ns period=5.000ns})
  Destination:            neural_reconstruction_bd_i/reconstruction_accel_0/inst/grp_reconstruction_accel_Pipeline_CONV2_Y_CONV2_X_CONV2_OC_CONV2_KY_CONV2_KX_fu_178/mac_muladd_8s_8ns_16s_17_4_1_U106/reconstruction_accel_mac_muladd_8s_8ns_16s_17_4_1_DSP48_0_U/p_reg_reg/DSP_OUTPUT_INST/ALU_OUT[21]
                            (rising edge-triggered cell DSP_OUTPUT clocked by clk_pl_0  {rise@0.000ns fall@2.500ns period=5.000ns})
  Path Group:             clk_pl_0
  Path Type:              Setup (Max at Slow Process Corner)
  Requirement:            5.000ns  (clk_pl_0 rise@5.000ns - clk_pl_0 rise@0.000ns)
  Data Path Delay:        4.889ns  (logic 3.388ns (69.300%)  route 1.501ns (30.700%))
  Logic Levels:           10  (DSP_A_B_DATA=1 DSP_ALU=2 DSP_C_DATA=1 DSP_M_DATA=1 DSP_MULTIPLIER=1 DSP_OUTPUT=1 DSP_PREADD_DATA=1 LUT6=1 MUXF7=1)
  Clock Path Skew:        0.062ns (DCD - SCD + CPR)
    Destination Clock Delay (DCD):    3.006ns = ( 8.006 - 5.000 ) 
    Source Clock Delay      (SCD):    3.183ns
    Clock Pessimism Removal (CPR):    0.239ns
  Clock Uncertainty:      0.129ns  ((TSJ^2 + DJ^2)^1/2) / 2 + PE
    Total System Jitter     (TSJ):    0.071ns
    Discrete Jitter          (DJ):    0.248ns
    Phase Error              (PE):    0.000ns
  Clock Net Delay (Source):      2.916ns (routing 1.584ns, distribution 1.332ns)
  Clock Net Delay (Destination): 2.790ns (routing 1.450ns, distribution 1.340ns)

    Location             Delay type                Incr(ns)  Path(ns)    Netlist Resource(s)
  -------------------------------------------------------------------    -------------------
                         (clock clk_pl_0 rise edge)
                                                      0.000     0.000 r  
    PS8_X0Y0             PS8                          0.000     0.000 r  neural_reconstruction_bd_i/zynq_ultra_ps_e_0/inst/PS8_i/PLCLK[0]
                         net (fo=1, routed)           0.229     0.229    neural_reconstruction_bd_i/zynq_ultra_ps_e_0/inst/pl_clk_unbuffered[0]
    BUFG_PS_X0Y80        BUFG_PS (Prop_BUFG_PS_I_O)
                                                      0.038     0.267 r  neural_reconstruction_bd_i/zynq_ultra_ps_e_0/inst/buffer_pl_clk_0.PL_CLK_0_BUFG/O
    X1Y1 (CLOCK_ROOT)    net (fo=7864, routed)        2.916     3.183    neural_reconstruction_bd_i/reconstruction_accel_0/inst/grp_reconstruction_accel_Pipeline_CONV2_Y_CONV2_X_CONV2_OC_CONV2_KY_CONV2_KX_fu_178/p_ZL13CONV2_WEIGHTS_1_U/ap_clk
    SLICE_X24Y74         FDRE                                         r  neural_reconstruction_bd_i/reconstruction_accel_0/inst/grp_reconstruction_accel_Pipeline_CONV2_Y_CONV2_X_CONV2_OC_CONV2_KY_CONV2_KX_fu_178/p_ZL13CONV2_WEIGHTS_1_U/q0_reg[7]/C
  -------------------------------------------------------------------    -------------------
    SLICE_X24Y74         FDRE (Prop_HFF_SLICEM_C_Q)
                                                      0.114     3.297 f  neural_reconstruction_bd_i/reconstruction_accel_0/inst/grp_reconstruction_accel_Pipeline_CONV2_Y_CONV2_X_CONV2_OC_CONV2_KY_CONV2_KX_fu_178/p_ZL13CONV2_WEIGHTS_1_U/q0_reg[7]/Q
                         net (fo=3, routed)           0.138     3.436    neural_reconstruction_bd_i/reconstruction_accel_0/inst/grp_reconstruction_accel_Pipeline_CONV2_Y_CONV2_X_CONV2_OC_CONV2_KY_CONV2_KX_fu_178/p_ZL13CONV2_WEIGHTS_1_U/q0[7]
    SLICE_X24Y73         LUT6 (Prop_B6LUT_SLICEM_I0_O)
                                                      0.225     3.661 f  neural_reconstruction_bd_i/reconstruction_accel_0/inst/grp_reconstruction_accel_Pipeline_CONV2_Y_CONV2_X_CONV2_OC_CONV2_KY_CONV2_KX_fu_178/p_ZL13CONV2_WEIGHTS_1_U/tmp_product_i_17__3/O
                         net (fo=1, routed)           0.022     3.683    neural_reconstruction_bd_i/reconstruction_accel_0/inst/grp_reconstruction_accel_Pipeline_CONV2_Y_CONV2_X_CONV2_OC_CONV2_KY_CONV2_KX_fu_178/p_ZL13CONV2_WEIGHTS_1_U/tmp_product_i_17__3_n_3
    SLICE_X24Y73         MUXF7 (Prop_F7MUX_AB_SLICEM_I0_O)
                                                      0.102     3.785 f  neural_reconstruction_bd_i/reconstruction_accel_0/inst/grp_reconstruction_accel_Pipeline_CONV2_Y_CONV2_X_CONV2_OC_CONV2_KY_CONV2_KX_fu_178/p_ZL13CONV2_WEIGHTS_1_U/tmp_product_i_1__3/O
                         net (fo=11, routed)          0.395     4.179    neural_reconstruction_bd_i/reconstruction_accel_0/inst/grp_reconstruction_accel_Pipeline_CONV2_Y_CONV2_X_CONV2_OC_CONV2_KY_CONV2_KX_fu_178/mul_8s_8ns_16_1_1_U104/tmp_product/B[15]
    DSP48E2_X6Y30        DSP_A_B_DATA (Prop_DSP_A_B_DATA_DSP48E2_B[15]_B2_DATA[15])
                                                      0.216     4.395 r  neural_reconstruction_bd_i/reconstruction_accel_0/inst/grp_reconstruction_accel_Pipeline_CONV2_Y_CONV2_X_CONV2_OC_CONV2_KY_CONV2_KX_fu_178/mul_8s_8ns_16_1_1_U104/tmp_product/DSP_A_B_DATA_INST/B2_DATA[15]
                         net (fo=1, routed)           0.000     4.395    neural_reconstruction_bd_i/reconstruction_accel_0/inst/grp_reconstruction_accel_Pipeline_CONV2_Y_CONV2_X_CONV2_OC_CONV2_KY_CONV2_KX_fu_178/mul_8s_8ns_16_1_1_U104/tmp_product/DSP_A_B_DATA.B2_DATA<15>
    DSP48E2_X6Y30        DSP_PREADD_DATA (Prop_DSP_PREADD_DATA_DSP48E2_B2_DATA[15]_B2B1[15])
                                                      0.097     4.492 r  neural_reconstruction_bd_i/reconstruction_accel_0/inst/grp_reconstruction_accel_Pipeline_CONV2_Y_CONV2_X_CONV2_OC_CONV2_KY_CONV2_KX_fu_178/mul_8s_8ns_16_1_1_U104/tmp_product/DSP_PREADD_DATA_INST/B2B1[15]
                         net (fo=1, routed)           0.000     4.492    neural_reconstruction_bd_i/reconstruction_accel_0/inst/grp_reconstruction_accel_Pipeline_CONV2_Y_CONV2_X_CONV2_OC_CONV2_KY_CONV2_KX_fu_178/mul_8s_8ns_16_1_1_U104/tmp_product/DSP_PREADD_DATA.B2B1<15>
    DSP48E2_X6Y30        DSP_MULTIPLIER (Prop_DSP_MULTIPLIER_DSP48E2_B2B1[15]_U[15])
                                                      0.773     5.265 f  neural_reconstruction_bd_i/reconstruction_accel_0/inst/grp_reconstruction_accel_Pipeline_CONV2_Y_CONV2_X_CONV2_OC_CONV2_KY_CONV2_KX_fu_178/mul_8s_8ns_16_1_1_U104/tmp_product/DSP_MULTIPLIER_INST/U[15]
                         net (fo=1, routed)           0.000     5.265    neural_reconstruction_bd_i/reconstruction_accel_0/inst/grp_reconstruction_accel_Pipeline_CONV2_Y_CONV2_X_CONV2_OC_CONV2_KY_CONV2_KX_fu_178/mul_8s_8ns_16_1_1_U104/tmp_product/DSP_MULTIPLIER.U<15>
    DSP48E2_X6Y30        DSP_M_DATA (Prop_DSP_M_DATA_DSP48E2_U[15]_U_DATA[15])
                                                      0.067     5.332 r  neural_reconstruction_bd_i/reconstruction_accel_0/inst/grp_reconstruction_accel_Pipeline_CONV2_Y_CONV2_X_CONV2_OC_CONV2_KY_CONV2_KX_fu_178/mul_8s_8ns_16_1_1_U104/tmp_product/DSP_M_DATA_INST/U_DATA[15]
                         net (fo=1, routed)           0.000     5.332    neural_reconstruction_bd_i/reconstruction_accel_0/inst/grp_reconstruction_accel_Pipeline_CONV2_Y_CONV2_X_CONV2_OC_CONV2_KY_CONV2_KX_fu_178/mul_8s_8ns_16_1_1_U104/tmp_product/DSP_M_DATA.U_DATA<15>
    DSP48E2_X6Y30        DSP_ALU (Prop_DSP_ALU_DSP48E2_U_DATA[15]_ALU_OUT[15])
                                                      0.727     6.059 f  neural_reconstruction_bd_i/reconstruction_accel_0/inst/grp_reconstruction_accel_Pipeline_CONV2_Y_CONV2_X_CONV2_OC_CONV2_KY_CONV2_KX_fu_178/mul_8s_8ns_16_1_1_U104/tmp_product/DSP_ALU_INST/ALU_OUT[15]
                         net (fo=1, routed)           0.000     6.059    neural_reconstruction_bd_i/reconstruction_accel_0/inst/grp_reconstruction_accel_Pipeline_CONV2_Y_CONV2_X_CONV2_OC_CONV2_KY_CONV2_KX_fu_178/mul_8s_8ns_16_1_1_U104/tmp_product/DSP_ALU.ALU_OUT<15>
    DSP48E2_X6Y30        DSP_OUTPUT (Prop_DSP_OUTPUT_DSP48E2_ALU_OUT[15]_P[15])
                                                      0.146     6.205 r  neural_reconstruction_bd_i/reconstruction_accel_0/inst/grp_reconstruction_accel_Pipeline_CONV2_Y_CONV2_X_CONV2_OC_CONV2_KY_CONV2_KX_fu_178/mul_8s_8ns_16_1_1_U104/tmp_product/DSP_OUTPUT_INST/P[15]
                         net (fo=33, routed)          0.946     7.151    neural_reconstruction_bd_i/reconstruction_accel_0/inst/grp_reconstruction_accel_Pipeline_CONV2_Y_CONV2_X_CONV2_OC_CONV2_KY_CONV2_KX_fu_178/mac_muladd_8s_8ns_16s_17_4_1_U106/reconstruction_accel_mac_muladd_8s_8ns_16s_17_4_1_DSP48_0_U/p_reg_reg/C[19]
    DSP48E2_X5Y31        DSP_C_DATA (Prop_DSP_C_DATA_DSP48E2_C[19]_C_DATA[19])
                                                      0.135     7.286 r  neural_reconstruction_bd_i/reconstruction_accel_0/inst/grp_reconstruction_accel_Pipeline_CONV2_Y_CONV2_X_CONV2_OC_CONV2_KY_CONV2_KX_fu_178/mac_muladd_8s_8ns_16s_17_4_1_U106/reconstruction_accel_mac_muladd_8s_8ns_16s_17_4_1_DSP48_0_U/p_reg_reg/DSP_C_DATA_INST/C_DATA[19]
                         net (fo=2, routed)           0.000     7.286    neural_reconstruction_bd_i/reconstruction_accel_0/inst/grp_reconstruction_accel_Pipeline_CONV2_Y_CONV2_X_CONV2_OC_CONV2_KY_CONV2_KX_fu_178/mac_muladd_8s_8ns_16s_17_4_1_U106/reconstruction_accel_mac_muladd_8s_8ns_16s_17_4_1_DSP48_0_U/p_reg_reg/DSP_C_DATA.C_DATA<19>
    DSP48E2_X5Y31        DSP_ALU (Prop_DSP_ALU_DSP48E2_C_DATA[19]_ALU_OUT[21])
                                                      0.786     8.072 r  neural_reconstruction_bd_i/reconstruction_accel_0/inst/grp_reconstruction_accel_Pipeline_CONV2_Y_CONV2_X_CONV2_OC_CONV2_KY_CONV2_KX_fu_178/mac_muladd_8s_8ns_16s_17_4_1_U106/reconstruction_accel_mac_muladd_8s_8ns_16s_17_4_1_DSP48_0_U/p_reg_reg/DSP_ALU_INST/ALU_OUT[21]
                         net (fo=1, routed)           0.000     8.072    neural_reconstruction_bd_i/reconstruction_accel_0/inst/grp_reconstruction_accel_Pipeline_CONV2_Y_CONV2_X_CONV2_OC_CONV2_KY_CONV2_KX_fu_178/mac_muladd_8s_8ns_16s_17_4_1_U106/reconstruction_accel_mac_muladd_8s_8ns_16s_17_4_1_DSP48_0_U/p_reg_reg/DSP_ALU.ALU_OUT<21>
    DSP48E2_X5Y31        DSP_OUTPUT                                   r  neural_reconstruction_bd_i/reconstruction_accel_0/inst/grp_reconstruction_accel_Pipeline_CONV2_Y_CONV2_X_CONV2_OC_CONV2_KY_CONV2_KX_fu_178/mac_muladd_8s_8ns_16s_17_4_1_U106/reconstruction_accel_mac_muladd_8s_8ns_16s_17_4_1_DSP48_0_U/p_reg_reg/DSP_OUTPUT_INST/ALU_OUT[21]
  -------------------------------------------------------------------    -------------------

                         (clock clk_pl_0 rise edge)
                                                      5.000     5.000 r  
    PS8_X0Y0             PS8                          0.000     5.000 r  neural_reconstruction_bd_i/zynq_ultra_ps_e_0/inst/PS8_i/PLCLK[0]
                         net (fo=1, routed)           0.181     5.181    neural_reconstruction_bd_i/zynq_ultra_ps_e_0/inst/pl_clk_unbuffered[0]
    BUFG_PS_X0Y80        BUFG_PS (Prop_BUFG_PS_I_O)
                                                      0.035     5.216 r  neural_reconstruction_bd_i/zynq_ultra_ps_e_0/inst/buffer_pl_clk_0.PL_CLK_0_BUFG/O
    X1Y1 (CLOCK_ROOT)    net (fo=7864, routed)        2.790     8.006    neural_reconstruction_bd_i/reconstruction_accel_0/inst/grp_reconstruction_accel_Pipeline_CONV2_Y_CONV2_X_CONV2_OC_CONV2_KY_CONV2_KX_fu_178/mac_muladd_8s_8ns_16s_17_4_1_U106/reconstruction_accel_mac_muladd_8s_8ns_16s_17_4_1_DSP48_0_U/p_reg_reg/CLK
    DSP48E2_X5Y31        DSP_OUTPUT                                   r  neural_reconstruction_bd_i/reconstruction_accel_0/inst/grp_reconstruction_accel_Pipeline_CONV2_Y_CONV2_X_CONV2_OC_CONV2_KY_CONV2_KX_fu_178/mac_muladd_8s_8ns_16s_17_4_1_U106/reconstruction_accel_mac_muladd_8s_8ns_16s_17_4_1_DSP48_0_U/p_reg_reg/DSP_OUTPUT_INST/CLK
                         clock pessimism              0.239     8.245    
                         clock uncertainty           -0.129     8.116    
    DSP48E2_X5Y31        DSP_OUTPUT (Setup_DSP_OUTPUT_DSP48E2_CLK_ALU_OUT[21])
                                                      0.014     8.130    neural_reconstruction_bd_i/reconstruction_accel_0/inst/grp_reconstruction_accel_Pipeline_CONV2_Y_CONV2_X_CONV2_OC_CONV2_KY_CONV2_KX_fu_178/mac_muladd_8s_8ns_16s_17_4_1_U106/reconstruction_accel_mac_muladd_8s_8ns_16s_17_4_1_DSP48_0_U/p_reg_reg/DSP_OUTPUT_INST
  -------------------------------------------------------------------
                         required time                          8.130    
                         arrival time                          -8.072    
  -------------------------------------------------------------------
                         slack                                  0.058    

Slack (MET) :             0.058ns  (required time - arrival time)
  Source:                 neural_reconstruction_bd_i/reconstruction_accel_0/inst/grp_reconstruction_accel_Pipeline_CONV2_Y_CONV2_X_CONV2_OC_CONV2_KY_CONV2_KX_fu_178/p_ZL13CONV2_WEIGHTS_1_U/q0_reg[7]/C
                            (rising edge-triggered cell FDRE clocked by clk_pl_0  {rise@0.000ns fall@2.500ns period=5.000ns})
  Destination:            neural_reconstruction_bd_i/reconstruction_accel_0/inst/grp_reconstruction_accel_Pipeline_CONV2_Y_CONV2_X_CONV2_OC_CONV2_KY_CONV2_KX_fu_178/mac_muladd_8s_8ns_16s_17_4_1_U106/reconstruction_accel_mac_muladd_8s_8ns_16s_17_4_1_DSP48_0_U/p_reg_reg/DSP_OUTPUT_INST/ALU_OUT[22]
                            (rising edge-triggered cell DSP_OUTPUT clocked by clk_pl_0  {rise@0.000ns fall@2.500ns period=5.000ns})
  Path Group:             clk_pl_0
  Path Type:              Setup (Max at Slow Process Corner)
  Requirement:            5.000ns  (clk_pl_0 rise@5.000ns - clk_pl_0 rise@0.000ns)
  Data Path Delay:        4.889ns  (logic 3.388ns (69.300%)  route 1.501ns (30.700%))
  Logic Levels:           10  (DSP_A_B_DATA=1 DSP_ALU=2 DSP_C_DATA=1 DSP_M_DATA=1 DSP_MULTIPLIER=1 DSP_OUTPUT=1 DSP_PREADD_DATA=1 LUT6=1 MUXF7=1)
  Clock Path Skew:        0.062ns (DCD - SCD + CPR)
    Destination Clock Delay (DCD):    3.006ns = ( 8.006 - 5.000 ) 
    Source Clock Delay      (SCD):    3.183ns
    Clock Pessimism Removal (CPR):    0.239ns
  Clock Uncertainty:      0.129ns  ((TSJ^2 + DJ^2)^1/2) / 2 + PE
    Total System Jitter     (TSJ):    0.071ns
    Discrete Jitter          (DJ):    0.248ns
    Phase Error              (PE):    0.000ns
  Clock Net Delay (Source):      2.916ns (routing 1.584ns, distribution 1.332ns)
  Clock Net Delay (Destination): 2.790ns (routing 1.450ns, distribution 1.340ns)

    Location             Delay type                Incr(ns)  Path(ns)    Netlist Resource(s)
  -------------------------------------------------------------------    -------------------
                         (clock clk_pl_0 rise edge)
                                                      0.000     0.000 r  
    PS8_X0Y0             PS8                          0.000     0.000 r  neural_reconstruction_bd_i/zynq_ultra_ps_e_0/inst/PS8_i/PLCLK[0]
                         net (fo=1, routed)           0.229     0.229    neural_reconstruction_bd_i/zynq_ultra_ps_e_0/inst/pl_clk_unbuffered[0]
    BUFG_PS_X0Y80        BUFG_PS (Prop_BUFG_PS_I_O)
                                                      0.038     0.267 r  neural_reconstruction_bd_i/zynq_ultra_ps_e_0/inst/buffer_pl_clk_0.PL_CLK_0_BUFG/O
    X1Y1 (CLOCK_ROOT)    net (fo=7864, routed)        2.916     3.183    neural_reconstruction_bd_i/reconstruction_accel_0/inst/grp_reconstruction_accel_Pipeline_CONV2_Y_CONV2_X_CONV2_OC_CONV2_KY_CONV2_KX_fu_178/p_ZL13CONV2_WEIGHTS_1_U/ap_clk
    SLICE_X24Y74         FDRE                                         r  neural_reconstruction_bd_i/reconstruction_accel_0/inst/grp_reconstruction_accel_Pipeline_CONV2_Y_CONV2_X_CONV2_OC_CONV2_KY_CONV2_KX_fu_178/p_ZL13CONV2_WEIGHTS_1_U/q0_reg[7]/C
  -------------------------------------------------------------------    -------------------
    SLICE_X24Y74         FDRE (Prop_HFF_SLICEM_C_Q)
                                                      0.114     3.297 f  neural_reconstruction_bd_i/reconstruction_accel_0/inst/grp_reconstruction_accel_Pipeline_CONV2_Y_CONV2_X_CONV2_OC_CONV2_KY_CONV2_KX_fu_178/p_ZL13CONV2_WEIGHTS_1_U/q0_reg[7]/Q
                         net (fo=3, routed)           0.138     3.436    neural_reconstruction_bd_i/reconstruction_accel_0/inst/grp_reconstruction_accel_Pipeline_CONV2_Y_CONV2_X_CONV2_OC_CONV2_KY_CONV2_KX_fu_178/p_ZL13CONV2_WEIGHTS_1_U/q0[7]
    SLICE_X24Y73         LUT6 (Prop_B6LUT_SLICEM_I0_O)
                                                      0.225     3.661 f  neural_reconstruction_bd_i/reconstruction_accel_0/inst/grp_reconstruction_accel_Pipeline_CONV2_Y_CONV2_X_CONV2_OC_CONV2_KY_CONV2_KX_fu_178/p_ZL13CONV2_WEIGHTS_1_U/tmp_product_i_17__3/O
                         net (fo=1, routed)           0.022     3.683    neural_reconstruction_bd_i/reconstruction_accel_0/inst/grp_reconstruction_accel_Pipeline_CONV2_Y_CONV2_X_CONV2_OC_CONV2_KY_CONV2_KX_fu_178/p_ZL13CONV2_WEIGHTS_1_U/tmp_product_i_17__3_n_3
    SLICE_X24Y73         MUXF7 (Prop_F7MUX_AB_SLICEM_I0_O)
                                                      0.102     3.785 f  neural_reconstruction_bd_i/reconstruction_accel_0/inst/grp_reconstruction_accel_Pipeline_CONV2_Y_CONV2_X_CONV2_OC_CONV2_KY_CONV2_KX_fu_178/p_ZL13CONV2_WEIGHTS_1_U/tmp_product_i_1__3/O
                         net (fo=11, routed)          0.395     4.179    neural_reconstruction_bd_i/reconstruction_accel_0/inst/grp_reconstruction_accel_Pipeline_CONV2_Y_CONV2_X_CONV2_OC_CONV2_KY_CONV2_KX_fu_178/mul_8s_8ns_16_1_1_U104/tmp_product/B[15]
    DSP48E2_X6Y30        DSP_A_B_DATA (Prop_DSP_A_B_DATA_DSP48E2_B[15]_B2_DATA[15])
                                                      0.216     4.395 r  neural_reconstruction_bd_i/reconstruction_accel_0/inst/grp_reconstruction_accel_Pipeline_CONV2_Y_CONV2_X_CONV2_OC_CONV2_KY_CONV2_KX_fu_178/mul_8s_8ns_16_1_1_U104/tmp_product/DSP_A_B_DATA_INST/B2_DATA[15]
                         net (fo=1, routed)           0.000     4.395    neural_reconstruction_bd_i/reconstruction_accel_0/inst/grp_reconstruction_accel_Pipeline_CONV2_Y_CONV2_X_CONV2_OC_CONV2_KY_CONV2_KX_fu_178/mul_8s_8ns_16_1_1_U104/tmp_product/DSP_A_B_DATA.B2_DATA<15>
    DSP48E2_X6Y30        DSP_PREADD_DATA (Prop_DSP_PREADD_DATA_DSP48E2_B2_DATA[15]_B2B1[15])
                                                      0.097     4.492 r  neural_reconstruction_bd_i/reconstruction_accel_0/inst/grp_reconstruction_accel_Pipeline_CONV2_Y_CONV2_X_CONV2_OC_CONV2_KY_CONV2_KX_fu_178/mul_8s_8ns_16_1_1_U104/tmp_product/DSP_PREADD_DATA_INST/B2B1[15]
                         net (fo=1, routed)           0.000     4.492    neural_reconstruction_bd_i/reconstruction_accel_0/inst/grp_reconstruction_accel_Pipeline_CONV2_Y_CONV2_X_CONV2_OC_CONV2_KY_CONV2_KX_fu_178/mul_8s_8ns_16_1_1_U104/tmp_product/DSP_PREADD_DATA.B2B1<15>
    DSP48E2_X6Y30        DSP_MULTIPLIER (Prop_DSP_MULTIPLIER_DSP48E2_B2B1[15]_U[15])
                                                      0.773     5.265 f  neural_reconstruction_bd_i/reconstruction_accel_0/inst/grp_reconstruction_accel_Pipeline_CONV2_Y_CONV2_X_CONV2_OC_CONV2_KY_CONV2_KX_fu_178/mul_8s_8ns_16_1_1_U104/tmp_product/DSP_MULTIPLIER_INST/U[15]
                         net (fo=1, routed)           0.000     5.265    neural_reconstruction_bd_i/reconstruction_accel_0/inst/grp_reconstruction_accel_Pipeline_CONV2_Y_CONV2_X_CONV2_OC_CONV2_KY_CONV2_KX_fu_178/mul_8s_8ns_16_1_1_U104/tmp_product/DSP_MULTIPLIER.U<15>
    DSP48E2_X6Y30        DSP_M_DATA (Prop_DSP_M_DATA_DSP48E2_U[15]_U_DATA[15])
                                                      0.067     5.332 r  neural_reconstruction_bd_i/reconstruction_accel_0/inst/grp_reconstruction_accel_Pipeline_CONV2_Y_CONV2_X_CONV2_OC_CONV2_KY_CONV2_KX_fu_178/mul_8s_8ns_16_1_1_U104/tmp_product/DSP_M_DATA_INST/U_DATA[15]
                         net (fo=1, routed)           0.000     5.332    neural_reconstruction_bd_i/reconstruction_accel_0/inst/grp_reconstruction_accel_Pipeline_CONV2_Y_CONV2_X_CONV2_OC_CONV2_KY_CONV2_KX_fu_178/mul_8s_8ns_16_1_1_U104/tmp_product/DSP_M_DATA.U_DATA<15>
    DSP48E2_X6Y30        DSP_ALU (Prop_DSP_ALU_DSP48E2_U_DATA[15]_ALU_OUT[15])
                                                      0.727     6.059 f  neural_reconstruction_bd_i/reconstruction_accel_0/inst/grp_reconstruction_accel_Pipeline_CONV2_Y_CONV2_X_CONV2_OC_CONV2_KY_CONV2_KX_fu_178/mul_8s_8ns_16_1_1_U104/tmp_product/DSP_ALU_INST/ALU_OUT[15]
                         net (fo=1, routed)           0.000     6.059    neural_reconstruction_bd_i/reconstruction_accel_0/inst/grp_reconstruction_accel_Pipeline_CONV2_Y_CONV2_X_CONV2_OC_CONV2_KY_CONV2_KX_fu_178/mul_8s_8ns_16_1_1_U104/tmp_product/DSP_ALU.ALU_OUT<15>
    DSP48E2_X6Y30        DSP_OUTPUT (Prop_DSP_OUTPUT_DSP48E2_ALU_OUT[15]_P[15])
                                                      0.146     6.205 r  neural_reconstruction_bd_i/reconstruction_accel_0/inst/grp_reconstruction_accel_Pipeline_CONV2_Y_CONV2_X_CONV2_OC_CONV2_KY_CONV2_KX_fu_178/mul_8s_8ns_16_1_1_U104/tmp_product/DSP_OUTPUT_INST/P[15]
                         net (fo=33, routed)          0.946     7.151    neural_reconstruction_bd_i/reconstruction_accel_0/inst/grp_reconstruction_accel_Pipeline_CONV2_Y_CONV2_X_CONV2_OC_CONV2_KY_CONV2_KX_fu_178/mac_muladd_8s_8ns_16s_17_4_1_U106/reconstruction_accel_mac_muladd_8s_8ns_16s_17_4_1_DSP48_0_U/p_reg_reg/C[19]
    DSP48E2_X5Y31        DSP_C_DATA (Prop_DSP_C_DATA_DSP48E2_C[19]_C_DATA[19])
                                                      0.135     7.286 r  neural_reconstruction_bd_i/reconstruction_accel_0/inst/grp_reconstruction_accel_Pipeline_CONV2_Y_CONV2_X_CONV2_OC_CONV2_KY_CONV2_KX_fu_178/mac_muladd_8s_8ns_16s_17_4_1_U106/reconstruction_accel_mac_muladd_8s_8ns_16s_17_4_1_DSP48_0_U/p_reg_reg/DSP_C_DATA_INST/C_DATA[19]
                         net (fo=2, routed)           0.000     7.286    neural_reconstruction_bd_i/reconstruction_accel_0/inst/grp_reconstruction_accel_Pipeline_CONV2_Y_CONV2_X_CONV2_OC_CONV2_KY_CONV2_KX_fu_178/mac_muladd_8s_8ns_16s_17_4_1_U106/reconstruction_accel_mac_muladd_8s_8ns_16s_17_4_1_DSP48_0_U/p_reg_reg/DSP_C_DATA.C_DATA<19>
    DSP48E2_X5Y31        DSP_ALU (Prop_DSP_ALU_DSP48E2_C_DATA[19]_ALU_OUT[22])
                                                      0.786     8.072 r  neural_reconstruction_bd_i/reconstruction_accel_0/inst/grp_reconstruction_accel_Pipeline_CONV2_Y_CONV2_X_CONV2_OC_CONV2_KY_CONV2_KX_fu_178/mac_muladd_8s_8ns_16s_17_4_1_U106/reconstruction_accel_mac_muladd_8s_8ns_16s_17_4_1_DSP48_0_U/p_reg_reg/DSP_ALU_INST/ALU_OUT[22]
                         net (fo=1, routed)           0.000     8.072    neural_reconstruction_bd_i/reconstruction_accel_0/inst/grp_reconstruction_accel_Pipeline_CONV2_Y_CONV2_X_CONV2_OC_CONV2_KY_CONV2_KX_fu_178/mac_muladd_8s_8ns_16s_17_4_1_U106/reconstruction_accel_mac_muladd_8s_8ns_16s_17_4_1_DSP48_0_U/p_reg_reg/DSP_ALU.ALU_OUT<22>
    DSP48E2_X5Y31        DSP_OUTPUT                                   r  neural_reconstruction_bd_i/reconstruction_accel_0/inst/grp_reconstruction_accel_Pipeline_CONV2_Y_CONV2_X_CONV2_OC_CONV2_KY_CONV2_KX_fu_178/mac_muladd_8s_8ns_16s_17_4_1_U106/reconstruction_accel_mac_muladd_8s_8ns_16s_17_4_1_DSP48_0_U/p_reg_reg/DSP_OUTPUT_INST/ALU_OUT[22]
  -------------------------------------------------------------------    -------------------

                         (clock clk_pl_0 rise edge)
                                                      5.000     5.000 r  
    PS8_X0Y0             PS8                          0.000     5.000 r  neural_reconstruction_bd_i/zynq_ultra_ps_e_0/inst/PS8_i/PLCLK[0]
                         net (fo=1, routed)           0.181     5.181    neural_reconstruction_bd_i/zynq_ultra_ps_e_0/inst/pl_clk_unbuffered[0]
    BUFG_PS_X0Y80        BUFG_PS (Prop_BUFG_PS_I_O)
                                                      0.035     5.216 r  neural_reconstruction_bd_i/zynq_ultra_ps_e_0/inst/buffer_pl_clk_0.PL_CLK_0_BUFG/O
    X1Y1 (CLOCK_ROOT)    net (fo=7864, routed)        2.790     8.006    neural_reconstruction_bd_i/reconstruction_accel_0/inst/grp_reconstruction_accel_Pipeline_CONV2_Y_CONV2_X_CONV2_OC_CONV2_KY_CONV2_KX_fu_178/mac_muladd_8s_8ns_16s_17_4_1_U106/reconstruction_accel_mac_muladd_8s_8ns_16s_17_4_1_DSP48_0_U/p_reg_reg/CLK
    DSP48E2_X5Y31        DSP_OUTPUT                                   r  neural_reconstruction_bd_i/reconstruction_accel_0/inst/grp_reconstruction_accel_Pipeline_CONV2_Y_CONV2_X_CONV2_OC_CONV2_KY_CONV2_KX_fu_178/mac_muladd_8s_8ns_16s_17_4_1_U106/reconstruction_accel_mac_muladd_8s_8ns_16s_17_4_1_DSP48_0_U/p_reg_reg/DSP_OUTPUT_INST/CLK
                         clock pessimism              0.239     8.245    
                         clock uncertainty           -0.129     8.116    
    DSP48E2_X5Y31        DSP_OUTPUT (Setup_DSP_OUTPUT_DSP48E2_CLK_ALU_OUT[22])
                                                      0.014     8.130    neural_reconstruction_bd_i/reconstruction_accel_0/inst/grp_reconstruction_accel_Pipeline_CONV2_Y_CONV2_X_CONV2_OC_CONV2_KY_CONV2_KX_fu_178/mac_muladd_8s_8ns_16s_17_4_1_U106/reconstruction_accel_mac_muladd_8s_8ns_16s_17_4_1_DSP48_0_U/p_reg_reg/DSP_OUTPUT_INST
  -------------------------------------------------------------------
                         required time                          8.130    
                         arrival time                          -8.072    
  -------------------------------------------------------------------
                         slack                                  0.058    

Slack (MET) :             0.058ns  (required time - arrival time)
  Source:                 neural_reconstruction_bd_i/reconstruction_accel_0/inst/grp_reconstruction_accel_Pipeline_CONV2_Y_CONV2_X_CONV2_OC_CONV2_KY_CONV2_KX_fu_178/p_ZL13CONV2_WEIGHTS_1_U/q0_reg[7]/C
                            (rising edge-triggered cell FDRE clocked by clk_pl_0  {rise@0.000ns fall@2.500ns period=5.000ns})
  Destination:            neural_reconstruction_bd_i/reconstruction_accel_0/inst/grp_reconstruction_accel_Pipeline_CONV2_Y_CONV2_X_CONV2_OC_CONV2_KY_CONV2_KX_fu_178/mac_muladd_8s_8ns_16s_17_4_1_U106/reconstruction_accel_mac_muladd_8s_8ns_16s_17_4_1_DSP48_0_U/p_reg_reg/DSP_OUTPUT_INST/ALU_OUT[23]
                            (rising edge-triggered cell DSP_OUTPUT clocked by clk_pl_0  {rise@0.000ns fall@2.500ns period=5.000ns})
  Path Group:             clk_pl_0
  Path Type:              Setup (Max at Slow Process Corner)
  Requirement:            5.000ns  (clk_pl_0 rise@5.000ns - clk_pl_0 rise@0.000ns)
  Data Path Delay:        4.889ns  (logic 3.388ns (69.300%)  route 1.501ns (30.700%))
  Logic Levels:           10  (DSP_A_B_DATA=1 DSP_ALU=2 DSP_C_DATA=1 DSP_M_DATA=1 DSP_MULTIPLIER=1 DSP_OUTPUT=1 DSP_PREADD_DATA=1 LUT6=1 MUXF7=1)
  Clock Path Skew:        0.062ns (DCD - SCD + CPR)
    Destination Clock Delay (DCD):    3.006ns = ( 8.006 - 5.000 ) 
    Source Clock Delay      (SCD):    3.183ns
    Clock Pessimism Removal (CPR):    0.239ns
  Clock Uncertainty:      0.129ns  ((TSJ^2 + DJ^2)^1/2) / 2 + PE
    Total System Jitter     (TSJ):    0.071ns
    Discrete Jitter          (DJ):    0.248ns
    Phase Error              (PE):    0.000ns
  Clock Net Delay (Source):      2.916ns (routing 1.584ns, distribution 1.332ns)
  Clock Net Delay (Destination): 2.790ns (routing 1.450ns, distribution 1.340ns)

    Location             Delay type                Incr(ns)  Path(ns)    Netlist Resource(s)
  -------------------------------------------------------------------    -------------------
                         (clock clk_pl_0 rise edge)
                                                      0.000     0.000 r  
    PS8_X0Y0             PS8                          0.000     0.000 r  neural_reconstruction_bd_i/zynq_ultra_ps_e_0/inst/PS8_i/PLCLK[0]
                         net (fo=1, routed)           0.229     0.229    neural_reconstruction_bd_i/zynq_ultra_ps_e_0/inst/pl_clk_unbuffered[0]
    BUFG_PS_X0Y80        BUFG_PS (Prop_BUFG_PS_I_O)
                                                      0.038     0.267 r  neural_reconstruction_bd_i/zynq_ultra_ps_e_0/inst/buffer_pl_clk_0.PL_CLK_0_BUFG/O
    X1Y1 (CLOCK_ROOT)    net (fo=7864, routed)        2.916     3.183    neural_reconstruction_bd_i/reconstruction_accel_0/inst/grp_reconstruction_accel_Pipeline_CONV2_Y_CONV2_X_CONV2_OC_CONV2_KY_CONV2_KX_fu_178/p_ZL13CONV2_WEIGHTS_1_U/ap_clk
    SLICE_X24Y74         FDRE                                         r  neural_reconstruction_bd_i/reconstruction_accel_0/inst/grp_reconstruction_accel_Pipeline_CONV2_Y_CONV2_X_CONV2_OC_CONV2_KY_CONV2_KX_fu_178/p_ZL13CONV2_WEIGHTS_1_U/q0_reg[7]/C
  -------------------------------------------------------------------    -------------------
    SLICE_X24Y74         FDRE (Prop_HFF_SLICEM_C_Q)
                                                      0.114     3.297 f  neural_reconstruction_bd_i/reconstruction_accel_0/inst/grp_reconstruction_accel_Pipeline_CONV2_Y_CONV2_X_CONV2_OC_CONV2_KY_CONV2_KX_fu_178/p_ZL13CONV2_WEIGHTS_1_U/q0_reg[7]/Q
                         net (fo=3, routed)           0.138     3.436    neural_reconstruction_bd_i/reconstruction_accel_0/inst/grp_reconstruction_accel_Pipeline_CONV2_Y_CONV2_X_CONV2_OC_CONV2_KY_CONV2_KX_fu_178/p_ZL13CONV2_WEIGHTS_1_U/q0[7]
    SLICE_X24Y73         LUT6 (Prop_B6LUT_SLICEM_I0_O)
                                                      0.225     3.661 f  neural_reconstruction_bd_i/reconstruction_accel_0/inst/grp_reconstruction_accel_Pipeline_CONV2_Y_CONV2_X_CONV2_OC_CONV2_KY_CONV2_KX_fu_178/p_ZL13CONV2_WEIGHTS_1_U/tmp_product_i_17__3/O
                         net (fo=1, routed)           0.022     3.683    neural_reconstruction_bd_i/reconstruction_accel_0/inst/grp_reconstruction_accel_Pipeline_CONV2_Y_CONV2_X_CONV2_OC_CONV2_KY_CONV2_KX_fu_178/p_ZL13CONV2_WEIGHTS_1_U/tmp_product_i_17__3_n_3
    SLICE_X24Y73         MUXF7 (Prop_F7MUX_AB_SLICEM_I0_O)
                                                      0.102     3.785 f  neural_reconstruction_bd_i/reconstruction_accel_0/inst/grp_reconstruction_accel_Pipeline_CONV2_Y_CONV2_X_CONV2_OC_CONV2_KY_CONV2_KX_fu_178/p_ZL13CONV2_WEIGHTS_1_U/tmp_product_i_1__3/O
                         net (fo=11, routed)          0.395     4.179    neural_reconstruction_bd_i/reconstruction_accel_0/inst/grp_reconstruction_accel_Pipeline_CONV2_Y_CONV2_X_CONV2_OC_CONV2_KY_CONV2_KX_fu_178/mul_8s_8ns_16_1_1_U104/tmp_product/B[15]
    DSP48E2_X6Y30        DSP_A_B_DATA (Prop_DSP_A_B_DATA_DSP48E2_B[15]_B2_DATA[15])
                                                      0.216     4.395 r  neural_reconstruction_bd_i/reconstruction_accel_0/inst/grp_reconstruction_accel_Pipeline_CONV2_Y_CONV2_X_CONV2_OC_CONV2_KY_CONV2_KX_fu_178/mul_8s_8ns_16_1_1_U104/tmp_product/DSP_A_B_DATA_INST/B2_DATA[15]
                         net (fo=1, routed)           0.000     4.395    neural_reconstruction_bd_i/reconstruction_accel_0/inst/grp_reconstruction_accel_Pipeline_CONV2_Y_CONV2_X_CONV2_OC_CONV2_KY_CONV2_KX_fu_178/mul_8s_8ns_16_1_1_U104/tmp_product/DSP_A_B_DATA.B2_DATA<15>
    DSP48E2_X6Y30        DSP_PREADD_DATA (Prop_DSP_PREADD_DATA_DSP48E2_B2_DATA[15]_B2B1[15])
                                                      0.097     4.492 r  neural_reconstruction_bd_i/reconstruction_accel_0/inst/grp_reconstruction_accel_Pipeline_CONV2_Y_CONV2_X_CONV2_OC_CONV2_KY_CONV2_KX_fu_178/mul_8s_8ns_16_1_1_U104/tmp_product/DSP_PREADD_DATA_INST/B2B1[15]
                         net (fo=1, routed)           0.000     4.492    neural_reconstruction_bd_i/reconstruction_accel_0/inst/grp_reconstruction_accel_Pipeline_CONV2_Y_CONV2_X_CONV2_OC_CONV2_KY_CONV2_KX_fu_178/mul_8s_8ns_16_1_1_U104/tmp_product/DSP_PREADD_DATA.B2B1<15>
    DSP48E2_X6Y30        DSP_MULTIPLIER (Prop_DSP_MULTIPLIER_DSP48E2_B2B1[15]_U[15])
                                                      0.773     5.265 f  neural_reconstruction_bd_i/reconstruction_accel_0/inst/grp_reconstruction_accel_Pipeline_CONV2_Y_CONV2_X_CONV2_OC_CONV2_KY_CONV2_KX_fu_178/mul_8s_8ns_16_1_1_U104/tmp_product/DSP_MULTIPLIER_INST/U[15]
                         net (fo=1, routed)           0.000     5.265    neural_reconstruction_bd_i/reconstruction_accel_0/inst/grp_reconstruction_accel_Pipeline_CONV2_Y_CONV2_X_CONV2_OC_CONV2_KY_CONV2_KX_fu_178/mul_8s_8ns_16_1_1_U104/tmp_product/DSP_MULTIPLIER.U<15>
    DSP48E2_X6Y30        DSP_M_DATA (Prop_DSP_M_DATA_DSP48E2_U[15]_U_DATA[15])
                                                      0.067     5.332 r  neural_reconstruction_bd_i/reconstruction_accel_0/inst/grp_reconstruction_accel_Pipeline_CONV2_Y_CONV2_X_CONV2_OC_CONV2_KY_CONV2_KX_fu_178/mul_8s_8ns_16_1_1_U104/tmp_product/DSP_M_DATA_INST/U_DATA[15]
                         net (fo=1, routed)           0.000     5.332    neural_reconstruction_bd_i/reconstruction_accel_0/inst/grp_reconstruction_accel_Pipeline_CONV2_Y_CONV2_X_CONV2_OC_CONV2_KY_CONV2_KX_fu_178/mul_8s_8ns_16_1_1_U104/tmp_product/DSP_M_DATA.U_DATA<15>
    DSP48E2_X6Y30        DSP_ALU (Prop_DSP_ALU_DSP48E2_U_DATA[15]_ALU_OUT[15])
                                                      0.727     6.059 f  neural_reconstruction_bd_i/reconstruction_accel_0/inst/grp_reconstruction_accel_Pipeline_CONV2_Y_CONV2_X_CONV2_OC_CONV2_KY_CONV2_KX_fu_178/mul_8s_8ns_16_1_1_U104/tmp_product/DSP_ALU_INST/ALU_OUT[15]
                         net (fo=1, routed)           0.000     6.059    neural_reconstruction_bd_i/reconstruction_accel_0/inst/grp_reconstruction_accel_Pipeline_CONV2_Y_CONV2_X_CONV2_OC_CONV2_KY_CONV2_KX_fu_178/mul_8s_8ns_16_1_1_U104/tmp_product/DSP_ALU.ALU_OUT<15>
    DSP48E2_X6Y30        DSP_OUTPUT (Prop_DSP_OUTPUT_DSP48E2_ALU_OUT[15]_P[15])
                                                      0.146     6.205 r  neural_reconstruction_bd_i/reconstruction_accel_0/inst/grp_reconstruction_accel_Pipeline_CONV2_Y_CONV2_X_CONV2_OC_CONV2_KY_CONV2_KX_fu_178/mul_8s_8ns_16_1_1_U104/tmp_product/DSP_OUTPUT_INST/P[15]
                         net (fo=33, routed)          0.946     7.151    neural_reconstruction_bd_i/reconstruction_accel_0/inst/grp_reconstruction_accel_Pipeline_CONV2_Y_CONV2_X_CONV2_OC_CONV2_KY_CONV2_KX_fu_178/mac_muladd_8s_8ns_16s_17_4_1_U106/reconstruction_accel_mac_muladd_8s_8ns_16s_17_4_1_DSP48_0_U/p_reg_reg/C[19]
    DSP48E2_X5Y31        DSP_C_DATA (Prop_DSP_C_DATA_DSP48E2_C[19]_C_DATA[19])
                                                      0.135     7.286 r  neural_reconstruction_bd_i/reconstruction_accel_0/inst/grp_reconstruction_accel_Pipeline_CONV2_Y_CONV2_X_CONV2_OC_CONV2_KY_CONV2_KX_fu_178/mac_muladd_8s_8ns_16s_17_4_1_U106/reconstruction_accel_mac_muladd_8s_8ns_16s_17_4_1_DSP48_0_U/p_reg_reg/DSP_C_DATA_INST/C_DATA[19]
                         net (fo=2, routed)           0.000     7.286    neural_reconstruction_bd_i/reconstruction_accel_0/inst/grp_reconstruction_accel_Pipeline_CONV2_Y_CONV2_X_CONV2_OC_CONV2_KY_CONV2_KX_fu_178/mac_muladd_8s_8ns_16s_17_4_1_U106/reconstruction_accel_mac_muladd_8s_8ns_16s_17_4_1_DSP48_0_U/p_reg_reg/DSP_C_DATA.C_DATA<19>
    DSP48E2_X5Y31        DSP_ALU (Prop_DSP_ALU_DSP48E2_C_DATA[19]_ALU_OUT[23])
                                                      0.786     8.072 r  neural_reconstruction_bd_i/reconstruction_accel_0/inst/grp_reconstruction_accel_Pipeline_CONV2_Y_CONV2_X_CONV2_OC_CONV2_KY_CONV2_KX_fu_178/mac_muladd_8s_8ns_16s_17_4_1_U106/reconstruction_accel_mac_muladd_8s_8ns_16s_17_4_1_DSP48_0_U/p_reg_reg/DSP_ALU_INST/ALU_OUT[23]
                         net (fo=1, routed)           0.000     8.072    neural_reconstruction_bd_i/reconstruction_accel_0/inst/grp_reconstruction_accel_Pipeline_CONV2_Y_CONV2_X_CONV2_OC_CONV2_KY_CONV2_KX_fu_178/mac_muladd_8s_8ns_16s_17_4_1_U106/reconstruction_accel_mac_muladd_8s_8ns_16s_17_4_1_DSP48_0_U/p_reg_reg/DSP_ALU.ALU_OUT<23>
    DSP48E2_X5Y31        DSP_OUTPUT                                   r  neural_reconstruction_bd_i/reconstruction_accel_0/inst/grp_reconstruction_accel_Pipeline_CONV2_Y_CONV2_X_CONV2_OC_CONV2_KY_CONV2_KX_fu_178/mac_muladd_8s_8ns_16s_17_4_1_U106/reconstruction_accel_mac_muladd_8s_8ns_16s_17_4_1_DSP48_0_U/p_reg_reg/DSP_OUTPUT_INST/ALU_OUT[23]
  -------------------------------------------------------------------    -------------------

                         (clock clk_pl_0 rise edge)
                                                      5.000     5.000 r  
    PS8_X0Y0             PS8                          0.000     5.000 r  neural_reconstruction_bd_i/zynq_ultra_ps_e_0/inst/PS8_i/PLCLK[0]
                         net (fo=1, routed)           0.181     5.181    neural_reconstruction_bd_i/zynq_ultra_ps_e_0/inst/pl_clk_unbuffered[0]
    BUFG_PS_X0Y80        BUFG_PS (Prop_BUFG_PS_I_O)
                                                      0.035     5.216 r  neural_reconstruction_bd_i/zynq_ultra_ps_e_0/inst/buffer_pl_clk_0.PL_CLK_0_BUFG/O
    X1Y1 (CLOCK_ROOT)    net (fo=7864, routed)        2.790     8.006    neural_reconstruction_bd_i/reconstruction_accel_0/inst/grp_reconstruction_accel_Pipeline_CONV2_Y_CONV2_X_CONV2_OC_CONV2_KY_CONV2_KX_fu_178/mac_muladd_8s_8ns_16s_17_4_1_U106/reconstruction_accel_mac_muladd_8s_8ns_16s_17_4_1_DSP48_0_U/p_reg_reg/CLK
    DSP48E2_X5Y31        DSP_OUTPUT                                   r  neural_reconstruction_bd_i/reconstruction_accel_0/inst/grp_reconstruction_accel_Pipeline_CONV2_Y_CONV2_X_CONV2_OC_CONV2_KY_CONV2_KX_fu_178/mac_muladd_8s_8ns_16s_17_4_1_U106/reconstruction_accel_mac_muladd_8s_8ns_16s_17_4_1_DSP48_0_U/p_reg_reg/DSP_OUTPUT_INST/CLK
                         clock pessimism              0.239     8.245    
                         clock uncertainty           -0.129     8.116    
    DSP48E2_X5Y31        DSP_OUTPUT (Setup_DSP_OUTPUT_DSP48E2_CLK_ALU_OUT[23])
                                                      0.014     8.130    neural_reconstruction_bd_i/reconstruction_accel_0/inst/grp_reconstruction_accel_Pipeline_CONV2_Y_CONV2_X_CONV2_OC_CONV2_KY_CONV2_KX_fu_178/mac_muladd_8s_8ns_16s_17_4_1_U106/reconstruction_accel_mac_muladd_8s_8ns_16s_17_4_1_DSP48_0_U/p_reg_reg/DSP_OUTPUT_INST
  -------------------------------------------------------------------
                         required time                          8.130    
                         arrival time                          -8.072    
  -------------------------------------------------------------------
                         slack                                  0.058    

Slack (MET) :             0.058ns  (required time - arrival time)
  Source:                 neural_reconstruction_bd_i/reconstruction_accel_0/inst/grp_reconstruction_accel_Pipeline_CONV2_Y_CONV2_X_CONV2_OC_CONV2_KY_CONV2_KX_fu_178/p_ZL13CONV2_WEIGHTS_1_U/q0_reg[7]/C
                            (rising edge-triggered cell FDRE clocked by clk_pl_0  {rise@0.000ns fall@2.500ns period=5.000ns})
  Destination:            neural_reconstruction_bd_i/reconstruction_accel_0/inst/grp_reconstruction_accel_Pipeline_CONV2_Y_CONV2_X_CONV2_OC_CONV2_KY_CONV2_KX_fu_178/mac_muladd_8s_8ns_16s_17_4_1_U106/reconstruction_accel_mac_muladd_8s_8ns_16s_17_4_1_DSP48_0_U/p_reg_reg/DSP_OUTPUT_INST/ALU_OUT[24]
                            (rising edge-triggered cell DSP_OUTPUT clocked by clk_pl_0  {rise@0.000ns fall@2.500ns period=5.000ns})
  Path Group:             clk_pl_0
  Path Type:              Setup (Max at Slow Process Corner)
  Requirement:            5.000ns  (clk_pl_0 rise@5.000ns - clk_pl_0 rise@0.000ns)
  Data Path Delay:        4.889ns  (logic 3.388ns (69.300%)  route 1.501ns (30.700%))
  Logic Levels:           10  (DSP_A_B_DATA=1 DSP_ALU=2 DSP_C_DATA=1 DSP_M_DATA=1 DSP_MULTIPLIER=1 DSP_OUTPUT=1 DSP_PREADD_DATA=1 LUT6=1 MUXF7=1)
  Clock Path Skew:        0.062ns (DCD - SCD + CPR)
    Destination Clock Delay (DCD):    3.006ns = ( 8.006 - 5.000 ) 
    Source Clock Delay      (SCD):    3.183ns
    Clock Pessimism Removal (CPR):    0.239ns
  Clock Uncertainty:      0.129ns  ((TSJ^2 + DJ^2)^1/2) / 2 + PE
    Total System Jitter     (TSJ):    0.071ns
    Discrete Jitter          (DJ):    0.248ns
    Phase Error              (PE):    0.000ns
  Clock Net Delay (Source):      2.916ns (routing 1.584ns, distribution 1.332ns)
  Clock Net Delay (Destination): 2.790ns (routing 1.450ns, distribution 1.340ns)

    Location             Delay type                Incr(ns)  Path(ns)    Netlist Resource(s)
  -------------------------------------------------------------------    -------------------
                         (clock clk_pl_0 rise edge)
                                                      0.000     0.000 r  
    PS8_X0Y0             PS8                          0.000     0.000 r  neural_reconstruction_bd_i/zynq_ultra_ps_e_0/inst/PS8_i/PLCLK[0]
                         net (fo=1, routed)           0.229     0.229    neural_reconstruction_bd_i/zynq_ultra_ps_e_0/inst/pl_clk_unbuffered[0]
    BUFG_PS_X0Y80        BUFG_PS (Prop_BUFG_PS_I_O)
                                                      0.038     0.267 r  neural_reconstruction_bd_i/zynq_ultra_ps_e_0/inst/buffer_pl_clk_0.PL_CLK_0_BUFG/O
    X1Y1 (CLOCK_ROOT)    net (fo=7864, routed)        2.916     3.183    neural_reconstruction_bd_i/reconstruction_accel_0/inst/grp_reconstruction_accel_Pipeline_CONV2_Y_CONV2_X_CONV2_OC_CONV2_KY_CONV2_KX_fu_178/p_ZL13CONV2_WEIGHTS_1_U/ap_clk
    SLICE_X24Y74         FDRE                                         r  neural_reconstruction_bd_i/reconstruction_accel_0/inst/grp_reconstruction_accel_Pipeline_CONV2_Y_CONV2_X_CONV2_OC_CONV2_KY_CONV2_KX_fu_178/p_ZL13CONV2_WEIGHTS_1_U/q0_reg[7]/C
  -------------------------------------------------------------------    -------------------
    SLICE_X24Y74         FDRE (Prop_HFF_SLICEM_C_Q)
                                                      0.114     3.297 f  neural_reconstruction_bd_i/reconstruction_accel_0/inst/grp_reconstruction_accel_Pipeline_CONV2_Y_CONV2_X_CONV2_OC_CONV2_KY_CONV2_KX_fu_178/p_ZL13CONV2_WEIGHTS_1_U/q0_reg[7]/Q
                         net (fo=3, routed)           0.138     3.436    neural_reconstruction_bd_i/reconstruction_accel_0/inst/grp_reconstruction_accel_Pipeline_CONV2_Y_CONV2_X_CONV2_OC_CONV2_KY_CONV2_KX_fu_178/p_ZL13CONV2_WEIGHTS_1_U/q0[7]
    SLICE_X24Y73         LUT6 (Prop_B6LUT_SLICEM_I0_O)
                                                      0.225     3.661 f  neural_reconstruction_bd_i/reconstruction_accel_0/inst/grp_reconstruction_accel_Pipeline_CONV2_Y_CONV2_X_CONV2_OC_CONV2_KY_CONV2_KX_fu_178/p_ZL13CONV2_WEIGHTS_1_U/tmp_product_i_17__3/O
                         net (fo=1, routed)           0.022     3.683    neural_reconstruction_bd_i/reconstruction_accel_0/inst/grp_reconstruction_accel_Pipeline_CONV2_Y_CONV2_X_CONV2_OC_CONV2_KY_CONV2_KX_fu_178/p_ZL13CONV2_WEIGHTS_1_U/tmp_product_i_17__3_n_3
    SLICE_X24Y73         MUXF7 (Prop_F7MUX_AB_SLICEM_I0_O)
                                                      0.102     3.785 f  neural_reconstruction_bd_i/reconstruction_accel_0/inst/grp_reconstruction_accel_Pipeline_CONV2_Y_CONV2_X_CONV2_OC_CONV2_KY_CONV2_KX_fu_178/p_ZL13CONV2_WEIGHTS_1_U/tmp_product_i_1__3/O
                         net (fo=11, routed)          0.395     4.179    neural_reconstruction_bd_i/reconstruction_accel_0/inst/grp_reconstruction_accel_Pipeline_CONV2_Y_CONV2_X_CONV2_OC_CONV2_KY_CONV2_KX_fu_178/mul_8s_8ns_16_1_1_U104/tmp_product/B[15]
    DSP48E2_X6Y30        DSP_A_B_DATA (Prop_DSP_A_B_DATA_DSP48E2_B[15]_B2_DATA[15])
                                                      0.216     4.395 r  neural_reconstruction_bd_i/reconstruction_accel_0/inst/grp_reconstruction_accel_Pipeline_CONV2_Y_CONV2_X_CONV2_OC_CONV2_KY_CONV2_KX_fu_178/mul_8s_8ns_16_1_1_U104/tmp_product/DSP_A_B_DATA_INST/B2_DATA[15]
                         net (fo=1, routed)           0.000     4.395    neural_reconstruction_bd_i/reconstruction_accel_0/inst/grp_reconstruction_accel_Pipeline_CONV2_Y_CONV2_X_CONV2_OC_CONV2_KY_CONV2_KX_fu_178/mul_8s_8ns_16_1_1_U104/tmp_product/DSP_A_B_DATA.B2_DATA<15>
    DSP48E2_X6Y30        DSP_PREADD_DATA (Prop_DSP_PREADD_DATA_DSP48E2_B2_DATA[15]_B2B1[15])
                                                      0.097     4.492 r  neural_reconstruction_bd_i/reconstruction_accel_0/inst/grp_reconstruction_accel_Pipeline_CONV2_Y_CONV2_X_CONV2_OC_CONV2_KY_CONV2_KX_fu_178/mul_8s_8ns_16_1_1_U104/tmp_product/DSP_PREADD_DATA_INST/B2B1[15]
                         net (fo=1, routed)           0.000     4.492    neural_reconstruction_bd_i/reconstruction_accel_0/inst/grp_reconstruction_accel_Pipeline_CONV2_Y_CONV2_X_CONV2_OC_CONV2_KY_CONV2_KX_fu_178/mul_8s_8ns_16_1_1_U104/tmp_product/DSP_PREADD_DATA.B2B1<15>
    DSP48E2_X6Y30        DSP_MULTIPLIER (Prop_DSP_MULTIPLIER_DSP48E2_B2B1[15]_U[15])
                                                      0.773     5.265 f  neural_reconstruction_bd_i/reconstruction_accel_0/inst/grp_reconstruction_accel_Pipeline_CONV2_Y_CONV2_X_CONV2_OC_CONV2_KY_CONV2_KX_fu_178/mul_8s_8ns_16_1_1_U104/tmp_product/DSP_MULTIPLIER_INST/U[15]
                         net (fo=1, routed)           0.000     5.265    neural_reconstruction_bd_i/reconstruction_accel_0/inst/grp_reconstruction_accel_Pipeline_CONV2_Y_CONV2_X_CONV2_OC_CONV2_KY_CONV2_KX_fu_178/mul_8s_8ns_16_1_1_U104/tmp_product/DSP_MULTIPLIER.U<15>
    DSP48E2_X6Y30        DSP_M_DATA (Prop_DSP_M_DATA_DSP48E2_U[15]_U_DATA[15])
                                                      0.067     5.332 r  neural_reconstruction_bd_i/reconstruction_accel_0/inst/grp_reconstruction_accel_Pipeline_CONV2_Y_CONV2_X_CONV2_OC_CONV2_KY_CONV2_KX_fu_178/mul_8s_8ns_16_1_1_U104/tmp_product/DSP_M_DATA_INST/U_DATA[15]
                         net (fo=1, routed)           0.000     5.332    neural_reconstruction_bd_i/reconstruction_accel_0/inst/grp_reconstruction_accel_Pipeline_CONV2_Y_CONV2_X_CONV2_OC_CONV2_KY_CONV2_KX_fu_178/mul_8s_8ns_16_1_1_U104/tmp_product/DSP_M_DATA.U_DATA<15>
    DSP48E2_X6Y30        DSP_ALU (Prop_DSP_ALU_DSP48E2_U_DATA[15]_ALU_OUT[15])
                                                      0.727     6.059 f  neural_reconstruction_bd_i/reconstruction_accel_0/inst/grp_reconstruction_accel_Pipeline_CONV2_Y_CONV2_X_CONV2_OC_CONV2_KY_CONV2_KX_fu_178/mul_8s_8ns_16_1_1_U104/tmp_product/DSP_ALU_INST/ALU_OUT[15]
                         net (fo=1, routed)           0.000     6.059    neural_reconstruction_bd_i/reconstruction_accel_0/inst/grp_reconstruction_accel_Pipeline_CONV2_Y_CONV2_X_CONV2_OC_CONV2_KY_CONV2_KX_fu_178/mul_8s_8ns_16_1_1_U104/tmp_product/DSP_ALU.ALU_OUT<15>
    DSP48E2_X6Y30        DSP_OUTPUT (Prop_DSP_OUTPUT_DSP48E2_ALU_OUT[15]_P[15])
                                                      0.146     6.205 r  neural_reconstruction_bd_i/reconstruction_accel_0/inst/grp_reconstruction_accel_Pipeline_CONV2_Y_CONV2_X_CONV2_OC_CONV2_KY_CONV2_KX_fu_178/mul_8s_8ns_16_1_1_U104/tmp_product/DSP_OUTPUT_INST/P[15]
                         net (fo=33, routed)          0.946     7.151    neural_reconstruction_bd_i/reconstruction_accel_0/inst/grp_reconstruction_accel_Pipeline_CONV2_Y_CONV2_X_CONV2_OC_CONV2_KY_CONV2_KX_fu_178/mac_muladd_8s_8ns_16s_17_4_1_U106/reconstruction_accel_mac_muladd_8s_8ns_16s_17_4_1_DSP48_0_U/p_reg_reg/C[19]
    DSP48E2_X5Y31        DSP_C_DATA (Prop_DSP_C_DATA_DSP48E2_C[19]_C_DATA[19])
                                                      0.135     7.286 r  neural_reconstruction_bd_i/reconstruction_accel_0/inst/grp_reconstruction_accel_Pipeline_CONV2_Y_CONV2_X_CONV2_OC_CONV2_KY_CONV2_KX_fu_178/mac_muladd_8s_8ns_16s_17_4_1_U106/reconstruction_accel_mac_muladd_8s_8ns_16s_17_4_1_DSP48_0_U/p_reg_reg/DSP_C_DATA_INST/C_DATA[19]
                         net (fo=2, routed)           0.000     7.286    neural_reconstruction_bd_i/reconstruction_accel_0/inst/grp_reconstruction_accel_Pipeline_CONV2_Y_CONV2_X_CONV2_OC_CONV2_KY_CONV2_KX_fu_178/mac_muladd_8s_8ns_16s_17_4_1_U106/reconstruction_accel_mac_muladd_8s_8ns_16s_17_4_1_DSP48_0_U/p_reg_reg/DSP_C_DATA.C_DATA<19>
    DSP48E2_X5Y31        DSP_ALU (Prop_DSP_ALU_DSP48E2_C_DATA[19]_ALU_OUT[24])
                                                      0.786     8.072 r  neural_reconstruction_bd_i/reconstruction_accel_0/inst/grp_reconstruction_accel_Pipeline_CONV2_Y_CONV2_X_CONV2_OC_CONV2_KY_CONV2_KX_fu_178/mac_muladd_8s_8ns_16s_17_4_1_U106/reconstruction_accel_mac_muladd_8s_8ns_16s_17_4_1_DSP48_0_U/p_reg_reg/DSP_ALU_INST/ALU_OUT[24]
                         net (fo=1, routed)           0.000     8.072    neural_reconstruction_bd_i/reconstruction_accel_0/inst/grp_reconstruction_accel_Pipeline_CONV2_Y_CONV2_X_CONV2_OC_CONV2_KY_CONV2_KX_fu_178/mac_muladd_8s_8ns_16s_17_4_1_U106/reconstruction_accel_mac_muladd_8s_8ns_16s_17_4_1_DSP48_0_U/p_reg_reg/DSP_ALU.ALU_OUT<24>
    DSP48E2_X5Y31        DSP_OUTPUT                                   r  neural_reconstruction_bd_i/reconstruction_accel_0/inst/grp_reconstruction_accel_Pipeline_CONV2_Y_CONV2_X_CONV2_OC_CONV2_KY_CONV2_KX_fu_178/mac_muladd_8s_8ns_16s_17_4_1_U106/reconstruction_accel_mac_muladd_8s_8ns_16s_17_4_1_DSP48_0_U/p_reg_reg/DSP_OUTPUT_INST/ALU_OUT[24]
  -------------------------------------------------------------------    -------------------

                         (clock clk_pl_0 rise edge)
                                                      5.000     5.000 r  
    PS8_X0Y0             PS8                          0.000     5.000 r  neural_reconstruction_bd_i/zynq_ultra_ps_e_0/inst/PS8_i/PLCLK[0]
                         net (fo=1, routed)           0.181     5.181    neural_reconstruction_bd_i/zynq_ultra_ps_e_0/inst/pl_clk_unbuffered[0]
    BUFG_PS_X0Y80        BUFG_PS (Prop_BUFG_PS_I_O)
                                                      0.035     5.216 r  neural_reconstruction_bd_i/zynq_ultra_ps_e_0/inst/buffer_pl_clk_0.PL_CLK_0_BUFG/O
    X1Y1 (CLOCK_ROOT)    net (fo=7864, routed)        2.790     8.006    neural_reconstruction_bd_i/reconstruction_accel_0/inst/grp_reconstruction_accel_Pipeline_CONV2_Y_CONV2_X_CONV2_OC_CONV2_KY_CONV2_KX_fu_178/mac_muladd_8s_8ns_16s_17_4_1_U106/reconstruction_accel_mac_muladd_8s_8ns_16s_17_4_1_DSP48_0_U/p_reg_reg/CLK
    DSP48E2_X5Y31        DSP_OUTPUT                                   r  neural_reconstruction_bd_i/reconstruction_accel_0/inst/grp_reconstruction_accel_Pipeline_CONV2_Y_CONV2_X_CONV2_OC_CONV2_KY_CONV2_KX_fu_178/mac_muladd_8s_8ns_16s_17_4_1_U106/reconstruction_accel_mac_muladd_8s_8ns_16s_17_4_1_DSP48_0_U/p_reg_reg/DSP_OUTPUT_INST/CLK
                         clock pessimism              0.239     8.245    
                         clock uncertainty           -0.129     8.116    
    DSP48E2_X5Y31        DSP_OUTPUT (Setup_DSP_OUTPUT_DSP48E2_CLK_ALU_OUT[24])
                                                      0.014     8.130    neural_reconstruction_bd_i/reconstruction_accel_0/inst/grp_reconstruction_accel_Pipeline_CONV2_Y_CONV2_X_CONV2_OC_CONV2_KY_CONV2_KX_fu_178/mac_muladd_8s_8ns_16s_17_4_1_U106/reconstruction_accel_mac_muladd_8s_8ns_16s_17_4_1_DSP48_0_U/p_reg_reg/DSP_OUTPUT_INST
  -------------------------------------------------------------------
                         required time                          8.130    
                         arrival time                          -8.072    
  -------------------------------------------------------------------
                         slack                                  0.058    

Slack (MET) :             0.058ns  (required time - arrival time)
  Source:                 neural_reconstruction_bd_i/reconstruction_accel_0/inst/grp_reconstruction_accel_Pipeline_CONV2_Y_CONV2_X_CONV2_OC_CONV2_KY_CONV2_KX_fu_178/p_ZL13CONV2_WEIGHTS_1_U/q0_reg[7]/C
                            (rising edge-triggered cell FDRE clocked by clk_pl_0  {rise@0.000ns fall@2.500ns period=5.000ns})
  Destination:            neural_reconstruction_bd_i/reconstruction_accel_0/inst/grp_reconstruction_accel_Pipeline_CONV2_Y_CONV2_X_CONV2_OC_CONV2_KY_CONV2_KX_fu_178/mac_muladd_8s_8ns_16s_17_4_1_U106/reconstruction_accel_mac_muladd_8s_8ns_16s_17_4_1_DSP48_0_U/p_reg_reg/DSP_OUTPUT_INST/ALU_OUT[25]
                            (rising edge-triggered cell DSP_OUTPUT clocked by clk_pl_0  {rise@0.000ns fall@2.500ns period=5.000ns})
  Path Group:             clk_pl_0
  Path Type:              Setup (Max at Slow Process Corner)
  Requirement:            5.000ns  (clk_pl_0 rise@5.000ns - clk_pl_0 rise@0.000ns)
  Data Path Delay:        4.889ns  (logic 3.388ns (69.300%)  route 1.501ns (30.700%))
  Logic Levels:           10  (DSP_A_B_DATA=1 DSP_ALU=2 DSP_C_DATA=1 DSP_M_DATA=1 DSP_MULTIPLIER=1 DSP_OUTPUT=1 DSP_PREADD_DATA=1 LUT6=1 MUXF7=1)
  Clock Path Skew:        0.062ns (DCD - SCD + CPR)
    Destination Clock Delay (DCD):    3.006ns = ( 8.006 - 5.000 ) 
    Source Clock Delay      (SCD):    3.183ns
    Clock Pessimism Removal (CPR):    0.239ns
  Clock Uncertainty:      0.129ns  ((TSJ^2 + DJ^2)^1/2) / 2 + PE
    Total System Jitter     (TSJ):    0.071ns
    Discrete Jitter          (DJ):    0.248ns
    Phase Error              (PE):    0.000ns
  Clock Net Delay (Source):      2.916ns (routing 1.584ns, distribution 1.332ns)
  Clock Net Delay (Destination): 2.790ns (routing 1.450ns, distribution 1.340ns)

    Location             Delay type                Incr(ns)  Path(ns)    Netlist Resource(s)
  -------------------------------------------------------------------    -------------------
                         (clock clk_pl_0 rise edge)
                                                      0.000     0.000 r  
    PS8_X0Y0             PS8                          0.000     0.000 r  neural_reconstruction_bd_i/zynq_ultra_ps_e_0/inst/PS8_i/PLCLK[0]
                         net (fo=1, routed)           0.229     0.229    neural_reconstruction_bd_i/zynq_ultra_ps_e_0/inst/pl_clk_unbuffered[0]
    BUFG_PS_X0Y80        BUFG_PS (Prop_BUFG_PS_I_O)
                                                      0.038     0.267 r  neural_reconstruction_bd_i/zynq_ultra_ps_e_0/inst/buffer_pl_clk_0.PL_CLK_0_BUFG/O
    X1Y1 (CLOCK_ROOT)    net (fo=7864, routed)        2.916     3.183    neural_reconstruction_bd_i/reconstruction_accel_0/inst/grp_reconstruction_accel_Pipeline_CONV2_Y_CONV2_X_CONV2_OC_CONV2_KY_CONV2_KX_fu_178/p_ZL13CONV2_WEIGHTS_1_U/ap_clk
    SLICE_X24Y74         FDRE                                         r  neural_reconstruction_bd_i/reconstruction_accel_0/inst/grp_reconstruction_accel_Pipeline_CONV2_Y_CONV2_X_CONV2_OC_CONV2_KY_CONV2_KX_fu_178/p_ZL13CONV2_WEIGHTS_1_U/q0_reg[7]/C
  -------------------------------------------------------------------    -------------------
    SLICE_X24Y74         FDRE (Prop_HFF_SLICEM_C_Q)
                                                      0.114     3.297 f  neural_reconstruction_bd_i/reconstruction_accel_0/inst/grp_reconstruction_accel_Pipeline_CONV2_Y_CONV2_X_CONV2_OC_CONV2_KY_CONV2_KX_fu_178/p_ZL13CONV2_WEIGHTS_1_U/q0_reg[7]/Q
                         net (fo=3, routed)           0.138     3.436    neural_reconstruction_bd_i/reconstruction_accel_0/inst/grp_reconstruction_accel_Pipeline_CONV2_Y_CONV2_X_CONV2_OC_CONV2_KY_CONV2_KX_fu_178/p_ZL13CONV2_WEIGHTS_1_U/q0[7]
    SLICE_X24Y73         LUT6 (Prop_B6LUT_SLICEM_I0_O)
                                                      0.225     3.661 f  neural_reconstruction_bd_i/reconstruction_accel_0/inst/grp_reconstruction_accel_Pipeline_CONV2_Y_CONV2_X_CONV2_OC_CONV2_KY_CONV2_KX_fu_178/p_ZL13CONV2_WEIGHTS_1_U/tmp_product_i_17__3/O
                         net (fo=1, routed)           0.022     3.683    neural_reconstruction_bd_i/reconstruction_accel_0/inst/grp_reconstruction_accel_Pipeline_CONV2_Y_CONV2_X_CONV2_OC_CONV2_KY_CONV2_KX_fu_178/p_ZL13CONV2_WEIGHTS_1_U/tmp_product_i_17__3_n_3
    SLICE_X24Y73         MUXF7 (Prop_F7MUX_AB_SLICEM_I0_O)
                                                      0.102     3.785 f  neural_reconstruction_bd_i/reconstruction_accel_0/inst/grp_reconstruction_accel_Pipeline_CONV2_Y_CONV2_X_CONV2_OC_CONV2_KY_CONV2_KX_fu_178/p_ZL13CONV2_WEIGHTS_1_U/tmp_product_i_1__3/O
                         net (fo=11, routed)          0.395     4.179    neural_reconstruction_bd_i/reconstruction_accel_0/inst/grp_reconstruction_accel_Pipeline_CONV2_Y_CONV2_X_CONV2_OC_CONV2_KY_CONV2_KX_fu_178/mul_8s_8ns_16_1_1_U104/tmp_product/B[15]
    DSP48E2_X6Y30        DSP_A_B_DATA (Prop_DSP_A_B_DATA_DSP48E2_B[15]_B2_DATA[15])
                                                      0.216     4.395 r  neural_reconstruction_bd_i/reconstruction_accel_0/inst/grp_reconstruction_accel_Pipeline_CONV2_Y_CONV2_X_CONV2_OC_CONV2_KY_CONV2_KX_fu_178/mul_8s_8ns_16_1_1_U104/tmp_product/DSP_A_B_DATA_INST/B2_DATA[15]
                         net (fo=1, routed)           0.000     4.395    neural_reconstruction_bd_i/reconstruction_accel_0/inst/grp_reconstruction_accel_Pipeline_CONV2_Y_CONV2_X_CONV2_OC_CONV2_KY_CONV2_KX_fu_178/mul_8s_8ns_16_1_1_U104/tmp_product/DSP_A_B_DATA.B2_DATA<15>
    DSP48E2_X6Y30        DSP_PREADD_DATA (Prop_DSP_PREADD_DATA_DSP48E2_B2_DATA[15]_B2B1[15])
                                                      0.097     4.492 r  neural_reconstruction_bd_i/reconstruction_accel_0/inst/grp_reconstruction_accel_Pipeline_CONV2_Y_CONV2_X_CONV2_OC_CONV2_KY_CONV2_KX_fu_178/mul_8s_8ns_16_1_1_U104/tmp_product/DSP_PREADD_DATA_INST/B2B1[15]
                         net (fo=1, routed)           0.000     4.492    neural_reconstruction_bd_i/reconstruction_accel_0/inst/grp_reconstruction_accel_Pipeline_CONV2_Y_CONV2_X_CONV2_OC_CONV2_KY_CONV2_KX_fu_178/mul_8s_8ns_16_1_1_U104/tmp_product/DSP_PREADD_DATA.B2B1<15>
    DSP48E2_X6Y30        DSP_MULTIPLIER (Prop_DSP_MULTIPLIER_DSP48E2_B2B1[15]_U[15])
                                                      0.773     5.265 f  neural_reconstruction_bd_i/reconstruction_accel_0/inst/grp_reconstruction_accel_Pipeline_CONV2_Y_CONV2_X_CONV2_OC_CONV2_KY_CONV2_KX_fu_178/mul_8s_8ns_16_1_1_U104/tmp_product/DSP_MULTIPLIER_INST/U[15]
                         net (fo=1, routed)           0.000     5.265    neural_reconstruction_bd_i/reconstruction_accel_0/inst/grp_reconstruction_accel_Pipeline_CONV2_Y_CONV2_X_CONV2_OC_CONV2_KY_CONV2_KX_fu_178/mul_8s_8ns_16_1_1_U104/tmp_product/DSP_MULTIPLIER.U<15>
    DSP48E2_X6Y30        DSP_M_DATA (Prop_DSP_M_DATA_DSP48E2_U[15]_U_DATA[15])
                                                      0.067     5.332 r  neural_reconstruction_bd_i/reconstruction_accel_0/inst/grp_reconstruction_accel_Pipeline_CONV2_Y_CONV2_X_CONV2_OC_CONV2_KY_CONV2_KX_fu_178/mul_8s_8ns_16_1_1_U104/tmp_product/DSP_M_DATA_INST/U_DATA[15]
                         net (fo=1, routed)           0.000     5.332    neural_reconstruction_bd_i/reconstruction_accel_0/inst/grp_reconstruction_accel_Pipeline_CONV2_Y_CONV2_X_CONV2_OC_CONV2_KY_CONV2_KX_fu_178/mul_8s_8ns_16_1_1_U104/tmp_product/DSP_M_DATA.U_DATA<15>
    DSP48E2_X6Y30        DSP_ALU (Prop_DSP_ALU_DSP48E2_U_DATA[15]_ALU_OUT[15])
                                                      0.727     6.059 f  neural_reconstruction_bd_i/reconstruction_accel_0/inst/grp_reconstruction_accel_Pipeline_CONV2_Y_CONV2_X_CONV2_OC_CONV2_KY_CONV2_KX_fu_178/mul_8s_8ns_16_1_1_U104/tmp_product/DSP_ALU_INST/ALU_OUT[15]
                         net (fo=1, routed)           0.000     6.059    neural_reconstruction_bd_i/reconstruction_accel_0/inst/grp_reconstruction_accel_Pipeline_CONV2_Y_CONV2_X_CONV2_OC_CONV2_KY_CONV2_KX_fu_178/mul_8s_8ns_16_1_1_U104/tmp_product/DSP_ALU.ALU_OUT<15>
    DSP48E2_X6Y30        DSP_OUTPUT (Prop_DSP_OUTPUT_DSP48E2_ALU_OUT[15]_P[15])
                                                      0.146     6.205 r  neural_reconstruction_bd_i/reconstruction_accel_0/inst/grp_reconstruction_accel_Pipeline_CONV2_Y_CONV2_X_CONV2_OC_CONV2_KY_CONV2_KX_fu_178/mul_8s_8ns_16_1_1_U104/tmp_product/DSP_OUTPUT_INST/P[15]
                         net (fo=33, routed)          0.946     7.151    neural_reconstruction_bd_i/reconstruction_accel_0/inst/grp_reconstruction_accel_Pipeline_CONV2_Y_CONV2_X_CONV2_OC_CONV2_KY_CONV2_KX_fu_178/mac_muladd_8s_8ns_16s_17_4_1_U106/reconstruction_accel_mac_muladd_8s_8ns_16s_17_4_1_DSP48_0_U/p_reg_reg/C[19]
    DSP48E2_X5Y31        DSP_C_DATA (Prop_DSP_C_DATA_DSP48E2_C[19]_C_DATA[19])
                                                      0.135     7.286 r  neural_reconstruction_bd_i/reconstruction_accel_0/inst/grp_reconstruction_accel_Pipeline_CONV2_Y_CONV2_X_CONV2_OC_CONV2_KY_CONV2_KX_fu_178/mac_muladd_8s_8ns_16s_17_4_1_U106/reconstruction_accel_mac_muladd_8s_8ns_16s_17_4_1_DSP48_0_U/p_reg_reg/DSP_C_DATA_INST/C_DATA[19]
                         net (fo=2, routed)           0.000     7.286    neural_reconstruction_bd_i/reconstruction_accel_0/inst/grp_reconstruction_accel_Pipeline_CONV2_Y_CONV2_X_CONV2_OC_CONV2_KY_CONV2_KX_fu_178/mac_muladd_8s_8ns_16s_17_4_1_U106/reconstruction_accel_mac_muladd_8s_8ns_16s_17_4_1_DSP48_0_U/p_reg_reg/DSP_C_DATA.C_DATA<19>
    DSP48E2_X5Y31        DSP_ALU (Prop_DSP_ALU_DSP48E2_C_DATA[19]_ALU_OUT[25])
                                                      0.786     8.072 r  neural_reconstruction_bd_i/reconstruction_accel_0/inst/grp_reconstruction_accel_Pipeline_CONV2_Y_CONV2_X_CONV2_OC_CONV2_KY_CONV2_KX_fu_178/mac_muladd_8s_8ns_16s_17_4_1_U106/reconstruction_accel_mac_muladd_8s_8ns_16s_17_4_1_DSP48_0_U/p_reg_reg/DSP_ALU_INST/ALU_OUT[25]
                         net (fo=1, routed)           0.000     8.072    neural_reconstruction_bd_i/reconstruction_accel_0/inst/grp_reconstruction_accel_Pipeline_CONV2_Y_CONV2_X_CONV2_OC_CONV2_KY_CONV2_KX_fu_178/mac_muladd_8s_8ns_16s_17_4_1_U106/reconstruction_accel_mac_muladd_8s_8ns_16s_17_4_1_DSP48_0_U/p_reg_reg/DSP_ALU.ALU_OUT<25>
    DSP48E2_X5Y31        DSP_OUTPUT                                   r  neural_reconstruction_bd_i/reconstruction_accel_0/inst/grp_reconstruction_accel_Pipeline_CONV2_Y_CONV2_X_CONV2_OC_CONV2_KY_CONV2_KX_fu_178/mac_muladd_8s_8ns_16s_17_4_1_U106/reconstruction_accel_mac_muladd_8s_8ns_16s_17_4_1_DSP48_0_U/p_reg_reg/DSP_OUTPUT_INST/ALU_OUT[25]
  -------------------------------------------------------------------    -------------------

                         (clock clk_pl_0 rise edge)
                                                      5.000     5.000 r  
    PS8_X0Y0             PS8                          0.000     5.000 r  neural_reconstruction_bd_i/zynq_ultra_ps_e_0/inst/PS8_i/PLCLK[0]
                         net (fo=1, routed)           0.181     5.181    neural_reconstruction_bd_i/zynq_ultra_ps_e_0/inst/pl_clk_unbuffered[0]
    BUFG_PS_X0Y80        BUFG_PS (Prop_BUFG_PS_I_O)
                                                      0.035     5.216 r  neural_reconstruction_bd_i/zynq_ultra_ps_e_0/inst/buffer_pl_clk_0.PL_CLK_0_BUFG/O
    X1Y1 (CLOCK_ROOT)    net (fo=7864, routed)        2.790     8.006    neural_reconstruction_bd_i/reconstruction_accel_0/inst/grp_reconstruction_accel_Pipeline_CONV2_Y_CONV2_X_CONV2_OC_CONV2_KY_CONV2_KX_fu_178/mac_muladd_8s_8ns_16s_17_4_1_U106/reconstruction_accel_mac_muladd_8s_8ns_16s_17_4_1_DSP48_0_U/p_reg_reg/CLK
    DSP48E2_X5Y31        DSP_OUTPUT                                   r  neural_reconstruction_bd_i/reconstruction_accel_0/inst/grp_reconstruction_accel_Pipeline_CONV2_Y_CONV2_X_CONV2_OC_CONV2_KY_CONV2_KX_fu_178/mac_muladd_8s_8ns_16s_17_4_1_U106/reconstruction_accel_mac_muladd_8s_8ns_16s_17_4_1_DSP48_0_U/p_reg_reg/DSP_OUTPUT_INST/CLK
                         clock pessimism              0.239     8.245    
                         clock uncertainty           -0.129     8.116    
    DSP48E2_X5Y31        DSP_OUTPUT (Setup_DSP_OUTPUT_DSP48E2_CLK_ALU_OUT[25])
                                                      0.014     8.130    neural_reconstruction_bd_i/reconstruction_accel_0/inst/grp_reconstruction_accel_Pipeline_CONV2_Y_CONV2_X_CONV2_OC_CONV2_KY_CONV2_KX_fu_178/mac_muladd_8s_8ns_16s_17_4_1_U106/reconstruction_accel_mac_muladd_8s_8ns_16s_17_4_1_DSP48_0_U/p_reg_reg/DSP_OUTPUT_INST
  -------------------------------------------------------------------
                         required time                          8.130    
                         arrival time                          -8.072    
  -------------------------------------------------------------------
                         slack                                  0.058    

Slack (MET) :             0.058ns  (required time - arrival time)
  Source:                 neural_reconstruction_bd_i/reconstruction_accel_0/inst/grp_reconstruction_accel_Pipeline_CONV2_Y_CONV2_X_CONV2_OC_CONV2_KY_CONV2_KX_fu_178/p_ZL13CONV2_WEIGHTS_1_U/q0_reg[7]/C
                            (rising edge-triggered cell FDRE clocked by clk_pl_0  {rise@0.000ns fall@2.500ns period=5.000ns})
  Destination:            neural_reconstruction_bd_i/reconstruction_accel_0/inst/grp_reconstruction_accel_Pipeline_CONV2_Y_CONV2_X_CONV2_OC_CONV2_KY_CONV2_KX_fu_178/mac_muladd_8s_8ns_16s_17_4_1_U106/reconstruction_accel_mac_muladd_8s_8ns_16s_17_4_1_DSP48_0_U/p_reg_reg/DSP_OUTPUT_INST/ALU_OUT[26]
                            (rising edge-triggered cell DSP_OUTPUT clocked by clk_pl_0  {rise@0.000ns fall@2.500ns period=5.000ns})
  Path Group:             clk_pl_0
  Path Type:              Setup (Max at Slow Process Corner)
  Requirement:            5.000ns  (clk_pl_0 rise@5.000ns - clk_pl_0 rise@0.000ns)
  Data Path Delay:        4.889ns  (logic 3.388ns (69.300%)  route 1.501ns (30.700%))
  Logic Levels:           10  (DSP_A_B_DATA=1 DSP_ALU=2 DSP_C_DATA=1 DSP_M_DATA=1 DSP_MULTIPLIER=1 DSP_OUTPUT=1 DSP_PREADD_DATA=1 LUT6=1 MUXF7=1)
  Clock Path Skew:        0.062ns (DCD - SCD + CPR)
    Destination Clock Delay (DCD):    3.006ns = ( 8.006 - 5.000 ) 
    Source Clock Delay      (SCD):    3.183ns
    Clock Pessimism Removal (CPR):    0.239ns
  Clock Uncertainty:      0.129ns  ((TSJ^2 + DJ^2)^1/2) / 2 + PE
    Total System Jitter     (TSJ):    0.071ns
    Discrete Jitter          (DJ):    0.248ns
    Phase Error              (PE):    0.000ns
  Clock Net Delay (Source):      2.916ns (routing 1.584ns, distribution 1.332ns)
  Clock Net Delay (Destination): 2.790ns (routing 1.450ns, distribution 1.340ns)

    Location             Delay type                Incr(ns)  Path(ns)    Netlist Resource(s)
  -------------------------------------------------------------------    -------------------
                         (clock clk_pl_0 rise edge)
                                                      0.000     0.000 r  
    PS8_X0Y0             PS8                          0.000     0.000 r  neural_reconstruction_bd_i/zynq_ultra_ps_e_0/inst/PS8_i/PLCLK[0]
                         net (fo=1, routed)           0.229     0.229    neural_reconstruction_bd_i/zynq_ultra_ps_e_0/inst/pl_clk_unbuffered[0]
    BUFG_PS_X0Y80        BUFG_PS (Prop_BUFG_PS_I_O)
                                                      0.038     0.267 r  neural_reconstruction_bd_i/zynq_ultra_ps_e_0/inst/buffer_pl_clk_0.PL_CLK_0_BUFG/O
    X1Y1 (CLOCK_ROOT)    net (fo=7864, routed)        2.916     3.183    neural_reconstruction_bd_i/reconstruction_accel_0/inst/grp_reconstruction_accel_Pipeline_CONV2_Y_CONV2_X_CONV2_OC_CONV2_KY_CONV2_KX_fu_178/p_ZL13CONV2_WEIGHTS_1_U/ap_clk
    SLICE_X24Y74         FDRE                                         r  neural_reconstruction_bd_i/reconstruction_accel_0/inst/grp_reconstruction_accel_Pipeline_CONV2_Y_CONV2_X_CONV2_OC_CONV2_KY_CONV2_KX_fu_178/p_ZL13CONV2_WEIGHTS_1_U/q0_reg[7]/C
  -------------------------------------------------------------------    -------------------
    SLICE_X24Y74         FDRE (Prop_HFF_SLICEM_C_Q)
                                                      0.114     3.297 f  neural_reconstruction_bd_i/reconstruction_accel_0/inst/grp_reconstruction_accel_Pipeline_CONV2_Y_CONV2_X_CONV2_OC_CONV2_KY_CONV2_KX_fu_178/p_ZL13CONV2_WEIGHTS_1_U/q0_reg[7]/Q
                         net (fo=3, routed)           0.138     3.436    neural_reconstruction_bd_i/reconstruction_accel_0/inst/grp_reconstruction_accel_Pipeline_CONV2_Y_CONV2_X_CONV2_OC_CONV2_KY_CONV2_KX_fu_178/p_ZL13CONV2_WEIGHTS_1_U/q0[7]
    SLICE_X24Y73         LUT6 (Prop_B6LUT_SLICEM_I0_O)
                                                      0.225     3.661 f  neural_reconstruction_bd_i/reconstruction_accel_0/inst/grp_reconstruction_accel_Pipeline_CONV2_Y_CONV2_X_CONV2_OC_CONV2_KY_CONV2_KX_fu_178/p_ZL13CONV2_WEIGHTS_1_U/tmp_product_i_17__3/O
                         net (fo=1, routed)           0.022     3.683    neural_reconstruction_bd_i/reconstruction_accel_0/inst/grp_reconstruction_accel_Pipeline_CONV2_Y_CONV2_X_CONV2_OC_CONV2_KY_CONV2_KX_fu_178/p_ZL13CONV2_WEIGHTS_1_U/tmp_product_i_17__3_n_3
    SLICE_X24Y73         MUXF7 (Prop_F7MUX_AB_SLICEM_I0_O)
                                                      0.102     3.785 f  neural_reconstruction_bd_i/reconstruction_accel_0/inst/grp_reconstruction_accel_Pipeline_CONV2_Y_CONV2_X_CONV2_OC_CONV2_KY_CONV2_KX_fu_178/p_ZL13CONV2_WEIGHTS_1_U/tmp_product_i_1__3/O
                         net (fo=11, routed)          0.395     4.179    neural_reconstruction_bd_i/reconstruction_accel_0/inst/grp_reconstruction_accel_Pipeline_CONV2_Y_CONV2_X_CONV2_OC_CONV2_KY_CONV2_KX_fu_178/mul_8s_8ns_16_1_1_U104/tmp_product/B[15]
    DSP48E2_X6Y30        DSP_A_B_DATA (Prop_DSP_A_B_DATA_DSP48E2_B[15]_B2_DATA[15])
                                                      0.216     4.395 r  neural_reconstruction_bd_i/reconstruction_accel_0/inst/grp_reconstruction_accel_Pipeline_CONV2_Y_CONV2_X_CONV2_OC_CONV2_KY_CONV2_KX_fu_178/mul_8s_8ns_16_1_1_U104/tmp_product/DSP_A_B_DATA_INST/B2_DATA[15]
                         net (fo=1, routed)           0.000     4.395    neural_reconstruction_bd_i/reconstruction_accel_0/inst/grp_reconstruction_accel_Pipeline_CONV2_Y_CONV2_X_CONV2_OC_CONV2_KY_CONV2_KX_fu_178/mul_8s_8ns_16_1_1_U104/tmp_product/DSP_A_B_DATA.B2_DATA<15>
    DSP48E2_X6Y30        DSP_PREADD_DATA (Prop_DSP_PREADD_DATA_DSP48E2_B2_DATA[15]_B2B1[15])
                                                      0.097     4.492 r  neural_reconstruction_bd_i/reconstruction_accel_0/inst/grp_reconstruction_accel_Pipeline_CONV2_Y_CONV2_X_CONV2_OC_CONV2_KY_CONV2_KX_fu_178/mul_8s_8ns_16_1_1_U104/tmp_product/DSP_PREADD_DATA_INST/B2B1[15]
                         net (fo=1, routed)           0.000     4.492    neural_reconstruction_bd_i/reconstruction_accel_0/inst/grp_reconstruction_accel_Pipeline_CONV2_Y_CONV2_X_CONV2_OC_CONV2_KY_CONV2_KX_fu_178/mul_8s_8ns_16_1_1_U104/tmp_product/DSP_PREADD_DATA.B2B1<15>
    DSP48E2_X6Y30        DSP_MULTIPLIER (Prop_DSP_MULTIPLIER_DSP48E2_B2B1[15]_U[15])
                                                      0.773     5.265 f  neural_reconstruction_bd_i/reconstruction_accel_0/inst/grp_reconstruction_accel_Pipeline_CONV2_Y_CONV2_X_CONV2_OC_CONV2_KY_CONV2_KX_fu_178/mul_8s_8ns_16_1_1_U104/tmp_product/DSP_MULTIPLIER_INST/U[15]
                         net (fo=1, routed)           0.000     5.265    neural_reconstruction_bd_i/reconstruction_accel_0/inst/grp_reconstruction_accel_Pipeline_CONV2_Y_CONV2_X_CONV2_OC_CONV2_KY_CONV2_KX_fu_178/mul_8s_8ns_16_1_1_U104/tmp_product/DSP_MULTIPLIER.U<15>
    DSP48E2_X6Y30        DSP_M_DATA (Prop_DSP_M_DATA_DSP48E2_U[15]_U_DATA[15])
                                                      0.067     5.332 r  neural_reconstruction_bd_i/reconstruction_accel_0/inst/grp_reconstruction_accel_Pipeline_CONV2_Y_CONV2_X_CONV2_OC_CONV2_KY_CONV2_KX_fu_178/mul_8s_8ns_16_1_1_U104/tmp_product/DSP_M_DATA_INST/U_DATA[15]
                         net (fo=1, routed)           0.000     5.332    neural_reconstruction_bd_i/reconstruction_accel_0/inst/grp_reconstruction_accel_Pipeline_CONV2_Y_CONV2_X_CONV2_OC_CONV2_KY_CONV2_KX_fu_178/mul_8s_8ns_16_1_1_U104/tmp_product/DSP_M_DATA.U_DATA<15>
    DSP48E2_X6Y30        DSP_ALU (Prop_DSP_ALU_DSP48E2_U_DATA[15]_ALU_OUT[15])
                                                      0.727     6.059 f  neural_reconstruction_bd_i/reconstruction_accel_0/inst/grp_reconstruction_accel_Pipeline_CONV2_Y_CONV2_X_CONV2_OC_CONV2_KY_CONV2_KX_fu_178/mul_8s_8ns_16_1_1_U104/tmp_product/DSP_ALU_INST/ALU_OUT[15]
                         net (fo=1, routed)           0.000     6.059    neural_reconstruction_bd_i/reconstruction_accel_0/inst/grp_reconstruction_accel_Pipeline_CONV2_Y_CONV2_X_CONV2_OC_CONV2_KY_CONV2_KX_fu_178/mul_8s_8ns_16_1_1_U104/tmp_product/DSP_ALU.ALU_OUT<15>
    DSP48E2_X6Y30        DSP_OUTPUT (Prop_DSP_OUTPUT_DSP48E2_ALU_OUT[15]_P[15])
                                                      0.146     6.205 r  neural_reconstruction_bd_i/reconstruction_accel_0/inst/grp_reconstruction_accel_Pipeline_CONV2_Y_CONV2_X_CONV2_OC_CONV2_KY_CONV2_KX_fu_178/mul_8s_8ns_16_1_1_U104/tmp_product/DSP_OUTPUT_INST/P[15]
                         net (fo=33, routed)          0.946     7.151    neural_reconstruction_bd_i/reconstruction_accel_0/inst/grp_reconstruction_accel_Pipeline_CONV2_Y_CONV2_X_CONV2_OC_CONV2_KY_CONV2_KX_fu_178/mac_muladd_8s_8ns_16s_17_4_1_U106/reconstruction_accel_mac_muladd_8s_8ns_16s_17_4_1_DSP48_0_U/p_reg_reg/C[19]
    DSP48E2_X5Y31        DSP_C_DATA (Prop_DSP_C_DATA_DSP48E2_C[19]_C_DATA[19])
                                                      0.135     7.286 r  neural_reconstruction_bd_i/reconstruction_accel_0/inst/grp_reconstruction_accel_Pipeline_CONV2_Y_CONV2_X_CONV2_OC_CONV2_KY_CONV2_KX_fu_178/mac_muladd_8s_8ns_16s_17_4_1_U106/reconstruction_accel_mac_muladd_8s_8ns_16s_17_4_1_DSP48_0_U/p_reg_reg/DSP_C_DATA_INST/C_DATA[19]
                         net (fo=2, routed)           0.000     7.286    neural_reconstruction_bd_i/reconstruction_accel_0/inst/grp_reconstruction_accel_Pipeline_CONV2_Y_CONV2_X_CONV2_OC_CONV2_KY_CONV2_KX_fu_178/mac_muladd_8s_8ns_16s_17_4_1_U106/reconstruction_accel_mac_muladd_8s_8ns_16s_17_4_1_DSP48_0_U/p_reg_reg/DSP_C_DATA.C_DATA<19>
    DSP48E2_X5Y31        DSP_ALU (Prop_DSP_ALU_DSP48E2_C_DATA[19]_ALU_OUT[26])
                                                      0.786     8.072 r  neural_reconstruction_bd_i/reconstruction_accel_0/inst/grp_reconstruction_accel_Pipeline_CONV2_Y_CONV2_X_CONV2_OC_CONV2_KY_CONV2_KX_fu_178/mac_muladd_8s_8ns_16s_17_4_1_U106/reconstruction_accel_mac_muladd_8s_8ns_16s_17_4_1_DSP48_0_U/p_reg_reg/DSP_ALU_INST/ALU_OUT[26]
                         net (fo=1, routed)           0.000     8.072    neural_reconstruction_bd_i/reconstruction_accel_0/inst/grp_reconstruction_accel_Pipeline_CONV2_Y_CONV2_X_CONV2_OC_CONV2_KY_CONV2_KX_fu_178/mac_muladd_8s_8ns_16s_17_4_1_U106/reconstruction_accel_mac_muladd_8s_8ns_16s_17_4_1_DSP48_0_U/p_reg_reg/DSP_ALU.ALU_OUT<26>
    DSP48E2_X5Y31        DSP_OUTPUT                                   r  neural_reconstruction_bd_i/reconstruction_accel_0/inst/grp_reconstruction_accel_Pipeline_CONV2_Y_CONV2_X_CONV2_OC_CONV2_KY_CONV2_KX_fu_178/mac_muladd_8s_8ns_16s_17_4_1_U106/reconstruction_accel_mac_muladd_8s_8ns_16s_17_4_1_DSP48_0_U/p_reg_reg/DSP_OUTPUT_INST/ALU_OUT[26]
  -------------------------------------------------------------------    -------------------

                         (clock clk_pl_0 rise edge)
                                                      5.000     5.000 r  
    PS8_X0Y0             PS8                          0.000     5.000 r  neural_reconstruction_bd_i/zynq_ultra_ps_e_0/inst/PS8_i/PLCLK[0]
                         net (fo=1, routed)           0.181     5.181    neural_reconstruction_bd_i/zynq_ultra_ps_e_0/inst/pl_clk_unbuffered[0]
    BUFG_PS_X0Y80        BUFG_PS (Prop_BUFG_PS_I_O)
                                                      0.035     5.216 r  neural_reconstruction_bd_i/zynq_ultra_ps_e_0/inst/buffer_pl_clk_0.PL_CLK_0_BUFG/O
    X1Y1 (CLOCK_ROOT)    net (fo=7864, routed)        2.790     8.006    neural_reconstruction_bd_i/reconstruction_accel_0/inst/grp_reconstruction_accel_Pipeline_CONV2_Y_CONV2_X_CONV2_OC_CONV2_KY_CONV2_KX_fu_178/mac_muladd_8s_8ns_16s_17_4_1_U106/reconstruction_accel_mac_muladd_8s_8ns_16s_17_4_1_DSP48_0_U/p_reg_reg/CLK
    DSP48E2_X5Y31        DSP_OUTPUT                                   r  neural_reconstruction_bd_i/reconstruction_accel_0/inst/grp_reconstruction_accel_Pipeline_CONV2_Y_CONV2_X_CONV2_OC_CONV2_KY_CONV2_KX_fu_178/mac_muladd_8s_8ns_16s_17_4_1_U106/reconstruction_accel_mac_muladd_8s_8ns_16s_17_4_1_DSP48_0_U/p_reg_reg/DSP_OUTPUT_INST/CLK
                         clock pessimism              0.239     8.245    
                         clock uncertainty           -0.129     8.116    
    DSP48E2_X5Y31        DSP_OUTPUT (Setup_DSP_OUTPUT_DSP48E2_CLK_ALU_OUT[26])
                                                      0.014     8.130    neural_reconstruction_bd_i/reconstruction_accel_0/inst/grp_reconstruction_accel_Pipeline_CONV2_Y_CONV2_X_CONV2_OC_CONV2_KY_CONV2_KX_fu_178/mac_muladd_8s_8ns_16s_17_4_1_U106/reconstruction_accel_mac_muladd_8s_8ns_16s_17_4_1_DSP48_0_U/p_reg_reg/DSP_OUTPUT_INST
  -------------------------------------------------------------------
                         required time                          8.130    
                         arrival time                          -8.072    
  -------------------------------------------------------------------
                         slack                                  0.058    

Slack (MET) :             0.058ns  (required time - arrival time)
  Source:                 neural_reconstruction_bd_i/reconstruction_accel_0/inst/grp_reconstruction_accel_Pipeline_CONV2_Y_CONV2_X_CONV2_OC_CONV2_KY_CONV2_KX_fu_178/p_ZL13CONV2_WEIGHTS_1_U/q0_reg[7]/C
                            (rising edge-triggered cell FDRE clocked by clk_pl_0  {rise@0.000ns fall@2.500ns period=5.000ns})
  Destination:            neural_reconstruction_bd_i/reconstruction_accel_0/inst/grp_reconstruction_accel_Pipeline_CONV2_Y_CONV2_X_CONV2_OC_CONV2_KY_CONV2_KX_fu_178/mac_muladd_8s_8ns_16s_17_4_1_U106/reconstruction_accel_mac_muladd_8s_8ns_16s_17_4_1_DSP48_0_U/p_reg_reg/DSP_OUTPUT_INST/ALU_OUT[27]
                            (rising edge-triggered cell DSP_OUTPUT clocked by clk_pl_0  {rise@0.000ns fall@2.500ns period=5.000ns})
  Path Group:             clk_pl_0
  Path Type:              Setup (Max at Slow Process Corner)
  Requirement:            5.000ns  (clk_pl_0 rise@5.000ns - clk_pl_0 rise@0.000ns)
  Data Path Delay:        4.889ns  (logic 3.388ns (69.300%)  route 1.501ns (30.700%))
  Logic Levels:           10  (DSP_A_B_DATA=1 DSP_ALU=2 DSP_C_DATA=1 DSP_M_DATA=1 DSP_MULTIPLIER=1 DSP_OUTPUT=1 DSP_PREADD_DATA=1 LUT6=1 MUXF7=1)
  Clock Path Skew:        0.062ns (DCD - SCD + CPR)
    Destination Clock Delay (DCD):    3.006ns = ( 8.006 - 5.000 ) 
    Source Clock Delay      (SCD):    3.183ns
    Clock Pessimism Removal (CPR):    0.239ns
  Clock Uncertainty:      0.129ns  ((TSJ^2 + DJ^2)^1/2) / 2 + PE
    Total System Jitter     (TSJ):    0.071ns
    Discrete Jitter          (DJ):    0.248ns
    Phase Error              (PE):    0.000ns
  Clock Net Delay (Source):      2.916ns (routing 1.584ns, distribution 1.332ns)
  Clock Net Delay (Destination): 2.790ns (routing 1.450ns, distribution 1.340ns)

    Location             Delay type                Incr(ns)  Path(ns)    Netlist Resource(s)
  -------------------------------------------------------------------    -------------------
                         (clock clk_pl_0 rise edge)
                                                      0.000     0.000 r  
    PS8_X0Y0             PS8                          0.000     0.000 r  neural_reconstruction_bd_i/zynq_ultra_ps_e_0/inst/PS8_i/PLCLK[0]
                         net (fo=1, routed)           0.229     0.229    neural_reconstruction_bd_i/zynq_ultra_ps_e_0/inst/pl_clk_unbuffered[0]
    BUFG_PS_X0Y80        BUFG_PS (Prop_BUFG_PS_I_O)
                                                      0.038     0.267 r  neural_reconstruction_bd_i/zynq_ultra_ps_e_0/inst/buffer_pl_clk_0.PL_CLK_0_BUFG/O
    X1Y1 (CLOCK_ROOT)    net (fo=7864, routed)        2.916     3.183    neural_reconstruction_bd_i/reconstruction_accel_0/inst/grp_reconstruction_accel_Pipeline_CONV2_Y_CONV2_X_CONV2_OC_CONV2_KY_CONV2_KX_fu_178/p_ZL13CONV2_WEIGHTS_1_U/ap_clk
    SLICE_X24Y74         FDRE                                         r  neural_reconstruction_bd_i/reconstruction_accel_0/inst/grp_reconstruction_accel_Pipeline_CONV2_Y_CONV2_X_CONV2_OC_CONV2_KY_CONV2_KX_fu_178/p_ZL13CONV2_WEIGHTS_1_U/q0_reg[7]/C
  -------------------------------------------------------------------    -------------------
    SLICE_X24Y74         FDRE (Prop_HFF_SLICEM_C_Q)
                                                      0.114     3.297 f  neural_reconstruction_bd_i/reconstruction_accel_0/inst/grp_reconstruction_accel_Pipeline_CONV2_Y_CONV2_X_CONV2_OC_CONV2_KY_CONV2_KX_fu_178/p_ZL13CONV2_WEIGHTS_1_U/q0_reg[7]/Q
                         net (fo=3, routed)           0.138     3.436    neural_reconstruction_bd_i/reconstruction_accel_0/inst/grp_reconstruction_accel_Pipeline_CONV2_Y_CONV2_X_CONV2_OC_CONV2_KY_CONV2_KX_fu_178/p_ZL13CONV2_WEIGHTS_1_U/q0[7]
    SLICE_X24Y73         LUT6 (Prop_B6LUT_SLICEM_I0_O)
                                                      0.225     3.661 f  neural_reconstruction_bd_i/reconstruction_accel_0/inst/grp_reconstruction_accel_Pipeline_CONV2_Y_CONV2_X_CONV2_OC_CONV2_KY_CONV2_KX_fu_178/p_ZL13CONV2_WEIGHTS_1_U/tmp_product_i_17__3/O
                         net (fo=1, routed)           0.022     3.683    neural_reconstruction_bd_i/reconstruction_accel_0/inst/grp_reconstruction_accel_Pipeline_CONV2_Y_CONV2_X_CONV2_OC_CONV2_KY_CONV2_KX_fu_178/p_ZL13CONV2_WEIGHTS_1_U/tmp_product_i_17__3_n_3
    SLICE_X24Y73         MUXF7 (Prop_F7MUX_AB_SLICEM_I0_O)
                                                      0.102     3.785 f  neural_reconstruction_bd_i/reconstruction_accel_0/inst/grp_reconstruction_accel_Pipeline_CONV2_Y_CONV2_X_CONV2_OC_CONV2_KY_CONV2_KX_fu_178/p_ZL13CONV2_WEIGHTS_1_U/tmp_product_i_1__3/O
                         net (fo=11, routed)          0.395     4.179    neural_reconstruction_bd_i/reconstruction_accel_0/inst/grp_reconstruction_accel_Pipeline_CONV2_Y_CONV2_X_CONV2_OC_CONV2_KY_CONV2_KX_fu_178/mul_8s_8ns_16_1_1_U104/tmp_product/B[15]
    DSP48E2_X6Y30        DSP_A_B_DATA (Prop_DSP_A_B_DATA_DSP48E2_B[15]_B2_DATA[15])
                                                      0.216     4.395 r  neural_reconstruction_bd_i/reconstruction_accel_0/inst/grp_reconstruction_accel_Pipeline_CONV2_Y_CONV2_X_CONV2_OC_CONV2_KY_CONV2_KX_fu_178/mul_8s_8ns_16_1_1_U104/tmp_product/DSP_A_B_DATA_INST/B2_DATA[15]
                         net (fo=1, routed)           0.000     4.395    neural_reconstruction_bd_i/reconstruction_accel_0/inst/grp_reconstruction_accel_Pipeline_CONV2_Y_CONV2_X_CONV2_OC_CONV2_KY_CONV2_KX_fu_178/mul_8s_8ns_16_1_1_U104/tmp_product/DSP_A_B_DATA.B2_DATA<15>
    DSP48E2_X6Y30        DSP_PREADD_DATA (Prop_DSP_PREADD_DATA_DSP48E2_B2_DATA[15]_B2B1[15])
                                                      0.097     4.492 r  neural_reconstruction_bd_i/reconstruction_accel_0/inst/grp_reconstruction_accel_Pipeline_CONV2_Y_CONV2_X_CONV2_OC_CONV2_KY_CONV2_KX_fu_178/mul_8s_8ns_16_1_1_U104/tmp_product/DSP_PREADD_DATA_INST/B2B1[15]
                         net (fo=1, routed)           0.000     4.492    neural_reconstruction_bd_i/reconstruction_accel_0/inst/grp_reconstruction_accel_Pipeline_CONV2_Y_CONV2_X_CONV2_OC_CONV2_KY_CONV2_KX_fu_178/mul_8s_8ns_16_1_1_U104/tmp_product/DSP_PREADD_DATA.B2B1<15>
    DSP48E2_X6Y30        DSP_MULTIPLIER (Prop_DSP_MULTIPLIER_DSP48E2_B2B1[15]_U[15])
                                                      0.773     5.265 f  neural_reconstruction_bd_i/reconstruction_accel_0/inst/grp_reconstruction_accel_Pipeline_CONV2_Y_CONV2_X_CONV2_OC_CONV2_KY_CONV2_KX_fu_178/mul_8s_8ns_16_1_1_U104/tmp_product/DSP_MULTIPLIER_INST/U[15]
                         net (fo=1, routed)           0.000     5.265    neural_reconstruction_bd_i/reconstruction_accel_0/inst/grp_reconstruction_accel_Pipeline_CONV2_Y_CONV2_X_CONV2_OC_CONV2_KY_CONV2_KX_fu_178/mul_8s_8ns_16_1_1_U104/tmp_product/DSP_MULTIPLIER.U<15>
    DSP48E2_X6Y30        DSP_M_DATA (Prop_DSP_M_DATA_DSP48E2_U[15]_U_DATA[15])
                                                      0.067     5.332 r  neural_reconstruction_bd_i/reconstruction_accel_0/inst/grp_reconstruction_accel_Pipeline_CONV2_Y_CONV2_X_CONV2_OC_CONV2_KY_CONV2_KX_fu_178/mul_8s_8ns_16_1_1_U104/tmp_product/DSP_M_DATA_INST/U_DATA[15]
                         net (fo=1, routed)           0.000     5.332    neural_reconstruction_bd_i/reconstruction_accel_0/inst/grp_reconstruction_accel_Pipeline_CONV2_Y_CONV2_X_CONV2_OC_CONV2_KY_CONV2_KX_fu_178/mul_8s_8ns_16_1_1_U104/tmp_product/DSP_M_DATA.U_DATA<15>
    DSP48E2_X6Y30        DSP_ALU (Prop_DSP_ALU_DSP48E2_U_DATA[15]_ALU_OUT[15])
                                                      0.727     6.059 f  neural_reconstruction_bd_i/reconstruction_accel_0/inst/grp_reconstruction_accel_Pipeline_CONV2_Y_CONV2_X_CONV2_OC_CONV2_KY_CONV2_KX_fu_178/mul_8s_8ns_16_1_1_U104/tmp_product/DSP_ALU_INST/ALU_OUT[15]
                         net (fo=1, routed)           0.000     6.059    neural_reconstruction_bd_i/reconstruction_accel_0/inst/grp_reconstruction_accel_Pipeline_CONV2_Y_CONV2_X_CONV2_OC_CONV2_KY_CONV2_KX_fu_178/mul_8s_8ns_16_1_1_U104/tmp_product/DSP_ALU.ALU_OUT<15>
    DSP48E2_X6Y30        DSP_OUTPUT (Prop_DSP_OUTPUT_DSP48E2_ALU_OUT[15]_P[15])
                                                      0.146     6.205 r  neural_reconstruction_bd_i/reconstruction_accel_0/inst/grp_reconstruction_accel_Pipeline_CONV2_Y_CONV2_X_CONV2_OC_CONV2_KY_CONV2_KX_fu_178/mul_8s_8ns_16_1_1_U104/tmp_product/DSP_OUTPUT_INST/P[15]
                         net (fo=33, routed)          0.946     7.151    neural_reconstruction_bd_i/reconstruction_accel_0/inst/grp_reconstruction_accel_Pipeline_CONV2_Y_CONV2_X_CONV2_OC_CONV2_KY_CONV2_KX_fu_178/mac_muladd_8s_8ns_16s_17_4_1_U106/reconstruction_accel_mac_muladd_8s_8ns_16s_17_4_1_DSP48_0_U/p_reg_reg/C[19]
    DSP48E2_X5Y31        DSP_C_DATA (Prop_DSP_C_DATA_DSP48E2_C[19]_C_DATA[19])
                                                      0.135     7.286 r  neural_reconstruction_bd_i/reconstruction_accel_0/inst/grp_reconstruction_accel_Pipeline_CONV2_Y_CONV2_X_CONV2_OC_CONV2_KY_CONV2_KX_fu_178/mac_muladd_8s_8ns_16s_17_4_1_U106/reconstruction_accel_mac_muladd_8s_8ns_16s_17_4_1_DSP48_0_U/p_reg_reg/DSP_C_DATA_INST/C_DATA[19]
                         net (fo=2, routed)           0.000     7.286    neural_reconstruction_bd_i/reconstruction_accel_0/inst/grp_reconstruction_accel_Pipeline_CONV2_Y_CONV2_X_CONV2_OC_CONV2_KY_CONV2_KX_fu_178/mac_muladd_8s_8ns_16s_17_4_1_U106/reconstruction_accel_mac_muladd_8s_8ns_16s_17_4_1_DSP48_0_U/p_reg_reg/DSP_C_DATA.C_DATA<19>
    DSP48E2_X5Y31        DSP_ALU (Prop_DSP_ALU_DSP48E2_C_DATA[19]_ALU_OUT[27])
                                                      0.786     8.072 r  neural_reconstruction_bd_i/reconstruction_accel_0/inst/grp_reconstruction_accel_Pipeline_CONV2_Y_CONV2_X_CONV2_OC_CONV2_KY_CONV2_KX_fu_178/mac_muladd_8s_8ns_16s_17_4_1_U106/reconstruction_accel_mac_muladd_8s_8ns_16s_17_4_1_DSP48_0_U/p_reg_reg/DSP_ALU_INST/ALU_OUT[27]
                         net (fo=1, routed)           0.000     8.072    neural_reconstruction_bd_i/reconstruction_accel_0/inst/grp_reconstruction_accel_Pipeline_CONV2_Y_CONV2_X_CONV2_OC_CONV2_KY_CONV2_KX_fu_178/mac_muladd_8s_8ns_16s_17_4_1_U106/reconstruction_accel_mac_muladd_8s_8ns_16s_17_4_1_DSP48_0_U/p_reg_reg/DSP_ALU.ALU_OUT<27>
    DSP48E2_X5Y31        DSP_OUTPUT                                   r  neural_reconstruction_bd_i/reconstruction_accel_0/inst/grp_reconstruction_accel_Pipeline_CONV2_Y_CONV2_X_CONV2_OC_CONV2_KY_CONV2_KX_fu_178/mac_muladd_8s_8ns_16s_17_4_1_U106/reconstruction_accel_mac_muladd_8s_8ns_16s_17_4_1_DSP48_0_U/p_reg_reg/DSP_OUTPUT_INST/ALU_OUT[27]
  -------------------------------------------------------------------    -------------------

                         (clock clk_pl_0 rise edge)
                                                      5.000     5.000 r  
    PS8_X0Y0             PS8                          0.000     5.000 r  neural_reconstruction_bd_i/zynq_ultra_ps_e_0/inst/PS8_i/PLCLK[0]
                         net (fo=1, routed)           0.181     5.181    neural_reconstruction_bd_i/zynq_ultra_ps_e_0/inst/pl_clk_unbuffered[0]
    BUFG_PS_X0Y80        BUFG_PS (Prop_BUFG_PS_I_O)
                                                      0.035     5.216 r  neural_reconstruction_bd_i/zynq_ultra_ps_e_0/inst/buffer_pl_clk_0.PL_CLK_0_BUFG/O
    X1Y1 (CLOCK_ROOT)    net (fo=7864, routed)        2.790     8.006    neural_reconstruction_bd_i/reconstruction_accel_0/inst/grp_reconstruction_accel_Pipeline_CONV2_Y_CONV2_X_CONV2_OC_CONV2_KY_CONV2_KX_fu_178/mac_muladd_8s_8ns_16s_17_4_1_U106/reconstruction_accel_mac_muladd_8s_8ns_16s_17_4_1_DSP48_0_U/p_reg_reg/CLK
    DSP48E2_X5Y31        DSP_OUTPUT                                   r  neural_reconstruction_bd_i/reconstruction_accel_0/inst/grp_reconstruction_accel_Pipeline_CONV2_Y_CONV2_X_CONV2_OC_CONV2_KY_CONV2_KX_fu_178/mac_muladd_8s_8ns_16s_17_4_1_U106/reconstruction_accel_mac_muladd_8s_8ns_16s_17_4_1_DSP48_0_U/p_reg_reg/DSP_OUTPUT_INST/CLK
                         clock pessimism              0.239     8.245    
                         clock uncertainty           -0.129     8.116    
    DSP48E2_X5Y31        DSP_OUTPUT (Setup_DSP_OUTPUT_DSP48E2_CLK_ALU_OUT[27])
                                                      0.014     8.130    neural_reconstruction_bd_i/reconstruction_accel_0/inst/grp_reconstruction_accel_Pipeline_CONV2_Y_CONV2_X_CONV2_OC_CONV2_KY_CONV2_KX_fu_178/mac_muladd_8s_8ns_16s_17_4_1_U106/reconstruction_accel_mac_muladd_8s_8ns_16s_17_4_1_DSP48_0_U/p_reg_reg/DSP_OUTPUT_INST
  -------------------------------------------------------------------
                         required time                          8.130    
                         arrival time                          -8.072    
  -------------------------------------------------------------------
                         slack                                  0.058    

Slack (MET) :             0.058ns  (required time - arrival time)
  Source:                 neural_reconstruction_bd_i/reconstruction_accel_0/inst/grp_reconstruction_accel_Pipeline_CONV2_Y_CONV2_X_CONV2_OC_CONV2_KY_CONV2_KX_fu_178/p_ZL13CONV2_WEIGHTS_1_U/q0_reg[7]/C
                            (rising edge-triggered cell FDRE clocked by clk_pl_0  {rise@0.000ns fall@2.500ns period=5.000ns})
  Destination:            neural_reconstruction_bd_i/reconstruction_accel_0/inst/grp_reconstruction_accel_Pipeline_CONV2_Y_CONV2_X_CONV2_OC_CONV2_KY_CONV2_KX_fu_178/mac_muladd_8s_8ns_16s_17_4_1_U106/reconstruction_accel_mac_muladd_8s_8ns_16s_17_4_1_DSP48_0_U/p_reg_reg/DSP_OUTPUT_INST/ALU_OUT[28]
                            (rising edge-triggered cell DSP_OUTPUT clocked by clk_pl_0  {rise@0.000ns fall@2.500ns period=5.000ns})
  Path Group:             clk_pl_0
  Path Type:              Setup (Max at Slow Process Corner)
  Requirement:            5.000ns  (clk_pl_0 rise@5.000ns - clk_pl_0 rise@0.000ns)
  Data Path Delay:        4.889ns  (logic 3.388ns (69.300%)  route 1.501ns (30.700%))
  Logic Levels:           10  (DSP_A_B_DATA=1 DSP_ALU=2 DSP_C_DATA=1 DSP_M_DATA=1 DSP_MULTIPLIER=1 DSP_OUTPUT=1 DSP_PREADD_DATA=1 LUT6=1 MUXF7=1)
  Clock Path Skew:        0.062ns (DCD - SCD + CPR)
    Destination Clock Delay (DCD):    3.006ns = ( 8.006 - 5.000 ) 
    Source Clock Delay      (SCD):    3.183ns
    Clock Pessimism Removal (CPR):    0.239ns
  Clock Uncertainty:      0.129ns  ((TSJ^2 + DJ^2)^1/2) / 2 + PE
    Total System Jitter     (TSJ):    0.071ns
    Discrete Jitter          (DJ):    0.248ns
    Phase Error              (PE):    0.000ns
  Clock Net Delay (Source):      2.916ns (routing 1.584ns, distribution 1.332ns)
  Clock Net Delay (Destination): 2.790ns (routing 1.450ns, distribution 1.340ns)

    Location             Delay type                Incr(ns)  Path(ns)    Netlist Resource(s)
  -------------------------------------------------------------------    -------------------
                         (clock clk_pl_0 rise edge)
                                                      0.000     0.000 r  
    PS8_X0Y0             PS8                          0.000     0.000 r  neural_reconstruction_bd_i/zynq_ultra_ps_e_0/inst/PS8_i/PLCLK[0]
                         net (fo=1, routed)           0.229     0.229    neural_reconstruction_bd_i/zynq_ultra_ps_e_0/inst/pl_clk_unbuffered[0]
    BUFG_PS_X0Y80        BUFG_PS (Prop_BUFG_PS_I_O)
                                                      0.038     0.267 r  neural_reconstruction_bd_i/zynq_ultra_ps_e_0/inst/buffer_pl_clk_0.PL_CLK_0_BUFG/O
    X1Y1 (CLOCK_ROOT)    net (fo=7864, routed)        2.916     3.183    neural_reconstruction_bd_i/reconstruction_accel_0/inst/grp_reconstruction_accel_Pipeline_CONV2_Y_CONV2_X_CONV2_OC_CONV2_KY_CONV2_KX_fu_178/p_ZL13CONV2_WEIGHTS_1_U/ap_clk
    SLICE_X24Y74         FDRE                                         r  neural_reconstruction_bd_i/reconstruction_accel_0/inst/grp_reconstruction_accel_Pipeline_CONV2_Y_CONV2_X_CONV2_OC_CONV2_KY_CONV2_KX_fu_178/p_ZL13CONV2_WEIGHTS_1_U/q0_reg[7]/C
  -------------------------------------------------------------------    -------------------
    SLICE_X24Y74         FDRE (Prop_HFF_SLICEM_C_Q)
                                                      0.114     3.297 f  neural_reconstruction_bd_i/reconstruction_accel_0/inst/grp_reconstruction_accel_Pipeline_CONV2_Y_CONV2_X_CONV2_OC_CONV2_KY_CONV2_KX_fu_178/p_ZL13CONV2_WEIGHTS_1_U/q0_reg[7]/Q
                         net (fo=3, routed)           0.138     3.436    neural_reconstruction_bd_i/reconstruction_accel_0/inst/grp_reconstruction_accel_Pipeline_CONV2_Y_CONV2_X_CONV2_OC_CONV2_KY_CONV2_KX_fu_178/p_ZL13CONV2_WEIGHTS_1_U/q0[7]
    SLICE_X24Y73         LUT6 (Prop_B6LUT_SLICEM_I0_O)
                                                      0.225     3.661 f  neural_reconstruction_bd_i/reconstruction_accel_0/inst/grp_reconstruction_accel_Pipeline_CONV2_Y_CONV2_X_CONV2_OC_CONV2_KY_CONV2_KX_fu_178/p_ZL13CONV2_WEIGHTS_1_U/tmp_product_i_17__3/O
                         net (fo=1, routed)           0.022     3.683    neural_reconstruction_bd_i/reconstruction_accel_0/inst/grp_reconstruction_accel_Pipeline_CONV2_Y_CONV2_X_CONV2_OC_CONV2_KY_CONV2_KX_fu_178/p_ZL13CONV2_WEIGHTS_1_U/tmp_product_i_17__3_n_3
    SLICE_X24Y73         MUXF7 (Prop_F7MUX_AB_SLICEM_I0_O)
                                                      0.102     3.785 f  neural_reconstruction_bd_i/reconstruction_accel_0/inst/grp_reconstruction_accel_Pipeline_CONV2_Y_CONV2_X_CONV2_OC_CONV2_KY_CONV2_KX_fu_178/p_ZL13CONV2_WEIGHTS_1_U/tmp_product_i_1__3/O
                         net (fo=11, routed)          0.395     4.179    neural_reconstruction_bd_i/reconstruction_accel_0/inst/grp_reconstruction_accel_Pipeline_CONV2_Y_CONV2_X_CONV2_OC_CONV2_KY_CONV2_KX_fu_178/mul_8s_8ns_16_1_1_U104/tmp_product/B[15]
    DSP48E2_X6Y30        DSP_A_B_DATA (Prop_DSP_A_B_DATA_DSP48E2_B[15]_B2_DATA[15])
                                                      0.216     4.395 r  neural_reconstruction_bd_i/reconstruction_accel_0/inst/grp_reconstruction_accel_Pipeline_CONV2_Y_CONV2_X_CONV2_OC_CONV2_KY_CONV2_KX_fu_178/mul_8s_8ns_16_1_1_U104/tmp_product/DSP_A_B_DATA_INST/B2_DATA[15]
                         net (fo=1, routed)           0.000     4.395    neural_reconstruction_bd_i/reconstruction_accel_0/inst/grp_reconstruction_accel_Pipeline_CONV2_Y_CONV2_X_CONV2_OC_CONV2_KY_CONV2_KX_fu_178/mul_8s_8ns_16_1_1_U104/tmp_product/DSP_A_B_DATA.B2_DATA<15>
    DSP48E2_X6Y30        DSP_PREADD_DATA (Prop_DSP_PREADD_DATA_DSP48E2_B2_DATA[15]_B2B1[15])
                                                      0.097     4.492 r  neural_reconstruction_bd_i/reconstruction_accel_0/inst/grp_reconstruction_accel_Pipeline_CONV2_Y_CONV2_X_CONV2_OC_CONV2_KY_CONV2_KX_fu_178/mul_8s_8ns_16_1_1_U104/tmp_product/DSP_PREADD_DATA_INST/B2B1[15]
                         net (fo=1, routed)           0.000     4.492    neural_reconstruction_bd_i/reconstruction_accel_0/inst/grp_reconstruction_accel_Pipeline_CONV2_Y_CONV2_X_CONV2_OC_CONV2_KY_CONV2_KX_fu_178/mul_8s_8ns_16_1_1_U104/tmp_product/DSP_PREADD_DATA.B2B1<15>
    DSP48E2_X6Y30        DSP_MULTIPLIER (Prop_DSP_MULTIPLIER_DSP48E2_B2B1[15]_U[15])
                                                      0.773     5.265 f  neural_reconstruction_bd_i/reconstruction_accel_0/inst/grp_reconstruction_accel_Pipeline_CONV2_Y_CONV2_X_CONV2_OC_CONV2_KY_CONV2_KX_fu_178/mul_8s_8ns_16_1_1_U104/tmp_product/DSP_MULTIPLIER_INST/U[15]
                         net (fo=1, routed)           0.000     5.265    neural_reconstruction_bd_i/reconstruction_accel_0/inst/grp_reconstruction_accel_Pipeline_CONV2_Y_CONV2_X_CONV2_OC_CONV2_KY_CONV2_KX_fu_178/mul_8s_8ns_16_1_1_U104/tmp_product/DSP_MULTIPLIER.U<15>
    DSP48E2_X6Y30        DSP_M_DATA (Prop_DSP_M_DATA_DSP48E2_U[15]_U_DATA[15])
                                                      0.067     5.332 r  neural_reconstruction_bd_i/reconstruction_accel_0/inst/grp_reconstruction_accel_Pipeline_CONV2_Y_CONV2_X_CONV2_OC_CONV2_KY_CONV2_KX_fu_178/mul_8s_8ns_16_1_1_U104/tmp_product/DSP_M_DATA_INST/U_DATA[15]
                         net (fo=1, routed)           0.000     5.332    neural_reconstruction_bd_i/reconstruction_accel_0/inst/grp_reconstruction_accel_Pipeline_CONV2_Y_CONV2_X_CONV2_OC_CONV2_KY_CONV2_KX_fu_178/mul_8s_8ns_16_1_1_U104/tmp_product/DSP_M_DATA.U_DATA<15>
    DSP48E2_X6Y30        DSP_ALU (Prop_DSP_ALU_DSP48E2_U_DATA[15]_ALU_OUT[15])
                                                      0.727     6.059 f  neural_reconstruction_bd_i/reconstruction_accel_0/inst/grp_reconstruction_accel_Pipeline_CONV2_Y_CONV2_X_CONV2_OC_CONV2_KY_CONV2_KX_fu_178/mul_8s_8ns_16_1_1_U104/tmp_product/DSP_ALU_INST/ALU_OUT[15]
                         net (fo=1, routed)           0.000     6.059    neural_reconstruction_bd_i/reconstruction_accel_0/inst/grp_reconstruction_accel_Pipeline_CONV2_Y_CONV2_X_CONV2_OC_CONV2_KY_CONV2_KX_fu_178/mul_8s_8ns_16_1_1_U104/tmp_product/DSP_ALU.ALU_OUT<15>
    DSP48E2_X6Y30        DSP_OUTPUT (Prop_DSP_OUTPUT_DSP48E2_ALU_OUT[15]_P[15])
                                                      0.146     6.205 r  neural_reconstruction_bd_i/reconstruction_accel_0/inst/grp_reconstruction_accel_Pipeline_CONV2_Y_CONV2_X_CONV2_OC_CONV2_KY_CONV2_KX_fu_178/mul_8s_8ns_16_1_1_U104/tmp_product/DSP_OUTPUT_INST/P[15]
                         net (fo=33, routed)          0.946     7.151    neural_reconstruction_bd_i/reconstruction_accel_0/inst/grp_reconstruction_accel_Pipeline_CONV2_Y_CONV2_X_CONV2_OC_CONV2_KY_CONV2_KX_fu_178/mac_muladd_8s_8ns_16s_17_4_1_U106/reconstruction_accel_mac_muladd_8s_8ns_16s_17_4_1_DSP48_0_U/p_reg_reg/C[19]
    DSP48E2_X5Y31        DSP_C_DATA (Prop_DSP_C_DATA_DSP48E2_C[19]_C_DATA[19])
                                                      0.135     7.286 r  neural_reconstruction_bd_i/reconstruction_accel_0/inst/grp_reconstruction_accel_Pipeline_CONV2_Y_CONV2_X_CONV2_OC_CONV2_KY_CONV2_KX_fu_178/mac_muladd_8s_8ns_16s_17_4_1_U106/reconstruction_accel_mac_muladd_8s_8ns_16s_17_4_1_DSP48_0_U/p_reg_reg/DSP_C_DATA_INST/C_DATA[19]
                         net (fo=2, routed)           0.000     7.286    neural_reconstruction_bd_i/reconstruction_accel_0/inst/grp_reconstruction_accel_Pipeline_CONV2_Y_CONV2_X_CONV2_OC_CONV2_KY_CONV2_KX_fu_178/mac_muladd_8s_8ns_16s_17_4_1_U106/reconstruction_accel_mac_muladd_8s_8ns_16s_17_4_1_DSP48_0_U/p_reg_reg/DSP_C_DATA.C_DATA<19>
    DSP48E2_X5Y31        DSP_ALU (Prop_DSP_ALU_DSP48E2_C_DATA[19]_ALU_OUT[28])
                                                      0.786     8.072 r  neural_reconstruction_bd_i/reconstruction_accel_0/inst/grp_reconstruction_accel_Pipeline_CONV2_Y_CONV2_X_CONV2_OC_CONV2_KY_CONV2_KX_fu_178/mac_muladd_8s_8ns_16s_17_4_1_U106/reconstruction_accel_mac_muladd_8s_8ns_16s_17_4_1_DSP48_0_U/p_reg_reg/DSP_ALU_INST/ALU_OUT[28]
                         net (fo=1, routed)           0.000     8.072    neural_reconstruction_bd_i/reconstruction_accel_0/inst/grp_reconstruction_accel_Pipeline_CONV2_Y_CONV2_X_CONV2_OC_CONV2_KY_CONV2_KX_fu_178/mac_muladd_8s_8ns_16s_17_4_1_U106/reconstruction_accel_mac_muladd_8s_8ns_16s_17_4_1_DSP48_0_U/p_reg_reg/DSP_ALU.ALU_OUT<28>
    DSP48E2_X5Y31        DSP_OUTPUT                                   r  neural_reconstruction_bd_i/reconstruction_accel_0/inst/grp_reconstruction_accel_Pipeline_CONV2_Y_CONV2_X_CONV2_OC_CONV2_KY_CONV2_KX_fu_178/mac_muladd_8s_8ns_16s_17_4_1_U106/reconstruction_accel_mac_muladd_8s_8ns_16s_17_4_1_DSP48_0_U/p_reg_reg/DSP_OUTPUT_INST/ALU_OUT[28]
  -------------------------------------------------------------------    -------------------

                         (clock clk_pl_0 rise edge)
                                                      5.000     5.000 r  
    PS8_X0Y0             PS8                          0.000     5.000 r  neural_reconstruction_bd_i/zynq_ultra_ps_e_0/inst/PS8_i/PLCLK[0]
                         net (fo=1, routed)           0.181     5.181    neural_reconstruction_bd_i/zynq_ultra_ps_e_0/inst/pl_clk_unbuffered[0]
    BUFG_PS_X0Y80        BUFG_PS (Prop_BUFG_PS_I_O)
                                                      0.035     5.216 r  neural_reconstruction_bd_i/zynq_ultra_ps_e_0/inst/buffer_pl_clk_0.PL_CLK_0_BUFG/O
    X1Y1 (CLOCK_ROOT)    net (fo=7864, routed)        2.790     8.006    neural_reconstruction_bd_i/reconstruction_accel_0/inst/grp_reconstruction_accel_Pipeline_CONV2_Y_CONV2_X_CONV2_OC_CONV2_KY_CONV2_KX_fu_178/mac_muladd_8s_8ns_16s_17_4_1_U106/reconstruction_accel_mac_muladd_8s_8ns_16s_17_4_1_DSP48_0_U/p_reg_reg/CLK
    DSP48E2_X5Y31        DSP_OUTPUT                                   r  neural_reconstruction_bd_i/reconstruction_accel_0/inst/grp_reconstruction_accel_Pipeline_CONV2_Y_CONV2_X_CONV2_OC_CONV2_KY_CONV2_KX_fu_178/mac_muladd_8s_8ns_16s_17_4_1_U106/reconstruction_accel_mac_muladd_8s_8ns_16s_17_4_1_DSP48_0_U/p_reg_reg/DSP_OUTPUT_INST/CLK
                         clock pessimism              0.239     8.245    
                         clock uncertainty           -0.129     8.116    
    DSP48E2_X5Y31        DSP_OUTPUT (Setup_DSP_OUTPUT_DSP48E2_CLK_ALU_OUT[28])
                                                      0.014     8.130    neural_reconstruction_bd_i/reconstruction_accel_0/inst/grp_reconstruction_accel_Pipeline_CONV2_Y_CONV2_X_CONV2_OC_CONV2_KY_CONV2_KX_fu_178/mac_muladd_8s_8ns_16s_17_4_1_U106/reconstruction_accel_mac_muladd_8s_8ns_16s_17_4_1_DSP48_0_U/p_reg_reg/DSP_OUTPUT_INST
  -------------------------------------------------------------------
                         required time                          8.130    
                         arrival time                          -8.072    
  -------------------------------------------------------------------
                         slack                                  0.058    





Min Delay Paths
--------------------------------------------------------------------------------------
Slack (MET) :             0.010ns  (arrival time - required time)
  Source:                 neural_reconstruction_bd_i/reconstruction_accel_0/inst/gmem1_m_axi_U/store_unit_0/fifo_wreq/U_fifo_srl/dout_reg[37]/C
                            (rising edge-triggered cell FDRE clocked by clk_pl_0  {rise@0.000ns fall@2.500ns period=5.000ns})
  Destination:            neural_reconstruction_bd_i/reconstruction_accel_0/inst/gmem1_m_axi_U/store_unit_0/tmp_addr_reg[38]/D
                            (rising edge-triggered cell FDRE clocked by clk_pl_0  {rise@0.000ns fall@2.500ns period=5.000ns})
  Path Group:             clk_pl_0
  Path Type:              Hold (Min at Slow Process Corner)
  Requirement:            0.000ns  (clk_pl_0 rise@0.000ns - clk_pl_0 rise@0.000ns)
  Data Path Delay:        0.231ns  (logic 0.111ns (48.052%)  route 0.120ns (51.948%))
  Logic Levels:           0  
  Clock Path Skew:        0.120ns (DCD - SCD - CPR)
    Destination Clock Delay (DCD):    3.400ns
    Source Clock Delay      (SCD):    3.040ns
    Clock Pessimism Removal (CPR):    0.240ns
  Clock Net Delay (Source):      2.824ns (routing 1.450ns, distribution 1.374ns)
  Clock Net Delay (Destination): 3.133ns (routing 1.584ns, distribution 1.549ns)

    Location             Delay type                Incr(ns)  Path(ns)    Netlist Resource(s)
  -------------------------------------------------------------------    -------------------
                         (clock clk_pl_0 rise edge)
                                                      0.000     0.000 r  
    PS8_X0Y0             PS8                          0.000     0.000 r  neural_reconstruction_bd_i/zynq_ultra_ps_e_0/inst/PS8_i/PLCLK[0]
                         net (fo=1, routed)           0.181     0.181    neural_reconstruction_bd_i/zynq_ultra_ps_e_0/inst/pl_clk_unbuffered[0]
    BUFG_PS_X0Y80        BUFG_PS (Prop_BUFG_PS_I_O)
                                                      0.035     0.216 r  neural_reconstruction_bd_i/zynq_ultra_ps_e_0/inst/buffer_pl_clk_0.PL_CLK_0_BUFG/O
    X1Y1 (CLOCK_ROOT)    net (fo=7864, routed)        2.824     3.040    neural_reconstruction_bd_i/reconstruction_accel_0/inst/gmem1_m_axi_U/store_unit_0/fifo_wreq/U_fifo_srl/ap_clk
    SLICE_X7Y113         FDRE                                         r  neural_reconstruction_bd_i/reconstruction_accel_0/inst/gmem1_m_axi_U/store_unit_0/fifo_wreq/U_fifo_srl/dout_reg[37]/C
  -------------------------------------------------------------------    -------------------
    SLICE_X7Y113         FDRE (Prop_FFF_SLICEM_C_Q)
                                                      0.111     3.151 r  neural_reconstruction_bd_i/reconstruction_accel_0/inst/gmem1_m_axi_U/store_unit_0/fifo_wreq/U_fifo_srl/dout_reg[37]/Q
                         net (fo=1, routed)           0.120     3.271    neural_reconstruction_bd_i/reconstruction_accel_0/inst/gmem1_m_axi_U/store_unit_0/fifo_wreq_n_33
    SLICE_X5Y113         FDRE                                         r  neural_reconstruction_bd_i/reconstruction_accel_0/inst/gmem1_m_axi_U/store_unit_0/tmp_addr_reg[38]/D
  -------------------------------------------------------------------    -------------------

                         (clock clk_pl_0 rise edge)
                                                      0.000     0.000 r  
    PS8_X0Y0             PS8                          0.000     0.000 r  neural_reconstruction_bd_i/zynq_ultra_ps_e_0/inst/PS8_i/PLCLK[0]
                         net (fo=1, routed)           0.229     0.229    neural_reconstruction_bd_i/zynq_ultra_ps_e_0/inst/pl_clk_unbuffered[0]
    BUFG_PS_X0Y80        BUFG_PS (Prop_BUFG_PS_I_O)
                                                      0.038     0.267 r  neural_reconstruction_bd_i/zynq_ultra_ps_e_0/inst/buffer_pl_clk_0.PL_CLK_0_BUFG/O
    X1Y1 (CLOCK_ROOT)    net (fo=7864, routed)        3.133     3.400    neural_reconstruction_bd_i/reconstruction_accel_0/inst/gmem1_m_axi_U/store_unit_0/ap_clk
    SLICE_X5Y113         FDRE                                         r  neural_reconstruction_bd_i/reconstruction_accel_0/inst/gmem1_m_axi_U/store_unit_0/tmp_addr_reg[38]/C
                         clock pessimism             -0.240     3.160    
    SLICE_X5Y113         FDRE (Hold_HFF_SLICEM_C_D)
                                                      0.101     3.261    neural_reconstruction_bd_i/reconstruction_accel_0/inst/gmem1_m_axi_U/store_unit_0/tmp_addr_reg[38]
  -------------------------------------------------------------------
                         required time                         -3.261    
                         arrival time                           3.271    
  -------------------------------------------------------------------
                         slack                                  0.010    

Slack (MET) :             0.012ns  (arrival time - required time)
  Source:                 neural_reconstruction_bd_i/reconstruction_accel_0/inst/gmem1_m_axi_U/store_unit_0/tmp_addr_reg[60]/C
                            (rising edge-triggered cell FDRE clocked by clk_pl_0  {rise@0.000ns fall@2.500ns period=5.000ns})
  Destination:            neural_reconstruction_bd_i/reconstruction_accel_0/inst/gmem1_m_axi_U/bus_write/wreq_burst_conv/burst_sequential/rs_req/data_p2_reg[60]/D
                            (rising edge-triggered cell FDRE clocked by clk_pl_0  {rise@0.000ns fall@2.500ns period=5.000ns})
  Path Group:             clk_pl_0
  Path Type:              Hold (Min at Slow Process Corner)
  Requirement:            0.000ns  (clk_pl_0 rise@0.000ns - clk_pl_0 rise@0.000ns)
  Data Path Delay:        0.257ns  (logic 0.114ns (44.338%)  route 0.143ns (55.662%))
  Logic Levels:           0  
  Clock Path Skew:        0.143ns (DCD - SCD - CPR)
    Destination Clock Delay (DCD):    3.418ns
    Source Clock Delay      (SCD):    3.035ns
    Clock Pessimism Removal (CPR):    0.240ns
  Clock Net Delay (Source):      2.819ns (routing 1.450ns, distribution 1.369ns)
  Clock Net Delay (Destination): 3.151ns (routing 1.584ns, distribution 1.567ns)

    Location             Delay type                Incr(ns)  Path(ns)    Netlist Resource(s)
  -------------------------------------------------------------------    -------------------
                         (clock clk_pl_0 rise edge)
                                                      0.000     0.000 r  
    PS8_X0Y0             PS8                          0.000     0.000 r  neural_reconstruction_bd_i/zynq_ultra_ps_e_0/inst/PS8_i/PLCLK[0]
                         net (fo=1, routed)           0.181     0.181    neural_reconstruction_bd_i/zynq_ultra_ps_e_0/inst/pl_clk_unbuffered[0]
    BUFG_PS_X0Y80        BUFG_PS (Prop_BUFG_PS_I_O)
                                                      0.035     0.216 r  neural_reconstruction_bd_i/zynq_ultra_ps_e_0/inst/buffer_pl_clk_0.PL_CLK_0_BUFG/O
    X1Y1 (CLOCK_ROOT)    net (fo=7864, routed)        2.819     3.035    neural_reconstruction_bd_i/reconstruction_accel_0/inst/gmem1_m_axi_U/store_unit_0/ap_clk
    SLICE_X7Y116         FDRE                                         r  neural_reconstruction_bd_i/reconstruction_accel_0/inst/gmem1_m_axi_U/store_unit_0/tmp_addr_reg[60]/C
  -------------------------------------------------------------------    -------------------
    SLICE_X7Y116         FDRE (Prop_GFF2_SLICEM_C_Q)
                                                      0.114     3.149 r  neural_reconstruction_bd_i/reconstruction_accel_0/inst/gmem1_m_axi_U/store_unit_0/tmp_addr_reg[60]/Q
                         net (fo=2, routed)           0.143     3.292    neural_reconstruction_bd_i/reconstruction_accel_0/inst/gmem1_m_axi_U/bus_write/wreq_burst_conv/burst_sequential/rs_req/D[59]
    SLICE_X5Y118         FDRE                                         r  neural_reconstruction_bd_i/reconstruction_accel_0/inst/gmem1_m_axi_U/bus_write/wreq_burst_conv/burst_sequential/rs_req/data_p2_reg[60]/D
  -------------------------------------------------------------------    -------------------

                         (clock clk_pl_0 rise edge)
                                                      0.000     0.000 r  
    PS8_X0Y0             PS8                          0.000     0.000 r  neural_reconstruction_bd_i/zynq_ultra_ps_e_0/inst/PS8_i/PLCLK[0]
                         net (fo=1, routed)           0.229     0.229    neural_reconstruction_bd_i/zynq_ultra_ps_e_0/inst/pl_clk_unbuffered[0]
    BUFG_PS_X0Y80        BUFG_PS (Prop_BUFG_PS_I_O)
                                                      0.038     0.267 r  neural_reconstruction_bd_i/zynq_ultra_ps_e_0/inst/buffer_pl_clk_0.PL_CLK_0_BUFG/O
    X1Y1 (CLOCK_ROOT)    net (fo=7864, routed)        3.151     3.418    neural_reconstruction_bd_i/reconstruction_accel_0/inst/gmem1_m_axi_U/bus_write/wreq_burst_conv/burst_sequential/rs_req/ap_clk
    SLICE_X5Y118         FDRE                                         r  neural_reconstruction_bd_i/reconstruction_accel_0/inst/gmem1_m_axi_U/bus_write/wreq_burst_conv/burst_sequential/rs_req/data_p2_reg[60]/C
                         clock pessimism             -0.240     3.178    
    SLICE_X5Y118         FDRE (Hold_BFF2_SLICEM_C_D)
                                                      0.102     3.280    neural_reconstruction_bd_i/reconstruction_accel_0/inst/gmem1_m_axi_U/bus_write/wreq_burst_conv/burst_sequential/rs_req/data_p2_reg[60]
  -------------------------------------------------------------------
                         required time                         -3.280    
                         arrival time                           3.292    
  -------------------------------------------------------------------
                         slack                                  0.012    

Slack (MET) :             0.013ns  (arrival time - required time)
  Source:                 neural_reconstruction_bd_i/reconstruction_accel_0/inst/gmem1_m_axi_U/store_unit_0/bus_wide_gen.wreq_offset/U_fifo_srl/dout_reg[7]/C
                            (rising edge-triggered cell FDRE clocked by clk_pl_0  {rise@0.000ns fall@2.500ns period=5.000ns})
  Destination:            neural_reconstruction_bd_i/reconstruction_accel_0/inst/gmem1_m_axi_U/store_unit_0/bus_wide_gen.offset_pack_buf_reg[7]/D
                            (rising edge-triggered cell FDRE clocked by clk_pl_0  {rise@0.000ns fall@2.500ns period=5.000ns})
  Path Group:             clk_pl_0
  Path Type:              Hold (Min at Slow Process Corner)
  Requirement:            0.000ns  (clk_pl_0 rise@0.000ns - clk_pl_0 rise@0.000ns)
  Data Path Delay:        0.219ns  (logic 0.112ns (51.142%)  route 0.107ns (48.858%))
  Logic Levels:           0  
  Clock Path Skew:        0.105ns (DCD - SCD - CPR)
    Destination Clock Delay (DCD):    3.439ns
    Source Clock Delay      (SCD):    3.090ns
    Clock Pessimism Removal (CPR):    0.244ns
  Clock Net Delay (Source):      2.874ns (routing 1.450ns, distribution 1.424ns)
  Clock Net Delay (Destination): 3.172ns (routing 1.584ns, distribution 1.588ns)

    Location             Delay type                Incr(ns)  Path(ns)    Netlist Resource(s)
  -------------------------------------------------------------------    -------------------
                         (clock clk_pl_0 rise edge)
                                                      0.000     0.000 r  
    PS8_X0Y0             PS8                          0.000     0.000 r  neural_reconstruction_bd_i/zynq_ultra_ps_e_0/inst/PS8_i/PLCLK[0]
                         net (fo=1, routed)           0.181     0.181    neural_reconstruction_bd_i/zynq_ultra_ps_e_0/inst/pl_clk_unbuffered[0]
    BUFG_PS_X0Y80        BUFG_PS (Prop_BUFG_PS_I_O)
                                                      0.035     0.216 r  neural_reconstruction_bd_i/zynq_ultra_ps_e_0/inst/buffer_pl_clk_0.PL_CLK_0_BUFG/O
    X1Y1 (CLOCK_ROOT)    net (fo=7864, routed)        2.874     3.090    neural_reconstruction_bd_i/reconstruction_accel_0/inst/gmem1_m_axi_U/store_unit_0/bus_wide_gen.wreq_offset/U_fifo_srl/ap_clk
    SLICE_X7Y125         FDRE                                         r  neural_reconstruction_bd_i/reconstruction_accel_0/inst/gmem1_m_axi_U/store_unit_0/bus_wide_gen.wreq_offset/U_fifo_srl/dout_reg[7]/C
  -------------------------------------------------------------------    -------------------
    SLICE_X7Y125         FDRE (Prop_HFF_SLICEM_C_Q)
                                                      0.112     3.202 r  neural_reconstruction_bd_i/reconstruction_accel_0/inst/gmem1_m_axi_U/store_unit_0/bus_wide_gen.wreq_offset/U_fifo_srl/dout_reg[7]/Q
                         net (fo=2, routed)           0.107     3.309    neural_reconstruction_bd_i/reconstruction_accel_0/inst/gmem1_m_axi_U/store_unit_0/bus_wide_gen.wreq_offset_n_35
    SLICE_X6Y125         FDRE                                         r  neural_reconstruction_bd_i/reconstruction_accel_0/inst/gmem1_m_axi_U/store_unit_0/bus_wide_gen.offset_pack_buf_reg[7]/D
  -------------------------------------------------------------------    -------------------

                         (clock clk_pl_0 rise edge)
                                                      0.000     0.000 r  
    PS8_X0Y0             PS8                          0.000     0.000 r  neural_reconstruction_bd_i/zynq_ultra_ps_e_0/inst/PS8_i/PLCLK[0]
                         net (fo=1, routed)           0.229     0.229    neural_reconstruction_bd_i/zynq_ultra_ps_e_0/inst/pl_clk_unbuffered[0]
    BUFG_PS_X0Y80        BUFG_PS (Prop_BUFG_PS_I_O)
                                                      0.038     0.267 r  neural_reconstruction_bd_i/zynq_ultra_ps_e_0/inst/buffer_pl_clk_0.PL_CLK_0_BUFG/O
    X1Y1 (CLOCK_ROOT)    net (fo=7864, routed)        3.172     3.439    neural_reconstruction_bd_i/reconstruction_accel_0/inst/gmem1_m_axi_U/store_unit_0/ap_clk
    SLICE_X6Y125         FDRE                                         r  neural_reconstruction_bd_i/reconstruction_accel_0/inst/gmem1_m_axi_U/store_unit_0/bus_wide_gen.offset_pack_buf_reg[7]/C
                         clock pessimism             -0.244     3.195    
    SLICE_X6Y125         FDRE (Hold_HFF_SLICEL_C_D)
                                                      0.101     3.296    neural_reconstruction_bd_i/reconstruction_accel_0/inst/gmem1_m_axi_U/store_unit_0/bus_wide_gen.offset_pack_buf_reg[7]
  -------------------------------------------------------------------
                         required time                         -3.296    
                         arrival time                           3.309    
  -------------------------------------------------------------------
                         slack                                  0.013    

Slack (MET) :             0.013ns  (arrival time - required time)
  Source:                 neural_reconstruction_bd_i/reconstruction_accel_0/inst/grp_reconstruction_accel_Pipeline_CONV3_Y_CONV3_X_CONV3_KY_CONV3_KX_fu_206/ap_enable_reg_pp0_iter10_reg/C
                            (rising edge-triggered cell FDRE clocked by clk_pl_0  {rise@0.000ns fall@2.500ns period=5.000ns})
  Destination:            neural_reconstruction_bd_i/reconstruction_accel_0/inst/grp_reconstruction_accel_Pipeline_CONV3_Y_CONV3_X_CONV3_KY_CONV3_KX_fu_206/ap_enable_reg_pp0_iter11_reg/D
                            (rising edge-triggered cell FDRE clocked by clk_pl_0  {rise@0.000ns fall@2.500ns period=5.000ns})
  Path Group:             clk_pl_0
  Path Type:              Hold (Min at Slow Process Corner)
  Requirement:            0.000ns  (clk_pl_0 rise@0.000ns - clk_pl_0 rise@0.000ns)
  Data Path Delay:        0.311ns  (logic 0.112ns (36.013%)  route 0.199ns (63.987%))
  Logic Levels:           0  
  Clock Path Skew:        0.197ns (DCD - SCD - CPR)
    Destination Clock Delay (DCD):    3.222ns
    Source Clock Delay      (SCD):    2.840ns
    Clock Pessimism Removal (CPR):    0.185ns
  Clock Net Delay (Source):      2.624ns (routing 1.450ns, distribution 1.174ns)
  Clock Net Delay (Destination): 2.955ns (routing 1.584ns, distribution 1.371ns)

    Location             Delay type                Incr(ns)  Path(ns)    Netlist Resource(s)
  -------------------------------------------------------------------    -------------------
                         (clock clk_pl_0 rise edge)
                                                      0.000     0.000 r  
    PS8_X0Y0             PS8                          0.000     0.000 r  neural_reconstruction_bd_i/zynq_ultra_ps_e_0/inst/PS8_i/PLCLK[0]
                         net (fo=1, routed)           0.181     0.181    neural_reconstruction_bd_i/zynq_ultra_ps_e_0/inst/pl_clk_unbuffered[0]
    BUFG_PS_X0Y80        BUFG_PS (Prop_BUFG_PS_I_O)
                                                      0.035     0.216 r  neural_reconstruction_bd_i/zynq_ultra_ps_e_0/inst/buffer_pl_clk_0.PL_CLK_0_BUFG/O
    X1Y1 (CLOCK_ROOT)    net (fo=7864, routed)        2.624     2.840    neural_reconstruction_bd_i/reconstruction_accel_0/inst/grp_reconstruction_accel_Pipeline_CONV3_Y_CONV3_X_CONV3_KY_CONV3_KX_fu_206/ap_clk
    SLICE_X27Y118        FDRE                                         r  neural_reconstruction_bd_i/reconstruction_accel_0/inst/grp_reconstruction_accel_Pipeline_CONV3_Y_CONV3_X_CONV3_KY_CONV3_KX_fu_206/ap_enable_reg_pp0_iter10_reg/C
  -------------------------------------------------------------------    -------------------
    SLICE_X27Y118        FDRE (Prop_EFF_SLICEL_C_Q)
                                                      0.112     2.952 r  neural_reconstruction_bd_i/reconstruction_accel_0/inst/grp_reconstruction_accel_Pipeline_CONV3_Y_CONV3_X_CONV3_KY_CONV3_KX_fu_206/ap_enable_reg_pp0_iter10_reg/Q
                         net (fo=1, routed)           0.199     3.151    neural_reconstruction_bd_i/reconstruction_accel_0/inst/grp_reconstruction_accel_Pipeline_CONV3_Y_CONV3_X_CONV3_KY_CONV3_KX_fu_206/ap_enable_reg_pp0_iter10_reg_n_3
    SLICE_X26Y121        FDRE                                         r  neural_reconstruction_bd_i/reconstruction_accel_0/inst/grp_reconstruction_accel_Pipeline_CONV3_Y_CONV3_X_CONV3_KY_CONV3_KX_fu_206/ap_enable_reg_pp0_iter11_reg/D
  -------------------------------------------------------------------    -------------------

                         (clock clk_pl_0 rise edge)
                                                      0.000     0.000 r  
    PS8_X0Y0             PS8                          0.000     0.000 r  neural_reconstruction_bd_i/zynq_ultra_ps_e_0/inst/PS8_i/PLCLK[0]
                         net (fo=1, routed)           0.229     0.229    neural_reconstruction_bd_i/zynq_ultra_ps_e_0/inst/pl_clk_unbuffered[0]
    BUFG_PS_X0Y80        BUFG_PS (Prop_BUFG_PS_I_O)
                                                      0.038     0.267 r  neural_reconstruction_bd_i/zynq_ultra_ps_e_0/inst/buffer_pl_clk_0.PL_CLK_0_BUFG/O
    X1Y1 (CLOCK_ROOT)    net (fo=7864, routed)        2.955     3.222    neural_reconstruction_bd_i/reconstruction_accel_0/inst/grp_reconstruction_accel_Pipeline_CONV3_Y_CONV3_X_CONV3_KY_CONV3_KX_fu_206/ap_clk
    SLICE_X26Y121        FDRE                                         r  neural_reconstruction_bd_i/reconstruction_accel_0/inst/grp_reconstruction_accel_Pipeline_CONV3_Y_CONV3_X_CONV3_KY_CONV3_KX_fu_206/ap_enable_reg_pp0_iter11_reg/C
                         clock pessimism             -0.185     3.037    
    SLICE_X26Y121        FDRE (Hold_AFF_SLICEL_C_D)
                                                      0.101     3.138    neural_reconstruction_bd_i/reconstruction_accel_0/inst/grp_reconstruction_accel_Pipeline_CONV3_Y_CONV3_X_CONV3_KY_CONV3_KX_fu_206/ap_enable_reg_pp0_iter11_reg
  -------------------------------------------------------------------
                         required time                         -3.138    
                         arrival time                           3.151    
  -------------------------------------------------------------------
                         slack                                  0.013    

Slack (MET) :             0.014ns  (arrival time - required time)
  Source:                 neural_reconstruction_bd_i/reconstruction_accel_0/inst/gmem0_m_axi_U/load_unit_0/fifo_rreq/U_fifo_srl/dout_reg[21]/C
                            (rising edge-triggered cell FDRE clocked by clk_pl_0  {rise@0.000ns fall@2.500ns period=5.000ns})
  Destination:            neural_reconstruction_bd_i/reconstruction_accel_0/inst/gmem0_m_axi_U/load_unit_0/tmp_addr_reg[21]/D
                            (rising edge-triggered cell FDRE clocked by clk_pl_0  {rise@0.000ns fall@2.500ns period=5.000ns})
  Path Group:             clk_pl_0
  Path Type:              Hold (Min at Slow Process Corner)
  Requirement:            0.000ns  (clk_pl_0 rise@0.000ns - clk_pl_0 rise@0.000ns)
  Data Path Delay:        0.244ns  (logic 0.111ns (45.492%)  route 0.133ns (54.508%))
  Logic Levels:           0  
  Clock Path Skew:        0.129ns (DCD - SCD - CPR)
    Destination Clock Delay (DCD):    3.392ns
    Source Clock Delay      (SCD):    3.022ns
    Clock Pessimism Removal (CPR):    0.240ns
  Clock Net Delay (Source):      2.806ns (routing 1.450ns, distribution 1.356ns)
  Clock Net Delay (Destination): 3.125ns (routing 1.584ns, distribution 1.541ns)

    Location             Delay type                Incr(ns)  Path(ns)    Netlist Resource(s)
  -------------------------------------------------------------------    -------------------
                         (clock clk_pl_0 rise edge)
                                                      0.000     0.000 r  
    PS8_X0Y0             PS8                          0.000     0.000 r  neural_reconstruction_bd_i/zynq_ultra_ps_e_0/inst/PS8_i/PLCLK[0]
                         net (fo=1, routed)           0.181     0.181    neural_reconstruction_bd_i/zynq_ultra_ps_e_0/inst/pl_clk_unbuffered[0]
    BUFG_PS_X0Y80        BUFG_PS (Prop_BUFG_PS_I_O)
                                                      0.035     0.216 r  neural_reconstruction_bd_i/zynq_ultra_ps_e_0/inst/buffer_pl_clk_0.PL_CLK_0_BUFG/O
    X1Y1 (CLOCK_ROOT)    net (fo=7864, routed)        2.806     3.022    neural_reconstruction_bd_i/reconstruction_accel_0/inst/gmem0_m_axi_U/load_unit_0/fifo_rreq/U_fifo_srl/ap_clk
    SLICE_X7Y91          FDRE                                         r  neural_reconstruction_bd_i/reconstruction_accel_0/inst/gmem0_m_axi_U/load_unit_0/fifo_rreq/U_fifo_srl/dout_reg[21]/C
  -------------------------------------------------------------------    -------------------
    SLICE_X7Y91          FDRE (Prop_FFF_SLICEM_C_Q)
                                                      0.111     3.133 r  neural_reconstruction_bd_i/reconstruction_accel_0/inst/gmem0_m_axi_U/load_unit_0/fifo_rreq/U_fifo_srl/dout_reg[21]/Q
                         net (fo=1, routed)           0.133     3.266    neural_reconstruction_bd_i/reconstruction_accel_0/inst/gmem0_m_axi_U/load_unit_0/fifo_rreq_n_49
    SLICE_X8Y91          FDRE                                         r  neural_reconstruction_bd_i/reconstruction_accel_0/inst/gmem0_m_axi_U/load_unit_0/tmp_addr_reg[21]/D
  -------------------------------------------------------------------    -------------------

                         (clock clk_pl_0 rise edge)
                                                      0.000     0.000 r  
    PS8_X0Y0             PS8                          0.000     0.000 r  neural_reconstruction_bd_i/zynq_ultra_ps_e_0/inst/PS8_i/PLCLK[0]
                         net (fo=1, routed)           0.229     0.229    neural_reconstruction_bd_i/zynq_ultra_ps_e_0/inst/pl_clk_unbuffered[0]
    BUFG_PS_X0Y80        BUFG_PS (Prop_BUFG_PS_I_O)
                                                      0.038     0.267 r  neural_reconstruction_bd_i/zynq_ultra_ps_e_0/inst/buffer_pl_clk_0.PL_CLK_0_BUFG/O
    X1Y1 (CLOCK_ROOT)    net (fo=7864, routed)        3.125     3.392    neural_reconstruction_bd_i/reconstruction_accel_0/inst/gmem0_m_axi_U/load_unit_0/ap_clk
    SLICE_X8Y91          FDRE                                         r  neural_reconstruction_bd_i/reconstruction_accel_0/inst/gmem0_m_axi_U/load_unit_0/tmp_addr_reg[21]/C
                         clock pessimism             -0.240     3.151    
    SLICE_X8Y91          FDRE (Hold_EFF_SLICEM_C_D)
                                                      0.101     3.252    neural_reconstruction_bd_i/reconstruction_accel_0/inst/gmem0_m_axi_U/load_unit_0/tmp_addr_reg[21]
  -------------------------------------------------------------------
                         required time                         -3.252    
                         arrival time                           3.266    
  -------------------------------------------------------------------
                         slack                                  0.014    

Slack (MET) :             0.015ns  (arrival time - required time)
  Source:                 neural_reconstruction_bd_i/reconstruction_accel_0/inst/gmem0_m_axi_U/load_unit_0/tmp_addr_reg[11]/C
                            (rising edge-triggered cell FDRE clocked by clk_pl_0  {rise@0.000ns fall@2.500ns period=5.000ns})
  Destination:            neural_reconstruction_bd_i/reconstruction_accel_0/inst/gmem0_m_axi_U/bus_read/rreq_burst_conv/burst_sequential/rs_req/data_p2_reg[11]/D
                            (rising edge-triggered cell FDRE clocked by clk_pl_0  {rise@0.000ns fall@2.500ns period=5.000ns})
  Path Group:             clk_pl_0
  Path Type:              Hold (Min at Slow Process Corner)
  Requirement:            0.000ns  (clk_pl_0 rise@0.000ns - clk_pl_0 rise@0.000ns)
  Data Path Delay:        0.227ns  (logic 0.112ns (49.366%)  route 0.115ns (50.634%))
  Logic Levels:           0  
  Clock Path Skew:        0.110ns (DCD - SCD - CPR)
    Destination Clock Delay (DCD):    3.386ns
    Source Clock Delay      (SCD):    3.035ns
    Clock Pessimism Removal (CPR):    0.240ns
  Clock Net Delay (Source):      2.819ns (routing 1.450ns, distribution 1.369ns)
  Clock Net Delay (Destination): 3.119ns (routing 1.584ns, distribution 1.535ns)

    Location             Delay type                Incr(ns)  Path(ns)    Netlist Resource(s)
  -------------------------------------------------------------------    -------------------
                         (clock clk_pl_0 rise edge)
                                                      0.000     0.000 r  
    PS8_X0Y0             PS8                          0.000     0.000 r  neural_reconstruction_bd_i/zynq_ultra_ps_e_0/inst/PS8_i/PLCLK[0]
                         net (fo=1, routed)           0.181     0.181    neural_reconstruction_bd_i/zynq_ultra_ps_e_0/inst/pl_clk_unbuffered[0]
    BUFG_PS_X0Y80        BUFG_PS (Prop_BUFG_PS_I_O)
                                                      0.035     0.216 r  neural_reconstruction_bd_i/zynq_ultra_ps_e_0/inst/buffer_pl_clk_0.PL_CLK_0_BUFG/O
    X1Y1 (CLOCK_ROOT)    net (fo=7864, routed)        2.819     3.035    neural_reconstruction_bd_i/reconstruction_accel_0/inst/gmem0_m_axi_U/load_unit_0/ap_clk
    SLICE_X9Y89          FDRE                                         r  neural_reconstruction_bd_i/reconstruction_accel_0/inst/gmem0_m_axi_U/load_unit_0/tmp_addr_reg[11]/C
  -------------------------------------------------------------------    -------------------
    SLICE_X9Y89          FDRE (Prop_GFF_SLICEL_C_Q)
                                                      0.112     3.147 r  neural_reconstruction_bd_i/reconstruction_accel_0/inst/gmem0_m_axi_U/load_unit_0/tmp_addr_reg[11]/Q
                         net (fo=2, routed)           0.115     3.262    neural_reconstruction_bd_i/reconstruction_accel_0/inst/gmem0_m_axi_U/bus_read/rreq_burst_conv/burst_sequential/rs_req/D[11]
    SLICE_X9Y91          FDRE                                         r  neural_reconstruction_bd_i/reconstruction_accel_0/inst/gmem0_m_axi_U/bus_read/rreq_burst_conv/burst_sequential/rs_req/data_p2_reg[11]/D
  -------------------------------------------------------------------    -------------------

                         (clock clk_pl_0 rise edge)
                                                      0.000     0.000 r  
    PS8_X0Y0             PS8                          0.000     0.000 r  neural_reconstruction_bd_i/zynq_ultra_ps_e_0/inst/PS8_i/PLCLK[0]
                         net (fo=1, routed)           0.229     0.229    neural_reconstruction_bd_i/zynq_ultra_ps_e_0/inst/pl_clk_unbuffered[0]
    BUFG_PS_X0Y80        BUFG_PS (Prop_BUFG_PS_I_O)
                                                      0.038     0.267 r  neural_reconstruction_bd_i/zynq_ultra_ps_e_0/inst/buffer_pl_clk_0.PL_CLK_0_BUFG/O
    X1Y1 (CLOCK_ROOT)    net (fo=7864, routed)        3.119     3.386    neural_reconstruction_bd_i/reconstruction_accel_0/inst/gmem0_m_axi_U/bus_read/rreq_burst_conv/burst_sequential/rs_req/ap_clk
    SLICE_X9Y91          FDRE                                         r  neural_reconstruction_bd_i/reconstruction_accel_0/inst/gmem0_m_axi_U/bus_read/rreq_burst_conv/burst_sequential/rs_req/data_p2_reg[11]/C
                         clock pessimism             -0.240     3.146    
    SLICE_X9Y91          FDRE (Hold_DFF2_SLICEL_C_D)
                                                      0.102     3.248    neural_reconstruction_bd_i/reconstruction_accel_0/inst/gmem0_m_axi_U/bus_read/rreq_burst_conv/burst_sequential/rs_req/data_p2_reg[11]
  -------------------------------------------------------------------
                         required time                         -3.248    
                         arrival time                           3.262    
  -------------------------------------------------------------------
                         slack                                  0.015    

Slack (MET) :             0.016ns  (arrival time - required time)
  Source:                 neural_reconstruction_bd_i/reconstruction_accel_0/inst/grp_reconstruction_accel_Pipeline_CONV1_Y_PAD_CONV1_X_PAD_fu_166/add_ln479_reg_2886_reg[14]__0/C
                            (rising edge-triggered cell FDRE clocked by clk_pl_0  {rise@0.000ns fall@2.500ns period=5.000ns})
  Destination:            neural_reconstruction_bd_i/reconstruction_accel_0/inst/grp_reconstruction_accel_Pipeline_CONV1_Y_PAD_CONV1_X_PAD_fu_166/add_ln479_reg_2886_pp0_iter7_reg_reg[14]_srl6/D
                            (rising edge-triggered cell SRL16E clocked by clk_pl_0  {rise@0.000ns fall@2.500ns period=5.000ns})
  Path Group:             clk_pl_0
  Path Type:              Hold (Min at Slow Process Corner)
  Requirement:            0.000ns  (clk_pl_0 rise@0.000ns - clk_pl_0 rise@0.000ns)
  Data Path Delay:        0.212ns  (logic 0.112ns (52.830%)  route 0.100ns (47.170%))
  Logic Levels:           0  
  Clock Path Skew:        0.160ns (DCD - SCD - CPR)
    Destination Clock Delay (DCD):    3.240ns
    Source Clock Delay      (SCD):    2.844ns
    Clock Pessimism Removal (CPR):    0.236ns
  Clock Net Delay (Source):      2.628ns (routing 1.450ns, distribution 1.178ns)
  Clock Net Delay (Destination): 2.973ns (routing 1.584ns, distribution 1.389ns)

    Location             Delay type                Incr(ns)  Path(ns)    Netlist Resource(s)
  -------------------------------------------------------------------    -------------------
                         (clock clk_pl_0 rise edge)
                                                      0.000     0.000 r  
    PS8_X0Y0             PS8                          0.000     0.000 r  neural_reconstruction_bd_i/zynq_ultra_ps_e_0/inst/PS8_i/PLCLK[0]
                         net (fo=1, routed)           0.181     0.181    neural_reconstruction_bd_i/zynq_ultra_ps_e_0/inst/pl_clk_unbuffered[0]
    BUFG_PS_X0Y80        BUFG_PS (Prop_BUFG_PS_I_O)
                                                      0.035     0.216 r  neural_reconstruction_bd_i/zynq_ultra_ps_e_0/inst/buffer_pl_clk_0.PL_CLK_0_BUFG/O
    X1Y1 (CLOCK_ROOT)    net (fo=7864, routed)        2.628     2.844    neural_reconstruction_bd_i/reconstruction_accel_0/inst/grp_reconstruction_accel_Pipeline_CONV1_Y_PAD_CONV1_X_PAD_fu_166/ap_clk
    SLICE_X32Y70         FDRE                                         r  neural_reconstruction_bd_i/reconstruction_accel_0/inst/grp_reconstruction_accel_Pipeline_CONV1_Y_PAD_CONV1_X_PAD_fu_166/add_ln479_reg_2886_reg[14]__0/C
  -------------------------------------------------------------------    -------------------
    SLICE_X32Y70         FDRE (Prop_HFF_SLICEM_C_Q)
                                                      0.112     2.956 r  neural_reconstruction_bd_i/reconstruction_accel_0/inst/grp_reconstruction_accel_Pipeline_CONV1_Y_PAD_CONV1_X_PAD_fu_166/add_ln479_reg_2886_reg[14]__0/Q
                         net (fo=1, routed)           0.100     3.056    neural_reconstruction_bd_i/reconstruction_accel_0/inst/grp_reconstruction_accel_Pipeline_CONV1_Y_PAD_CONV1_X_PAD_fu_166/add_ln479_reg_2886_reg[14]__0_n_3
    SLICE_X34Y70         SRL16E                                       r  neural_reconstruction_bd_i/reconstruction_accel_0/inst/grp_reconstruction_accel_Pipeline_CONV1_Y_PAD_CONV1_X_PAD_fu_166/add_ln479_reg_2886_pp0_iter7_reg_reg[14]_srl6/D
  -------------------------------------------------------------------    -------------------

                         (clock clk_pl_0 rise edge)
                                                      0.000     0.000 r  
    PS8_X0Y0             PS8                          0.000     0.000 r  neural_reconstruction_bd_i/zynq_ultra_ps_e_0/inst/PS8_i/PLCLK[0]
                         net (fo=1, routed)           0.229     0.229    neural_reconstruction_bd_i/zynq_ultra_ps_e_0/inst/pl_clk_unbuffered[0]
    BUFG_PS_X0Y80        BUFG_PS (Prop_BUFG_PS_I_O)
                                                      0.038     0.267 r  neural_reconstruction_bd_i/zynq_ultra_ps_e_0/inst/buffer_pl_clk_0.PL_CLK_0_BUFG/O
    X1Y1 (CLOCK_ROOT)    net (fo=7864, routed)        2.973     3.240    neural_reconstruction_bd_i/reconstruction_accel_0/inst/grp_reconstruction_accel_Pipeline_CONV1_Y_PAD_CONV1_X_PAD_fu_166/ap_clk
    SLICE_X34Y70         SRL16E                                       r  neural_reconstruction_bd_i/reconstruction_accel_0/inst/grp_reconstruction_accel_Pipeline_CONV1_Y_PAD_CONV1_X_PAD_fu_166/add_ln479_reg_2886_pp0_iter7_reg_reg[14]_srl6/CLK
                         clock pessimism             -0.236     3.004    
    SLICE_X34Y70         SRL16E (Hold_H6LUT_SLICEM_CLK_D)
                                                      0.036     3.040    neural_reconstruction_bd_i/reconstruction_accel_0/inst/grp_reconstruction_accel_Pipeline_CONV1_Y_PAD_CONV1_X_PAD_fu_166/add_ln479_reg_2886_pp0_iter7_reg_reg[14]_srl6
  -------------------------------------------------------------------
                         required time                         -3.040    
                         arrival time                           3.056    
  -------------------------------------------------------------------
                         slack                                  0.016    

Slack (MET) :             0.017ns  (arrival time - required time)
  Source:                 neural_reconstruction_bd_i/reconstruction_accel_0/inst/gmem0_m_axi_U/load_unit_0/fifo_rreq/U_fifo_srl/dout_reg[2]/C
                            (rising edge-triggered cell FDRE clocked by clk_pl_0  {rise@0.000ns fall@2.500ns period=5.000ns})
  Destination:            neural_reconstruction_bd_i/reconstruction_accel_0/inst/gmem0_m_axi_U/load_unit_0/tmp_addr_reg[2]/D
                            (rising edge-triggered cell FDRE clocked by clk_pl_0  {rise@0.000ns fall@2.500ns period=5.000ns})
  Path Group:             clk_pl_0
  Path Type:              Hold (Min at Slow Process Corner)
  Requirement:            0.000ns  (clk_pl_0 rise@0.000ns - clk_pl_0 rise@0.000ns)
  Data Path Delay:        0.233ns  (logic 0.112ns (48.069%)  route 0.121ns (51.931%))
  Logic Levels:           0  
  Clock Path Skew:        0.113ns (DCD - SCD - CPR)
    Destination Clock Delay (DCD):    3.390ns
    Source Clock Delay      (SCD):    3.036ns
    Clock Pessimism Removal (CPR):    0.240ns
  Clock Net Delay (Source):      2.820ns (routing 1.450ns, distribution 1.370ns)
  Clock Net Delay (Destination): 3.123ns (routing 1.584ns, distribution 1.539ns)

    Location             Delay type                Incr(ns)  Path(ns)    Netlist Resource(s)
  -------------------------------------------------------------------    -------------------
                         (clock clk_pl_0 rise edge)
                                                      0.000     0.000 r  
    PS8_X0Y0             PS8                          0.000     0.000 r  neural_reconstruction_bd_i/zynq_ultra_ps_e_0/inst/PS8_i/PLCLK[0]
                         net (fo=1, routed)           0.181     0.181    neural_reconstruction_bd_i/zynq_ultra_ps_e_0/inst/pl_clk_unbuffered[0]
    BUFG_PS_X0Y80        BUFG_PS (Prop_BUFG_PS_I_O)
                                                      0.035     0.216 r  neural_reconstruction_bd_i/zynq_ultra_ps_e_0/inst/buffer_pl_clk_0.PL_CLK_0_BUFG/O
    X1Y1 (CLOCK_ROOT)    net (fo=7864, routed)        2.820     3.036    neural_reconstruction_bd_i/reconstruction_accel_0/inst/gmem0_m_axi_U/load_unit_0/fifo_rreq/U_fifo_srl/ap_clk
    SLICE_X8Y89          FDRE                                         r  neural_reconstruction_bd_i/reconstruction_accel_0/inst/gmem0_m_axi_U/load_unit_0/fifo_rreq/U_fifo_srl/dout_reg[2]/C
  -------------------------------------------------------------------    -------------------
    SLICE_X8Y89          FDRE (Prop_CFF_SLICEM_C_Q)
                                                      0.112     3.148 r  neural_reconstruction_bd_i/reconstruction_accel_0/inst/gmem0_m_axi_U/load_unit_0/fifo_rreq/U_fifo_srl/dout_reg[2]/Q
                         net (fo=1, routed)           0.121     3.269    neural_reconstruction_bd_i/reconstruction_accel_0/inst/gmem0_m_axi_U/load_unit_0/fifo_rreq_n_68
    SLICE_X8Y90          FDRE                                         r  neural_reconstruction_bd_i/reconstruction_accel_0/inst/gmem0_m_axi_U/load_unit_0/tmp_addr_reg[2]/D
  -------------------------------------------------------------------    -------------------

                         (clock clk_pl_0 rise edge)
                                                      0.000     0.000 r  
    PS8_X0Y0             PS8                          0.000     0.000 r  neural_reconstruction_bd_i/zynq_ultra_ps_e_0/inst/PS8_i/PLCLK[0]
                         net (fo=1, routed)           0.229     0.229    neural_reconstruction_bd_i/zynq_ultra_ps_e_0/inst/pl_clk_unbuffered[0]
    BUFG_PS_X0Y80        BUFG_PS (Prop_BUFG_PS_I_O)
                                                      0.038     0.267 r  neural_reconstruction_bd_i/zynq_ultra_ps_e_0/inst/buffer_pl_clk_0.PL_CLK_0_BUFG/O
    X1Y1 (CLOCK_ROOT)    net (fo=7864, routed)        3.123     3.390    neural_reconstruction_bd_i/reconstruction_accel_0/inst/gmem0_m_axi_U/load_unit_0/ap_clk
    SLICE_X8Y90          FDRE                                         r  neural_reconstruction_bd_i/reconstruction_accel_0/inst/gmem0_m_axi_U/load_unit_0/tmp_addr_reg[2]/C
                         clock pessimism             -0.240     3.150    
    SLICE_X8Y90          FDRE (Hold_HFF2_SLICEM_C_D)
                                                      0.103     3.253    neural_reconstruction_bd_i/reconstruction_accel_0/inst/gmem0_m_axi_U/load_unit_0/tmp_addr_reg[2]
  -------------------------------------------------------------------
                         required time                         -3.253    
                         arrival time                           3.269    
  -------------------------------------------------------------------
                         slack                                  0.017    

Slack (MET) :             0.018ns  (arrival time - required time)
  Source:                 <hidden>
                            (rising edge-triggered cell FDRE clocked by clk_pl_0  {rise@0.000ns fall@2.500ns period=5.000ns})
  Destination:            <hidden>
                            (rising edge-triggered cell FDRE clocked by clk_pl_0  {rise@0.000ns fall@2.500ns period=5.000ns})
  Path Group:             clk_pl_0
  Path Type:              Hold (Min at Slow Process Corner)
  Requirement:            0.000ns  (clk_pl_0 rise@0.000ns - clk_pl_0 rise@0.000ns)
  Data Path Delay:        0.253ns  (logic 0.146ns (57.708%)  route 0.107ns (42.293%))
  Logic Levels:           1  (LUT6=1)
  Clock Path Skew:        0.134ns (DCD - SCD - CPR)
    Destination Clock Delay (DCD):    3.405ns
    Source Clock Delay      (SCD):    3.031ns
    Clock Pessimism Removal (CPR):    0.240ns
  Clock Net Delay (Source):      2.815ns (routing 1.450ns, distribution 1.365ns)
  Clock Net Delay (Destination): 3.138ns (routing 1.584ns, distribution 1.554ns)

    Location             Delay type                Incr(ns)  Path(ns)    Netlist Resource(s)
  -------------------------------------------------------------------    -------------------
                         (clock clk_pl_0 rise edge)
                                                      0.000     0.000 r  
    PS8_X0Y0             PS8                          0.000     0.000 r  neural_reconstruction_bd_i/zynq_ultra_ps_e_0/inst/PS8_i/PLCLK[0]
                         net (fo=1, routed)           0.181     0.181    neural_reconstruction_bd_i/zynq_ultra_ps_e_0/inst/pl_clk_unbuffered[0]
    BUFG_PS_X0Y80        BUFG_PS (Prop_BUFG_PS_I_O)
                                                      0.035     0.216 r  neural_reconstruction_bd_i/zynq_ultra_ps_e_0/inst/buffer_pl_clk_0.PL_CLK_0_BUFG/O
    X1Y1 (CLOCK_ROOT)    net (fo=7864, routed)        2.815     3.031    <hidden>
    SLICE_X10Y102        FDRE                                         r  <hidden>
  -------------------------------------------------------------------    -------------------
    SLICE_X10Y102        FDRE (Prop_HFF_SLICEM_C_Q)
                                                      0.112     3.143 r  <hidden>
                         net (fo=1, routed)           0.075     3.218    <hidden>
    SLICE_X9Y102         LUT6 (Prop_H6LUT_SLICEL_I5_O)
                                                      0.034     3.252 r  <hidden>
                         net (fo=1, routed)           0.032     3.284    <hidden>
    SLICE_X9Y102         FDRE                                         r  <hidden>
  -------------------------------------------------------------------    -------------------

                         (clock clk_pl_0 rise edge)
                                                      0.000     0.000 r  
    PS8_X0Y0             PS8                          0.000     0.000 r  neural_reconstruction_bd_i/zynq_ultra_ps_e_0/inst/PS8_i/PLCLK[0]
                         net (fo=1, routed)           0.229     0.229    neural_reconstruction_bd_i/zynq_ultra_ps_e_0/inst/pl_clk_unbuffered[0]
    BUFG_PS_X0Y80        BUFG_PS (Prop_BUFG_PS_I_O)
                                                      0.038     0.267 r  neural_reconstruction_bd_i/zynq_ultra_ps_e_0/inst/buffer_pl_clk_0.PL_CLK_0_BUFG/O
    X1Y1 (CLOCK_ROOT)    net (fo=7864, routed)        3.138     3.405    <hidden>
    SLICE_X9Y102         FDRE                                         r  <hidden>
                         clock pessimism             -0.240     3.165    
    SLICE_X9Y102         FDRE (Hold_HFF_SLICEL_C_D)
                                                      0.101     3.266    <hidden>
  -------------------------------------------------------------------
                         required time                         -3.266    
                         arrival time                           3.284    
  -------------------------------------------------------------------
                         slack                                  0.018    

Slack (MET) :             0.019ns  (arrival time - required time)
  Source:                 neural_reconstruction_bd_i/reconstruction_accel_0/inst/grp_reconstruction_accel_Pipeline_CONV1_Y_PAD_CONV1_X_PAD_fu_166/add_ln479_reg_2886_reg[15]__0/C
                            (rising edge-triggered cell FDRE clocked by clk_pl_0  {rise@0.000ns fall@2.500ns period=5.000ns})
  Destination:            neural_reconstruction_bd_i/reconstruction_accel_0/inst/grp_reconstruction_accel_Pipeline_CONV1_Y_PAD_CONV1_X_PAD_fu_166/add_ln479_reg_2886_pp0_iter7_reg_reg[15]_srl6/D
                            (rising edge-triggered cell SRL16E clocked by clk_pl_0  {rise@0.000ns fall@2.500ns period=5.000ns})
  Path Group:             clk_pl_0
  Path Type:              Hold (Min at Slow Process Corner)
  Requirement:            0.000ns  (clk_pl_0 rise@0.000ns - clk_pl_0 rise@0.000ns)
  Data Path Delay:        0.255ns  (logic 0.112ns (43.922%)  route 0.143ns (56.078%))
  Logic Levels:           0  
  Clock Path Skew:        0.166ns (DCD - SCD - CPR)
    Destination Clock Delay (DCD):    3.240ns
    Source Clock Delay      (SCD):    2.838ns
    Clock Pessimism Removal (CPR):    0.236ns
  Clock Net Delay (Source):      2.622ns (routing 1.450ns, distribution 1.172ns)
  Clock Net Delay (Destination): 2.973ns (routing 1.584ns, distribution 1.389ns)

    Location             Delay type                Incr(ns)  Path(ns)    Netlist Resource(s)
  -------------------------------------------------------------------    -------------------
                         (clock clk_pl_0 rise edge)
                                                      0.000     0.000 r  
    PS8_X0Y0             PS8                          0.000     0.000 r  neural_reconstruction_bd_i/zynq_ultra_ps_e_0/inst/PS8_i/PLCLK[0]
                         net (fo=1, routed)           0.181     0.181    neural_reconstruction_bd_i/zynq_ultra_ps_e_0/inst/pl_clk_unbuffered[0]
    BUFG_PS_X0Y80        BUFG_PS (Prop_BUFG_PS_I_O)
                                                      0.035     0.216 r  neural_reconstruction_bd_i/zynq_ultra_ps_e_0/inst/buffer_pl_clk_0.PL_CLK_0_BUFG/O
    X1Y1 (CLOCK_ROOT)    net (fo=7864, routed)        2.622     2.838    neural_reconstruction_bd_i/reconstruction_accel_0/inst/grp_reconstruction_accel_Pipeline_CONV1_Y_PAD_CONV1_X_PAD_fu_166/ap_clk
    SLICE_X32Y71         FDRE                                         r  neural_reconstruction_bd_i/reconstruction_accel_0/inst/grp_reconstruction_accel_Pipeline_CONV1_Y_PAD_CONV1_X_PAD_fu_166/add_ln479_reg_2886_reg[15]__0/C
  -------------------------------------------------------------------    -------------------
    SLICE_X32Y71         FDRE (Prop_AFF_SLICEM_C_Q)
                                                      0.112     2.950 r  neural_reconstruction_bd_i/reconstruction_accel_0/inst/grp_reconstruction_accel_Pipeline_CONV1_Y_PAD_CONV1_X_PAD_fu_166/add_ln479_reg_2886_reg[15]__0/Q
                         net (fo=1, routed)           0.143     3.093    neural_reconstruction_bd_i/reconstruction_accel_0/inst/grp_reconstruction_accel_Pipeline_CONV1_Y_PAD_CONV1_X_PAD_fu_166/add_ln479_reg_2886_reg[15]__0_n_3
    SLICE_X34Y70         SRL16E                                       r  neural_reconstruction_bd_i/reconstruction_accel_0/inst/grp_reconstruction_accel_Pipeline_CONV1_Y_PAD_CONV1_X_PAD_fu_166/add_ln479_reg_2886_pp0_iter7_reg_reg[15]_srl6/D
  -------------------------------------------------------------------    -------------------

                         (clock clk_pl_0 rise edge)
                                                      0.000     0.000 r  
    PS8_X0Y0             PS8                          0.000     0.000 r  neural_reconstruction_bd_i/zynq_ultra_ps_e_0/inst/PS8_i/PLCLK[0]
                         net (fo=1, routed)           0.229     0.229    neural_reconstruction_bd_i/zynq_ultra_ps_e_0/inst/pl_clk_unbuffered[0]
    BUFG_PS_X0Y80        BUFG_PS (Prop_BUFG_PS_I_O)
                                                      0.038     0.267 r  neural_reconstruction_bd_i/zynq_ultra_ps_e_0/inst/buffer_pl_clk_0.PL_CLK_0_BUFG/O
    X1Y1 (CLOCK_ROOT)    net (fo=7864, routed)        2.973     3.240    neural_reconstruction_bd_i/reconstruction_accel_0/inst/grp_reconstruction_accel_Pipeline_CONV1_Y_PAD_CONV1_X_PAD_fu_166/ap_clk
    SLICE_X34Y70         SRL16E                                       r  neural_reconstruction_bd_i/reconstruction_accel_0/inst/grp_reconstruction_accel_Pipeline_CONV1_Y_PAD_CONV1_X_PAD_fu_166/add_ln479_reg_2886_pp0_iter7_reg_reg[15]_srl6/CLK
                         clock pessimism             -0.236     3.004    
    SLICE_X34Y70         SRL16E (Hold_A5LUT_SLICEM_CLK_D)
                                                      0.070     3.074    neural_reconstruction_bd_i/reconstruction_accel_0/inst/grp_reconstruction_accel_Pipeline_CONV1_Y_PAD_CONV1_X_PAD_fu_166/add_ln479_reg_2886_pp0_iter7_reg_reg[15]_srl6
  -------------------------------------------------------------------
                         required time                         -3.074    
                         arrival time                           3.093    
  -------------------------------------------------------------------
                         slack                                  0.019    





Pulse Width Checks
--------------------------------------------------------------------------------------
Clock Name:         clk_pl_0
Waveform(ns):       { 0.000 2.500 }
Period(ns):         5.000
Sources:            { neural_reconstruction_bd_i/zynq_ultra_ps_e_0/inst/PS8_i/PLCLK[0] }

Check Type        Corner  Lib Pin          Reference Pin  Required(ns)  Actual(ns)  Slack(ns)  Location       Pin
Min Period        n/a     PS8/MAXIGP0ACLK  n/a            3.000         5.000       2.000      PS8_X0Y0       neural_reconstruction_bd_i/zynq_ultra_ps_e_0/inst/PS8_i/MAXIGP0ACLK
Min Period        n/a     PS8/SAXIGP2RCLK  n/a            3.000         5.000       2.000      PS8_X0Y0       neural_reconstruction_bd_i/zynq_ultra_ps_e_0/inst/PS8_i/SAXIGP2RCLK
Min Period        n/a     PS8/SAXIGP2WCLK  n/a            3.000         5.000       2.000      PS8_X0Y0       neural_reconstruction_bd_i/zynq_ultra_ps_e_0/inst/PS8_i/SAXIGP2WCLK
Min Period        n/a     PS8/SAXIGP3RCLK  n/a            3.000         5.000       2.000      PS8_X0Y0       neural_reconstruction_bd_i/zynq_ultra_ps_e_0/inst/PS8_i/SAXIGP3RCLK
Min Period        n/a     PS8/SAXIGP3WCLK  n/a            3.000         5.000       2.000      PS8_X0Y0       neural_reconstruction_bd_i/zynq_ultra_ps_e_0/inst/PS8_i/SAXIGP3WCLK
Min Period        n/a     URAM288/CLK      n/a            2.471         5.000       2.529      URAM288_X0Y20  neural_reconstruction_bd_i/reconstruction_accel_0/inst/conv1_out_U/ram_reg_uram_10/CLK
Min Period        n/a     URAM288/CLK      n/a            2.471         5.000       2.529      URAM288_X0Y8   neural_reconstruction_bd_i/reconstruction_accel_0/inst/conv1_out_U/ram_reg_uram_11/CLK
Min Period        n/a     URAM288/CLK      n/a            2.471         5.000       2.529      URAM288_X0Y16  neural_reconstruction_bd_i/reconstruction_accel_0/inst/conv1_out_U/ram_reg_uram_12/CLK
Min Period        n/a     URAM288/CLK      n/a            2.471         5.000       2.529      URAM288_X0Y9   neural_reconstruction_bd_i/reconstruction_accel_0/inst/conv1_out_U/ram_reg_uram_13/CLK
Min Period        n/a     URAM288/CLK      n/a            2.471         5.000       2.529      URAM288_X0Y17  neural_reconstruction_bd_i/reconstruction_accel_0/inst/conv1_out_U/ram_reg_uram_14/CLK
Low Pulse Width   Slow    PS8/MAXIGP0ACLK  n/a            1.500         2.500       1.000      PS8_X0Y0       neural_reconstruction_bd_i/zynq_ultra_ps_e_0/inst/PS8_i/MAXIGP0ACLK
Low Pulse Width   Fast    PS8/MAXIGP0ACLK  n/a            1.500         2.500       1.000      PS8_X0Y0       neural_reconstruction_bd_i/zynq_ultra_ps_e_0/inst/PS8_i/MAXIGP0ACLK
Low Pulse Width   Slow    PS8/SAXIGP2RCLK  n/a            1.500         2.500       1.000      PS8_X0Y0       neural_reconstruction_bd_i/zynq_ultra_ps_e_0/inst/PS8_i/SAXIGP2RCLK
Low Pulse Width   Fast    PS8/SAXIGP2RCLK  n/a            1.500         2.500       1.000      PS8_X0Y0       neural_reconstruction_bd_i/zynq_ultra_ps_e_0/inst/PS8_i/SAXIGP2RCLK
Low Pulse Width   Slow    PS8/SAXIGP2WCLK  n/a            1.500         2.500       1.000      PS8_X0Y0       neural_reconstruction_bd_i/zynq_ultra_ps_e_0/inst/PS8_i/SAXIGP2WCLK
Low Pulse Width   Fast    PS8/SAXIGP2WCLK  n/a            1.500         2.500       1.000      PS8_X0Y0       neural_reconstruction_bd_i/zynq_ultra_ps_e_0/inst/PS8_i/SAXIGP2WCLK
Low Pulse Width   Slow    PS8/SAXIGP3RCLK  n/a            1.500         2.500       1.000      PS8_X0Y0       neural_reconstruction_bd_i/zynq_ultra_ps_e_0/inst/PS8_i/SAXIGP3RCLK
Low Pulse Width   Fast    PS8/SAXIGP3RCLK  n/a            1.500         2.500       1.000      PS8_X0Y0       neural_reconstruction_bd_i/zynq_ultra_ps_e_0/inst/PS8_i/SAXIGP3RCLK
Low Pulse Width   Slow    PS8/SAXIGP3WCLK  n/a            1.500         2.500       1.000      PS8_X0Y0       neural_reconstruction_bd_i/zynq_ultra_ps_e_0/inst/PS8_i/SAXIGP3WCLK
Low Pulse Width   Fast    PS8/SAXIGP3WCLK  n/a            1.500         2.500       1.000      PS8_X0Y0       neural_reconstruction_bd_i/zynq_ultra_ps_e_0/inst/PS8_i/SAXIGP3WCLK
High Pulse Width  Slow    PS8/MAXIGP0ACLK  n/a            1.500         2.500       1.000      PS8_X0Y0       neural_reconstruction_bd_i/zynq_ultra_ps_e_0/inst/PS8_i/MAXIGP0ACLK
High Pulse Width  Fast    PS8/MAXIGP0ACLK  n/a            1.500         2.500       1.000      PS8_X0Y0       neural_reconstruction_bd_i/zynq_ultra_ps_e_0/inst/PS8_i/MAXIGP0ACLK
High Pulse Width  Slow    PS8/SAXIGP2RCLK  n/a            1.500         2.500       1.000      PS8_X0Y0       neural_reconstruction_bd_i/zynq_ultra_ps_e_0/inst/PS8_i/SAXIGP2RCLK
High Pulse Width  Fast    PS8/SAXIGP2RCLK  n/a            1.500         2.500       1.000      PS8_X0Y0       neural_reconstruction_bd_i/zynq_ultra_ps_e_0/inst/PS8_i/SAXIGP2RCLK
High Pulse Width  Slow    PS8/SAXIGP2WCLK  n/a            1.500         2.500       1.000      PS8_X0Y0       neural_reconstruction_bd_i/zynq_ultra_ps_e_0/inst/PS8_i/SAXIGP2WCLK
High Pulse Width  Fast    PS8/SAXIGP2WCLK  n/a            1.500         2.500       1.000      PS8_X0Y0       neural_reconstruction_bd_i/zynq_ultra_ps_e_0/inst/PS8_i/SAXIGP2WCLK
High Pulse Width  Slow    PS8/SAXIGP3RCLK  n/a            1.500         2.500       1.000      PS8_X0Y0       neural_reconstruction_bd_i/zynq_ultra_ps_e_0/inst/PS8_i/SAXIGP3RCLK
High Pulse Width  Fast    PS8/SAXIGP3RCLK  n/a            1.500         2.500       1.000      PS8_X0Y0       neural_reconstruction_bd_i/zynq_ultra_ps_e_0/inst/PS8_i/SAXIGP3RCLK
High Pulse Width  Slow    PS8/SAXIGP3WCLK  n/a            1.500         2.500       1.000      PS8_X0Y0       neural_reconstruction_bd_i/zynq_ultra_ps_e_0/inst/PS8_i/SAXIGP3WCLK
High Pulse Width  Fast    PS8/SAXIGP3WCLK  n/a            1.500         2.500       1.000      PS8_X0Y0       neural_reconstruction_bd_i/zynq_ultra_ps_e_0/inst/PS8_i/SAXIGP3WCLK



--------------------------------------------------------------------------------------
Path Group:  (none)
From Clock:  
  To Clock:  clk_pl_0

Max Delay             1 Endpoint
Min Delay             1 Endpoint
--------------------------------------------------------------------------------------


Max Delay Paths
--------------------------------------------------------------------------------------
Slack:                    inf
  Source:                 neural_reconstruction_bd_i/zynq_ultra_ps_e_0/inst/PS8_i/EMIOGPIOO[95]
                            (internal pin)
  Destination:            neural_reconstruction_bd_i/rst_200m/U0/EXT_LPF/ACTIVE_HIGH_EXT.ACT_HI_EXT/syncstages_ff_reg[0]/D
                            (rising edge-triggered cell FDRE clocked by clk_pl_0  {rise@0.000ns fall@2.500ns period=5.000ns})
  Path Group:             (none)
  Path Type:              Setup (Max at Slow Process Corner)
  Data Path Delay:        2.494ns  (logic 0.228ns (9.142%)  route 2.266ns (90.858%))
  Logic Levels:           1  (LUT1=1)
  Clock Uncertainty:      0.127ns  ((TSJ^2 + DJ^2)^1/2) / 2 + PE
    Total System Jitter     (TSJ):    0.050ns
    Discrete Jitter          (DJ):    0.248ns
    Phase Error              (PE):    0.000ns
  Clock Net Delay (Destination): 2.808ns (routing 1.450ns, distribution 1.358ns)
  Timing Exception:       False Path

    Location             Delay type                Incr(ns)  Path(ns)    Netlist Resource(s)
  -------------------------------------------------------------------    -------------------
    PS8_X0Y0             PS8                          0.000     0.000 f  neural_reconstruction_bd_i/zynq_ultra_ps_e_0/inst/PS8_i/EMIOGPIOO[95]
                         net (fo=1, routed)           1.891     1.891    neural_reconstruction_bd_i/resetn_inverter/Op1[0]
    SLICE_X10Y88         LUT1 (Prop_H6LUT_SLICEM_I0_O)
                                                      0.228     2.119 r  neural_reconstruction_bd_i/resetn_inverter/Res[0]_INST_0/O
                         net (fo=1, routed)           0.375     2.494    neural_reconstruction_bd_i/rst_200m/U0/EXT_LPF/ACTIVE_HIGH_EXT.ACT_HI_EXT/src_in
    SLICE_X10Y88         FDRE                                         r  neural_reconstruction_bd_i/rst_200m/U0/EXT_LPF/ACTIVE_HIGH_EXT.ACT_HI_EXT/syncstages_ff_reg[0]/D
  -------------------------------------------------------------------    -------------------

                         (clock clk_pl_0 rise edge)
                                                      0.000     0.000 r  
    PS8_X0Y0             PS8                          0.000     0.000 r  neural_reconstruction_bd_i/zynq_ultra_ps_e_0/inst/PS8_i/PLCLK[0]
                         net (fo=1, routed)           0.181     0.181    neural_reconstruction_bd_i/zynq_ultra_ps_e_0/inst/pl_clk_unbuffered[0]
    BUFG_PS_X0Y80        BUFG_PS (Prop_BUFG_PS_I_O)
                                                      0.035     0.216 r  neural_reconstruction_bd_i/zynq_ultra_ps_e_0/inst/buffer_pl_clk_0.PL_CLK_0_BUFG/O
    X1Y1 (CLOCK_ROOT)    net (fo=7864, routed)        2.808     3.024    neural_reconstruction_bd_i/rst_200m/U0/EXT_LPF/ACTIVE_HIGH_EXT.ACT_HI_EXT/dest_clk
    SLICE_X10Y88         FDRE                                         r  neural_reconstruction_bd_i/rst_200m/U0/EXT_LPF/ACTIVE_HIGH_EXT.ACT_HI_EXT/syncstages_ff_reg[0]/C





Min Delay Paths
--------------------------------------------------------------------------------------
Slack:                    inf
  Source:                 neural_reconstruction_bd_i/zynq_ultra_ps_e_0/inst/PS8_i/EMIOGPIOO[95]
                            (internal pin)
  Destination:            neural_reconstruction_bd_i/rst_200m/U0/EXT_LPF/ACTIVE_HIGH_EXT.ACT_HI_EXT/syncstages_ff_reg[0]/D
                            (rising edge-triggered cell FDRE clocked by clk_pl_0  {rise@0.000ns fall@2.500ns period=5.000ns})
  Path Group:             (none)
  Path Type:              Hold (Min at Fast Process Corner)
  Data Path Delay:        1.000ns  (logic 0.106ns (10.600%)  route 0.894ns (89.400%))
  Logic Levels:           1  (LUT1=1)
  Clock Uncertainty:      0.127ns  ((TSJ^2 + DJ^2)^1/2) / 2 + PE
    Total System Jitter     (TSJ):    0.050ns
    Discrete Jitter          (DJ):    0.248ns
    Phase Error              (PE):    0.000ns
  Clock Net Delay (Destination): 1.868ns (routing 0.971ns, distribution 0.897ns)
  Timing Exception:       False Path

    Location             Delay type                Incr(ns)  Path(ns)    Netlist Resource(s)
  -------------------------------------------------------------------    -------------------
    PS8_X0Y0             PS8                          0.000     0.000 f  neural_reconstruction_bd_i/zynq_ultra_ps_e_0/inst/PS8_i/EMIOGPIOO[95]
                         net (fo=1, routed)           0.777     0.777    neural_reconstruction_bd_i/resetn_inverter/Op1[0]
    SLICE_X10Y88         LUT1 (Prop_H6LUT_SLICEM_I0_O)
                                                      0.106     0.883 r  neural_reconstruction_bd_i/resetn_inverter/Res[0]_INST_0/O
                         net (fo=1, routed)           0.117     1.000    neural_reconstruction_bd_i/rst_200m/U0/EXT_LPF/ACTIVE_HIGH_EXT.ACT_HI_EXT/src_in
    SLICE_X10Y88         FDRE                                         r  neural_reconstruction_bd_i/rst_200m/U0/EXT_LPF/ACTIVE_HIGH_EXT.ACT_HI_EXT/syncstages_ff_reg[0]/D
  -------------------------------------------------------------------    -------------------

                         (clock clk_pl_0 rise edge)
                                                      0.000     0.000 r  
    PS8_X0Y0             PS8                          0.000     0.000 r  neural_reconstruction_bd_i/zynq_ultra_ps_e_0/inst/PS8_i/PLCLK[0]
                         net (fo=1, routed)           0.164     0.164    neural_reconstruction_bd_i/zynq_ultra_ps_e_0/inst/pl_clk_unbuffered[0]
    BUFG_PS_X0Y80        BUFG_PS (Prop_BUFG_PS_I_O)
                                                      0.023     0.187 r  neural_reconstruction_bd_i/zynq_ultra_ps_e_0/inst/buffer_pl_clk_0.PL_CLK_0_BUFG/O
    X1Y1 (CLOCK_ROOT)    net (fo=7864, routed)        1.868     2.055    neural_reconstruction_bd_i/rst_200m/U0/EXT_LPF/ACTIVE_HIGH_EXT.ACT_HI_EXT/dest_clk
    SLICE_X10Y88         FDRE                                         r  neural_reconstruction_bd_i/rst_200m/U0/EXT_LPF/ACTIVE_HIGH_EXT.ACT_HI_EXT/syncstages_ff_reg[0]/C





--------------------------------------------------------------------------------------
Path Group:  (none)
From Clock:  clk_pl_0
  To Clock:  clk_pl_0

Max Delay            69 Endpoints
Min Delay            69 Endpoints
--------------------------------------------------------------------------------------


Max Delay Paths
--------------------------------------------------------------------------------------
Slack:                    inf
  Source:                 neural_reconstruction_bd_i/sc_control/inst/clk_map/psr_aclk/U0/ACTIVE_LOW_BSR_OUT_DFF[0].FDRE_BSR_N/C
                            (rising edge-triggered cell FDRE clocked by clk_pl_0  {rise@0.000ns fall@2.500ns period=5.000ns})
  Destination:            <hidden>
                            (recovery check against rising-edge clock clk_pl_0  {rise@0.000ns fall@2.500ns period=5.000ns})
  Path Group:             (none)
  Path Type:              Recovery (Max at Slow Process Corner)
  Data Path Delay:        1.407ns  (logic 0.114ns (8.105%)  route 1.293ns (91.895%))
  Logic Levels:           0  
  Clock Path Skew:        -0.343ns (DCD - SCD + CPR)
    Destination Clock Delay (DCD):    3.032ns
    Source Clock Delay      (SCD):    3.375ns
    Clock Pessimism Removal (CPR):    0.000ns
  Clock Uncertainty:      0.129ns  ((TSJ^2 + DJ^2)^1/2) / 2 + PE
    Total System Jitter     (TSJ):    0.071ns
    Discrete Jitter          (DJ):    0.248ns
    Phase Error              (PE):    0.000ns
  Clock Net Delay (Source):      3.108ns (routing 1.584ns, distribution 1.524ns)
  Clock Net Delay (Destination): 2.816ns (routing 1.450ns, distribution 1.366ns)
  Timing Exception:       False Path

    Location             Delay type                Incr(ns)  Path(ns)    Netlist Resource(s)
  -------------------------------------------------------------------    -------------------
                         (clock clk_pl_0 rise edge)
                                                      0.000     0.000 r  
    PS8_X0Y0             PS8                          0.000     0.000 r  neural_reconstruction_bd_i/zynq_ultra_ps_e_0/inst/PS8_i/PLCLK[0]
                         net (fo=1, routed)           0.229     0.229    neural_reconstruction_bd_i/zynq_ultra_ps_e_0/inst/pl_clk_unbuffered[0]
    BUFG_PS_X0Y80        BUFG_PS (Prop_BUFG_PS_I_O)
                                                      0.038     0.267 r  neural_reconstruction_bd_i/zynq_ultra_ps_e_0/inst/buffer_pl_clk_0.PL_CLK_0_BUFG/O
    X1Y1 (CLOCK_ROOT)    net (fo=7864, routed)        3.108     3.375    neural_reconstruction_bd_i/sc_control/inst/clk_map/psr_aclk/U0/aclk
    SLICE_X10Y81         FDRE                                         r  neural_reconstruction_bd_i/sc_control/inst/clk_map/psr_aclk/U0/ACTIVE_LOW_BSR_OUT_DFF[0].FDRE_BSR_N/C
  -------------------------------------------------------------------    -------------------
    SLICE_X10Y81         FDRE (Prop_HFF_SLICEM_C_Q)
                                                      0.114     3.489 r  neural_reconstruction_bd_i/sc_control/inst/clk_map/psr_aclk/U0/ACTIVE_LOW_BSR_OUT_DFF[0].FDRE_BSR_N/Q
                         net (fo=27, routed)          1.293     4.781    <hidden>
    SLICE_X4Y98          FDCE                                         f  <hidden>  (IS_INVERTED)
  -------------------------------------------------------------------    -------------------

                         (clock clk_pl_0 rise edge)
                                                      0.000     0.000 r  
    PS8_X0Y0             PS8                          0.000     0.000 r  neural_reconstruction_bd_i/zynq_ultra_ps_e_0/inst/PS8_i/PLCLK[0]
                         net (fo=1, routed)           0.181     0.181    neural_reconstruction_bd_i/zynq_ultra_ps_e_0/inst/pl_clk_unbuffered[0]
    BUFG_PS_X0Y80        BUFG_PS (Prop_BUFG_PS_I_O)
                                                      0.035     0.216 r  neural_reconstruction_bd_i/zynq_ultra_ps_e_0/inst/buffer_pl_clk_0.PL_CLK_0_BUFG/O
    X1Y1 (CLOCK_ROOT)    net (fo=7864, routed)        2.816     3.032    <hidden>
    SLICE_X4Y98          FDCE                                         r  <hidden>

Slack:                    inf
  Source:                 neural_reconstruction_bd_i/sc_control/inst/clk_map/psr_aclk/U0/ACTIVE_LOW_BSR_OUT_DFF[0].FDRE_BSR_N/C
                            (rising edge-triggered cell FDRE clocked by clk_pl_0  {rise@0.000ns fall@2.500ns period=5.000ns})
  Destination:            <hidden>
                            (recovery check against rising-edge clock clk_pl_0  {rise@0.000ns fall@2.500ns period=5.000ns})
  Path Group:             (none)
  Path Type:              Recovery (Max at Slow Process Corner)
  Data Path Delay:        1.407ns  (logic 0.114ns (8.105%)  route 1.293ns (91.895%))
  Logic Levels:           0  
  Clock Path Skew:        -0.343ns (DCD - SCD + CPR)
    Destination Clock Delay (DCD):    3.032ns
    Source Clock Delay      (SCD):    3.375ns
    Clock Pessimism Removal (CPR):    0.000ns
  Clock Uncertainty:      0.129ns  ((TSJ^2 + DJ^2)^1/2) / 2 + PE
    Total System Jitter     (TSJ):    0.071ns
    Discrete Jitter          (DJ):    0.248ns
    Phase Error              (PE):    0.000ns
  Clock Net Delay (Source):      3.108ns (routing 1.584ns, distribution 1.524ns)
  Clock Net Delay (Destination): 2.816ns (routing 1.450ns, distribution 1.366ns)
  Timing Exception:       False Path

    Location             Delay type                Incr(ns)  Path(ns)    Netlist Resource(s)
  -------------------------------------------------------------------    -------------------
                         (clock clk_pl_0 rise edge)
                                                      0.000     0.000 r  
    PS8_X0Y0             PS8                          0.000     0.000 r  neural_reconstruction_bd_i/zynq_ultra_ps_e_0/inst/PS8_i/PLCLK[0]
                         net (fo=1, routed)           0.229     0.229    neural_reconstruction_bd_i/zynq_ultra_ps_e_0/inst/pl_clk_unbuffered[0]
    BUFG_PS_X0Y80        BUFG_PS (Prop_BUFG_PS_I_O)
                                                      0.038     0.267 r  neural_reconstruction_bd_i/zynq_ultra_ps_e_0/inst/buffer_pl_clk_0.PL_CLK_0_BUFG/O
    X1Y1 (CLOCK_ROOT)    net (fo=7864, routed)        3.108     3.375    neural_reconstruction_bd_i/sc_control/inst/clk_map/psr_aclk/U0/aclk
    SLICE_X10Y81         FDRE                                         r  neural_reconstruction_bd_i/sc_control/inst/clk_map/psr_aclk/U0/ACTIVE_LOW_BSR_OUT_DFF[0].FDRE_BSR_N/C
  -------------------------------------------------------------------    -------------------
    SLICE_X10Y81         FDRE (Prop_HFF_SLICEM_C_Q)
                                                      0.114     3.489 r  neural_reconstruction_bd_i/sc_control/inst/clk_map/psr_aclk/U0/ACTIVE_LOW_BSR_OUT_DFF[0].FDRE_BSR_N/Q
                         net (fo=27, routed)          1.293     4.781    <hidden>
    SLICE_X4Y98          FDCE                                         f  <hidden>  (IS_INVERTED)
  -------------------------------------------------------------------    -------------------

                         (clock clk_pl_0 rise edge)
                                                      0.000     0.000 r  
    PS8_X0Y0             PS8                          0.000     0.000 r  neural_reconstruction_bd_i/zynq_ultra_ps_e_0/inst/PS8_i/PLCLK[0]
                         net (fo=1, routed)           0.181     0.181    neural_reconstruction_bd_i/zynq_ultra_ps_e_0/inst/pl_clk_unbuffered[0]
    BUFG_PS_X0Y80        BUFG_PS (Prop_BUFG_PS_I_O)
                                                      0.035     0.216 r  neural_reconstruction_bd_i/zynq_ultra_ps_e_0/inst/buffer_pl_clk_0.PL_CLK_0_BUFG/O
    X1Y1 (CLOCK_ROOT)    net (fo=7864, routed)        2.816     3.032    <hidden>
    SLICE_X4Y98          FDCE                                         r  <hidden>

Slack:                    inf
  Source:                 neural_reconstruction_bd_i/sc_control/inst/clk_map/psr_aclk/U0/ACTIVE_LOW_BSR_OUT_DFF[0].FDRE_BSR_N/C
                            (rising edge-triggered cell FDRE clocked by clk_pl_0  {rise@0.000ns fall@2.500ns period=5.000ns})
  Destination:            <hidden>
                            (recovery check against rising-edge clock clk_pl_0  {rise@0.000ns fall@2.500ns period=5.000ns})
  Path Group:             (none)
  Path Type:              Recovery (Max at Slow Process Corner)
  Data Path Delay:        1.407ns  (logic 0.114ns (8.105%)  route 1.293ns (91.895%))
  Logic Levels:           0  
  Clock Path Skew:        -0.343ns (DCD - SCD + CPR)
    Destination Clock Delay (DCD):    3.032ns
    Source Clock Delay      (SCD):    3.375ns
    Clock Pessimism Removal (CPR):    0.000ns
  Clock Uncertainty:      0.129ns  ((TSJ^2 + DJ^2)^1/2) / 2 + PE
    Total System Jitter     (TSJ):    0.071ns
    Discrete Jitter          (DJ):    0.248ns
    Phase Error              (PE):    0.000ns
  Clock Net Delay (Source):      3.108ns (routing 1.584ns, distribution 1.524ns)
  Clock Net Delay (Destination): 2.816ns (routing 1.450ns, distribution 1.366ns)
  Timing Exception:       False Path

    Location             Delay type                Incr(ns)  Path(ns)    Netlist Resource(s)
  -------------------------------------------------------------------    -------------------
                         (clock clk_pl_0 rise edge)
                                                      0.000     0.000 r  
    PS8_X0Y0             PS8                          0.000     0.000 r  neural_reconstruction_bd_i/zynq_ultra_ps_e_0/inst/PS8_i/PLCLK[0]
                         net (fo=1, routed)           0.229     0.229    neural_reconstruction_bd_i/zynq_ultra_ps_e_0/inst/pl_clk_unbuffered[0]
    BUFG_PS_X0Y80        BUFG_PS (Prop_BUFG_PS_I_O)
                                                      0.038     0.267 r  neural_reconstruction_bd_i/zynq_ultra_ps_e_0/inst/buffer_pl_clk_0.PL_CLK_0_BUFG/O
    X1Y1 (CLOCK_ROOT)    net (fo=7864, routed)        3.108     3.375    neural_reconstruction_bd_i/sc_control/inst/clk_map/psr_aclk/U0/aclk
    SLICE_X10Y81         FDRE                                         r  neural_reconstruction_bd_i/sc_control/inst/clk_map/psr_aclk/U0/ACTIVE_LOW_BSR_OUT_DFF[0].FDRE_BSR_N/C
  -------------------------------------------------------------------    -------------------
    SLICE_X10Y81         FDRE (Prop_HFF_SLICEM_C_Q)
                                                      0.114     3.489 r  neural_reconstruction_bd_i/sc_control/inst/clk_map/psr_aclk/U0/ACTIVE_LOW_BSR_OUT_DFF[0].FDRE_BSR_N/Q
                         net (fo=27, routed)          1.293     4.781    <hidden>
    SLICE_X4Y98          FDCE                                         f  <hidden>  (IS_INVERTED)
  -------------------------------------------------------------------    -------------------

                         (clock clk_pl_0 rise edge)
                                                      0.000     0.000 r  
    PS8_X0Y0             PS8                          0.000     0.000 r  neural_reconstruction_bd_i/zynq_ultra_ps_e_0/inst/PS8_i/PLCLK[0]
                         net (fo=1, routed)           0.181     0.181    neural_reconstruction_bd_i/zynq_ultra_ps_e_0/inst/pl_clk_unbuffered[0]
    BUFG_PS_X0Y80        BUFG_PS (Prop_BUFG_PS_I_O)
                                                      0.035     0.216 r  neural_reconstruction_bd_i/zynq_ultra_ps_e_0/inst/buffer_pl_clk_0.PL_CLK_0_BUFG/O
    X1Y1 (CLOCK_ROOT)    net (fo=7864, routed)        2.816     3.032    <hidden>
    SLICE_X4Y98          FDCE                                         r  <hidden>

Slack:                    inf
  Source:                 neural_reconstruction_bd_i/sc_control/inst/clk_map/psr_aclk/U0/ACTIVE_LOW_BSR_OUT_DFF[0].FDRE_BSR_N/C
                            (rising edge-triggered cell FDRE clocked by clk_pl_0  {rise@0.000ns fall@2.500ns period=5.000ns})
  Destination:            <hidden>
                            (recovery check against rising-edge clock clk_pl_0  {rise@0.000ns fall@2.500ns period=5.000ns})
  Path Group:             (none)
  Path Type:              Recovery (Max at Slow Process Corner)
  Data Path Delay:        1.277ns  (logic 0.114ns (8.931%)  route 1.163ns (91.069%))
  Logic Levels:           0  
  Clock Path Skew:        -0.339ns (DCD - SCD + CPR)
    Destination Clock Delay (DCD):    3.036ns
    Source Clock Delay      (SCD):    3.375ns
    Clock Pessimism Removal (CPR):    0.000ns
  Clock Uncertainty:      0.129ns  ((TSJ^2 + DJ^2)^1/2) / 2 + PE
    Total System Jitter     (TSJ):    0.071ns
    Discrete Jitter          (DJ):    0.248ns
    Phase Error              (PE):    0.000ns
  Clock Net Delay (Source):      3.108ns (routing 1.584ns, distribution 1.524ns)
  Clock Net Delay (Destination): 2.820ns (routing 1.450ns, distribution 1.370ns)
  Timing Exception:       False Path

    Location             Delay type                Incr(ns)  Path(ns)    Netlist Resource(s)
  -------------------------------------------------------------------    -------------------
                         (clock clk_pl_0 rise edge)
                                                      0.000     0.000 r  
    PS8_X0Y0             PS8                          0.000     0.000 r  neural_reconstruction_bd_i/zynq_ultra_ps_e_0/inst/PS8_i/PLCLK[0]
                         net (fo=1, routed)           0.229     0.229    neural_reconstruction_bd_i/zynq_ultra_ps_e_0/inst/pl_clk_unbuffered[0]
    BUFG_PS_X0Y80        BUFG_PS (Prop_BUFG_PS_I_O)
                                                      0.038     0.267 r  neural_reconstruction_bd_i/zynq_ultra_ps_e_0/inst/buffer_pl_clk_0.PL_CLK_0_BUFG/O
    X1Y1 (CLOCK_ROOT)    net (fo=7864, routed)        3.108     3.375    neural_reconstruction_bd_i/sc_control/inst/clk_map/psr_aclk/U0/aclk
    SLICE_X10Y81         FDRE                                         r  neural_reconstruction_bd_i/sc_control/inst/clk_map/psr_aclk/U0/ACTIVE_LOW_BSR_OUT_DFF[0].FDRE_BSR_N/C
  -------------------------------------------------------------------    -------------------
    SLICE_X10Y81         FDRE (Prop_HFF_SLICEM_C_Q)
                                                      0.114     3.489 r  neural_reconstruction_bd_i/sc_control/inst/clk_map/psr_aclk/U0/ACTIVE_LOW_BSR_OUT_DFF[0].FDRE_BSR_N/Q
                         net (fo=27, routed)          1.163     4.651    <hidden>
    SLICE_X6Y98          FDCE                                         f  <hidden>  (IS_INVERTED)
  -------------------------------------------------------------------    -------------------

                         (clock clk_pl_0 rise edge)
                                                      0.000     0.000 r  
    PS8_X0Y0             PS8                          0.000     0.000 r  neural_reconstruction_bd_i/zynq_ultra_ps_e_0/inst/PS8_i/PLCLK[0]
                         net (fo=1, routed)           0.181     0.181    neural_reconstruction_bd_i/zynq_ultra_ps_e_0/inst/pl_clk_unbuffered[0]
    BUFG_PS_X0Y80        BUFG_PS (Prop_BUFG_PS_I_O)
                                                      0.035     0.216 r  neural_reconstruction_bd_i/zynq_ultra_ps_e_0/inst/buffer_pl_clk_0.PL_CLK_0_BUFG/O
    X1Y1 (CLOCK_ROOT)    net (fo=7864, routed)        2.820     3.036    <hidden>
    SLICE_X6Y98          FDCE                                         r  <hidden>

Slack:                    inf
  Source:                 neural_reconstruction_bd_i/sc_control/inst/clk_map/psr_aclk/U0/ACTIVE_LOW_BSR_OUT_DFF[0].FDRE_BSR_N/C
                            (rising edge-triggered cell FDRE clocked by clk_pl_0  {rise@0.000ns fall@2.500ns period=5.000ns})
  Destination:            <hidden>
                            (recovery check against rising-edge clock clk_pl_0  {rise@0.000ns fall@2.500ns period=5.000ns})
  Path Group:             (none)
  Path Type:              Recovery (Max at Slow Process Corner)
  Data Path Delay:        1.277ns  (logic 0.114ns (8.931%)  route 1.163ns (91.069%))
  Logic Levels:           0  
  Clock Path Skew:        -0.339ns (DCD - SCD + CPR)
    Destination Clock Delay (DCD):    3.036ns
    Source Clock Delay      (SCD):    3.375ns
    Clock Pessimism Removal (CPR):    0.000ns
  Clock Uncertainty:      0.129ns  ((TSJ^2 + DJ^2)^1/2) / 2 + PE
    Total System Jitter     (TSJ):    0.071ns
    Discrete Jitter          (DJ):    0.248ns
    Phase Error              (PE):    0.000ns
  Clock Net Delay (Source):      3.108ns (routing 1.584ns, distribution 1.524ns)
  Clock Net Delay (Destination): 2.820ns (routing 1.450ns, distribution 1.370ns)
  Timing Exception:       False Path

    Location             Delay type                Incr(ns)  Path(ns)    Netlist Resource(s)
  -------------------------------------------------------------------    -------------------
                         (clock clk_pl_0 rise edge)
                                                      0.000     0.000 r  
    PS8_X0Y0             PS8                          0.000     0.000 r  neural_reconstruction_bd_i/zynq_ultra_ps_e_0/inst/PS8_i/PLCLK[0]
                         net (fo=1, routed)           0.229     0.229    neural_reconstruction_bd_i/zynq_ultra_ps_e_0/inst/pl_clk_unbuffered[0]
    BUFG_PS_X0Y80        BUFG_PS (Prop_BUFG_PS_I_O)
                                                      0.038     0.267 r  neural_reconstruction_bd_i/zynq_ultra_ps_e_0/inst/buffer_pl_clk_0.PL_CLK_0_BUFG/O
    X1Y1 (CLOCK_ROOT)    net (fo=7864, routed)        3.108     3.375    neural_reconstruction_bd_i/sc_control/inst/clk_map/psr_aclk/U0/aclk
    SLICE_X10Y81         FDRE                                         r  neural_reconstruction_bd_i/sc_control/inst/clk_map/psr_aclk/U0/ACTIVE_LOW_BSR_OUT_DFF[0].FDRE_BSR_N/C
  -------------------------------------------------------------------    -------------------
    SLICE_X10Y81         FDRE (Prop_HFF_SLICEM_C_Q)
                                                      0.114     3.489 r  neural_reconstruction_bd_i/sc_control/inst/clk_map/psr_aclk/U0/ACTIVE_LOW_BSR_OUT_DFF[0].FDRE_BSR_N/Q
                         net (fo=27, routed)          1.163     4.651    <hidden>
    SLICE_X6Y98          FDCE                                         f  <hidden>  (IS_INVERTED)
  -------------------------------------------------------------------    -------------------

                         (clock clk_pl_0 rise edge)
                                                      0.000     0.000 r  
    PS8_X0Y0             PS8                          0.000     0.000 r  neural_reconstruction_bd_i/zynq_ultra_ps_e_0/inst/PS8_i/PLCLK[0]
                         net (fo=1, routed)           0.181     0.181    neural_reconstruction_bd_i/zynq_ultra_ps_e_0/inst/pl_clk_unbuffered[0]
    BUFG_PS_X0Y80        BUFG_PS (Prop_BUFG_PS_I_O)
                                                      0.035     0.216 r  neural_reconstruction_bd_i/zynq_ultra_ps_e_0/inst/buffer_pl_clk_0.PL_CLK_0_BUFG/O
    X1Y1 (CLOCK_ROOT)    net (fo=7864, routed)        2.820     3.036    <hidden>
    SLICE_X6Y98          FDCE                                         r  <hidden>

Slack:                    inf
  Source:                 neural_reconstruction_bd_i/sc_control/inst/clk_map/psr_aclk/U0/ACTIVE_LOW_BSR_OUT_DFF[0].FDRE_BSR_N/C
                            (rising edge-triggered cell FDRE clocked by clk_pl_0  {rise@0.000ns fall@2.500ns period=5.000ns})
  Destination:            <hidden>
                            (recovery check against rising-edge clock clk_pl_0  {rise@0.000ns fall@2.500ns period=5.000ns})
  Path Group:             (none)
  Path Type:              Recovery (Max at Slow Process Corner)
  Data Path Delay:        1.277ns  (logic 0.114ns (8.931%)  route 1.163ns (91.069%))
  Logic Levels:           0  
  Clock Path Skew:        -0.339ns (DCD - SCD + CPR)
    Destination Clock Delay (DCD):    3.036ns
    Source Clock Delay      (SCD):    3.375ns
    Clock Pessimism Removal (CPR):    0.000ns
  Clock Uncertainty:      0.129ns  ((TSJ^2 + DJ^2)^1/2) / 2 + PE
    Total System Jitter     (TSJ):    0.071ns
    Discrete Jitter          (DJ):    0.248ns
    Phase Error              (PE):    0.000ns
  Clock Net Delay (Source):      3.108ns (routing 1.584ns, distribution 1.524ns)
  Clock Net Delay (Destination): 2.820ns (routing 1.450ns, distribution 1.370ns)
  Timing Exception:       False Path

    Location             Delay type                Incr(ns)  Path(ns)    Netlist Resource(s)
  -------------------------------------------------------------------    -------------------
                         (clock clk_pl_0 rise edge)
                                                      0.000     0.000 r  
    PS8_X0Y0             PS8                          0.000     0.000 r  neural_reconstruction_bd_i/zynq_ultra_ps_e_0/inst/PS8_i/PLCLK[0]
                         net (fo=1, routed)           0.229     0.229    neural_reconstruction_bd_i/zynq_ultra_ps_e_0/inst/pl_clk_unbuffered[0]
    BUFG_PS_X0Y80        BUFG_PS (Prop_BUFG_PS_I_O)
                                                      0.038     0.267 r  neural_reconstruction_bd_i/zynq_ultra_ps_e_0/inst/buffer_pl_clk_0.PL_CLK_0_BUFG/O
    X1Y1 (CLOCK_ROOT)    net (fo=7864, routed)        3.108     3.375    neural_reconstruction_bd_i/sc_control/inst/clk_map/psr_aclk/U0/aclk
    SLICE_X10Y81         FDRE                                         r  neural_reconstruction_bd_i/sc_control/inst/clk_map/psr_aclk/U0/ACTIVE_LOW_BSR_OUT_DFF[0].FDRE_BSR_N/C
  -------------------------------------------------------------------    -------------------
    SLICE_X10Y81         FDRE (Prop_HFF_SLICEM_C_Q)
                                                      0.114     3.489 r  neural_reconstruction_bd_i/sc_control/inst/clk_map/psr_aclk/U0/ACTIVE_LOW_BSR_OUT_DFF[0].FDRE_BSR_N/Q
                         net (fo=27, routed)          1.163     4.651    <hidden>
    SLICE_X6Y98          FDCE                                         f  <hidden>  (IS_INVERTED)
  -------------------------------------------------------------------    -------------------

                         (clock clk_pl_0 rise edge)
                                                      0.000     0.000 r  
    PS8_X0Y0             PS8                          0.000     0.000 r  neural_reconstruction_bd_i/zynq_ultra_ps_e_0/inst/PS8_i/PLCLK[0]
                         net (fo=1, routed)           0.181     0.181    neural_reconstruction_bd_i/zynq_ultra_ps_e_0/inst/pl_clk_unbuffered[0]
    BUFG_PS_X0Y80        BUFG_PS (Prop_BUFG_PS_I_O)
                                                      0.035     0.216 r  neural_reconstruction_bd_i/zynq_ultra_ps_e_0/inst/buffer_pl_clk_0.PL_CLK_0_BUFG/O
    X1Y1 (CLOCK_ROOT)    net (fo=7864, routed)        2.820     3.036    <hidden>
    SLICE_X6Y98          FDCE                                         r  <hidden>

Slack:                    inf
  Source:                 neural_reconstruction_bd_i/sc_control/inst/clk_map/psr_aclk/U0/ACTIVE_LOW_BSR_OUT_DFF[0].FDRE_BSR_N/C
                            (rising edge-triggered cell FDRE clocked by clk_pl_0  {rise@0.000ns fall@2.500ns period=5.000ns})
  Destination:            <hidden>
                            (recovery check against rising-edge clock clk_pl_0  {rise@0.000ns fall@2.500ns period=5.000ns})
  Path Group:             (none)
  Path Type:              Recovery (Max at Slow Process Corner)
  Data Path Delay:        1.165ns  (logic 0.114ns (9.789%)  route 1.051ns (90.211%))
  Logic Levels:           0  
  Clock Path Skew:        -0.343ns (DCD - SCD + CPR)
    Destination Clock Delay (DCD):    3.032ns
    Source Clock Delay      (SCD):    3.375ns
    Clock Pessimism Removal (CPR):    0.000ns
  Clock Uncertainty:      0.129ns  ((TSJ^2 + DJ^2)^1/2) / 2 + PE
    Total System Jitter     (TSJ):    0.071ns
    Discrete Jitter          (DJ):    0.248ns
    Phase Error              (PE):    0.000ns
  Clock Net Delay (Source):      3.108ns (routing 1.584ns, distribution 1.524ns)
  Clock Net Delay (Destination): 2.816ns (routing 1.450ns, distribution 1.366ns)
  Timing Exception:       False Path

    Location             Delay type                Incr(ns)  Path(ns)    Netlist Resource(s)
  -------------------------------------------------------------------    -------------------
                         (clock clk_pl_0 rise edge)
                                                      0.000     0.000 r  
    PS8_X0Y0             PS8                          0.000     0.000 r  neural_reconstruction_bd_i/zynq_ultra_ps_e_0/inst/PS8_i/PLCLK[0]
                         net (fo=1, routed)           0.229     0.229    neural_reconstruction_bd_i/zynq_ultra_ps_e_0/inst/pl_clk_unbuffered[0]
    BUFG_PS_X0Y80        BUFG_PS (Prop_BUFG_PS_I_O)
                                                      0.038     0.267 r  neural_reconstruction_bd_i/zynq_ultra_ps_e_0/inst/buffer_pl_clk_0.PL_CLK_0_BUFG/O
    X1Y1 (CLOCK_ROOT)    net (fo=7864, routed)        3.108     3.375    neural_reconstruction_bd_i/sc_control/inst/clk_map/psr_aclk/U0/aclk
    SLICE_X10Y81         FDRE                                         r  neural_reconstruction_bd_i/sc_control/inst/clk_map/psr_aclk/U0/ACTIVE_LOW_BSR_OUT_DFF[0].FDRE_BSR_N/C
  -------------------------------------------------------------------    -------------------
    SLICE_X10Y81         FDRE (Prop_HFF_SLICEM_C_Q)
                                                      0.114     3.489 r  neural_reconstruction_bd_i/sc_control/inst/clk_map/psr_aclk/U0/ACTIVE_LOW_BSR_OUT_DFF[0].FDRE_BSR_N/Q
                         net (fo=27, routed)          1.051     4.539    <hidden>
    SLICE_X7Y100         FDCE                                         f  <hidden>  (IS_INVERTED)
  -------------------------------------------------------------------    -------------------

                         (clock clk_pl_0 rise edge)
                                                      0.000     0.000 r  
    PS8_X0Y0             PS8                          0.000     0.000 r  neural_reconstruction_bd_i/zynq_ultra_ps_e_0/inst/PS8_i/PLCLK[0]
                         net (fo=1, routed)           0.181     0.181    neural_reconstruction_bd_i/zynq_ultra_ps_e_0/inst/pl_clk_unbuffered[0]
    BUFG_PS_X0Y80        BUFG_PS (Prop_BUFG_PS_I_O)
                                                      0.035     0.216 r  neural_reconstruction_bd_i/zynq_ultra_ps_e_0/inst/buffer_pl_clk_0.PL_CLK_0_BUFG/O
    X1Y1 (CLOCK_ROOT)    net (fo=7864, routed)        2.816     3.032    <hidden>
    SLICE_X7Y100         FDCE                                         r  <hidden>

Slack:                    inf
  Source:                 neural_reconstruction_bd_i/sc_control/inst/clk_map/psr_aclk/U0/ACTIVE_LOW_BSR_OUT_DFF[0].FDRE_BSR_N/C
                            (rising edge-triggered cell FDRE clocked by clk_pl_0  {rise@0.000ns fall@2.500ns period=5.000ns})
  Destination:            <hidden>
                            (recovery check against rising-edge clock clk_pl_0  {rise@0.000ns fall@2.500ns period=5.000ns})
  Path Group:             (none)
  Path Type:              Recovery (Max at Slow Process Corner)
  Data Path Delay:        1.165ns  (logic 0.114ns (9.789%)  route 1.051ns (90.211%))
  Logic Levels:           0  
  Clock Path Skew:        -0.343ns (DCD - SCD + CPR)
    Destination Clock Delay (DCD):    3.032ns
    Source Clock Delay      (SCD):    3.375ns
    Clock Pessimism Removal (CPR):    0.000ns
  Clock Uncertainty:      0.129ns  ((TSJ^2 + DJ^2)^1/2) / 2 + PE
    Total System Jitter     (TSJ):    0.071ns
    Discrete Jitter          (DJ):    0.248ns
    Phase Error              (PE):    0.000ns
  Clock Net Delay (Source):      3.108ns (routing 1.584ns, distribution 1.524ns)
  Clock Net Delay (Destination): 2.816ns (routing 1.450ns, distribution 1.366ns)
  Timing Exception:       False Path

    Location             Delay type                Incr(ns)  Path(ns)    Netlist Resource(s)
  -------------------------------------------------------------------    -------------------
                         (clock clk_pl_0 rise edge)
                                                      0.000     0.000 r  
    PS8_X0Y0             PS8                          0.000     0.000 r  neural_reconstruction_bd_i/zynq_ultra_ps_e_0/inst/PS8_i/PLCLK[0]
                         net (fo=1, routed)           0.229     0.229    neural_reconstruction_bd_i/zynq_ultra_ps_e_0/inst/pl_clk_unbuffered[0]
    BUFG_PS_X0Y80        BUFG_PS (Prop_BUFG_PS_I_O)
                                                      0.038     0.267 r  neural_reconstruction_bd_i/zynq_ultra_ps_e_0/inst/buffer_pl_clk_0.PL_CLK_0_BUFG/O
    X1Y1 (CLOCK_ROOT)    net (fo=7864, routed)        3.108     3.375    neural_reconstruction_bd_i/sc_control/inst/clk_map/psr_aclk/U0/aclk
    SLICE_X10Y81         FDRE                                         r  neural_reconstruction_bd_i/sc_control/inst/clk_map/psr_aclk/U0/ACTIVE_LOW_BSR_OUT_DFF[0].FDRE_BSR_N/C
  -------------------------------------------------------------------    -------------------
    SLICE_X10Y81         FDRE (Prop_HFF_SLICEM_C_Q)
                                                      0.114     3.489 r  neural_reconstruction_bd_i/sc_control/inst/clk_map/psr_aclk/U0/ACTIVE_LOW_BSR_OUT_DFF[0].FDRE_BSR_N/Q
                         net (fo=27, routed)          1.051     4.539    <hidden>
    SLICE_X7Y100         FDCE                                         f  <hidden>  (IS_INVERTED)
  -------------------------------------------------------------------    -------------------

                         (clock clk_pl_0 rise edge)
                                                      0.000     0.000 r  
    PS8_X0Y0             PS8                          0.000     0.000 r  neural_reconstruction_bd_i/zynq_ultra_ps_e_0/inst/PS8_i/PLCLK[0]
                         net (fo=1, routed)           0.181     0.181    neural_reconstruction_bd_i/zynq_ultra_ps_e_0/inst/pl_clk_unbuffered[0]
    BUFG_PS_X0Y80        BUFG_PS (Prop_BUFG_PS_I_O)
                                                      0.035     0.216 r  neural_reconstruction_bd_i/zynq_ultra_ps_e_0/inst/buffer_pl_clk_0.PL_CLK_0_BUFG/O
    X1Y1 (CLOCK_ROOT)    net (fo=7864, routed)        2.816     3.032    <hidden>
    SLICE_X7Y100         FDCE                                         r  <hidden>

Slack:                    inf
  Source:                 neural_reconstruction_bd_i/sc_control/inst/clk_map/psr_aclk/U0/ACTIVE_LOW_BSR_OUT_DFF[0].FDRE_BSR_N/C
                            (rising edge-triggered cell FDRE clocked by clk_pl_0  {rise@0.000ns fall@2.500ns period=5.000ns})
  Destination:            <hidden>
                            (recovery check against rising-edge clock clk_pl_0  {rise@0.000ns fall@2.500ns period=5.000ns})
  Path Group:             (none)
  Path Type:              Recovery (Max at Slow Process Corner)
  Data Path Delay:        1.165ns  (logic 0.114ns (9.789%)  route 1.051ns (90.211%))
  Logic Levels:           0  
  Clock Path Skew:        -0.343ns (DCD - SCD + CPR)
    Destination Clock Delay (DCD):    3.032ns
    Source Clock Delay      (SCD):    3.375ns
    Clock Pessimism Removal (CPR):    0.000ns
  Clock Uncertainty:      0.129ns  ((TSJ^2 + DJ^2)^1/2) / 2 + PE
    Total System Jitter     (TSJ):    0.071ns
    Discrete Jitter          (DJ):    0.248ns
    Phase Error              (PE):    0.000ns
  Clock Net Delay (Source):      3.108ns (routing 1.584ns, distribution 1.524ns)
  Clock Net Delay (Destination): 2.816ns (routing 1.450ns, distribution 1.366ns)
  Timing Exception:       False Path

    Location             Delay type                Incr(ns)  Path(ns)    Netlist Resource(s)
  -------------------------------------------------------------------    -------------------
                         (clock clk_pl_0 rise edge)
                                                      0.000     0.000 r  
    PS8_X0Y0             PS8                          0.000     0.000 r  neural_reconstruction_bd_i/zynq_ultra_ps_e_0/inst/PS8_i/PLCLK[0]
                         net (fo=1, routed)           0.229     0.229    neural_reconstruction_bd_i/zynq_ultra_ps_e_0/inst/pl_clk_unbuffered[0]
    BUFG_PS_X0Y80        BUFG_PS (Prop_BUFG_PS_I_O)
                                                      0.038     0.267 r  neural_reconstruction_bd_i/zynq_ultra_ps_e_0/inst/buffer_pl_clk_0.PL_CLK_0_BUFG/O
    X1Y1 (CLOCK_ROOT)    net (fo=7864, routed)        3.108     3.375    neural_reconstruction_bd_i/sc_control/inst/clk_map/psr_aclk/U0/aclk
    SLICE_X10Y81         FDRE                                         r  neural_reconstruction_bd_i/sc_control/inst/clk_map/psr_aclk/U0/ACTIVE_LOW_BSR_OUT_DFF[0].FDRE_BSR_N/C
  -------------------------------------------------------------------    -------------------
    SLICE_X10Y81         FDRE (Prop_HFF_SLICEM_C_Q)
                                                      0.114     3.489 r  neural_reconstruction_bd_i/sc_control/inst/clk_map/psr_aclk/U0/ACTIVE_LOW_BSR_OUT_DFF[0].FDRE_BSR_N/Q
                         net (fo=27, routed)          1.051     4.539    <hidden>
    SLICE_X7Y100         FDCE                                         f  <hidden>  (IS_INVERTED)
  -------------------------------------------------------------------    -------------------

                         (clock clk_pl_0 rise edge)
                                                      0.000     0.000 r  
    PS8_X0Y0             PS8                          0.000     0.000 r  neural_reconstruction_bd_i/zynq_ultra_ps_e_0/inst/PS8_i/PLCLK[0]
                         net (fo=1, routed)           0.181     0.181    neural_reconstruction_bd_i/zynq_ultra_ps_e_0/inst/pl_clk_unbuffered[0]
    BUFG_PS_X0Y80        BUFG_PS (Prop_BUFG_PS_I_O)
                                                      0.035     0.216 r  neural_reconstruction_bd_i/zynq_ultra_ps_e_0/inst/buffer_pl_clk_0.PL_CLK_0_BUFG/O
    X1Y1 (CLOCK_ROOT)    net (fo=7864, routed)        2.816     3.032    <hidden>
    SLICE_X7Y100         FDCE                                         r  <hidden>

Slack:                    inf
  Source:                 neural_reconstruction_bd_i/rst_200m/U0/ACTIVE_LOW_BSR_OUT_DFF[0].FDRE_BSR_N/C
                            (rising edge-triggered cell FDRE clocked by clk_pl_0  {rise@0.000ns fall@2.500ns period=5.000ns})
  Destination:            neural_reconstruction_bd_i/sc_gmem1/inst/clk_map/psr_aclk/U0/EXT_LPF/ACTIVE_LOW_AUX.ACT_LO_AUX/syncstages_ff_reg[0]/D
                            (rising edge-triggered cell FDRE clocked by clk_pl_0  {rise@0.000ns fall@2.500ns period=5.000ns})
  Path Group:             (none)
  Path Type:              Setup (Max at Slow Process Corner)
  Data Path Delay:        0.981ns  (logic 0.301ns (30.685%)  route 0.680ns (69.315%))
  Logic Levels:           1  (LUT1=1)
  Clock Path Skew:        -0.352ns (DCD - SCD + CPR)
    Destination Clock Delay (DCD):    3.031ns
    Source Clock Delay      (SCD):    3.383ns
    Clock Pessimism Removal (CPR):    0.000ns
  Clock Uncertainty:      0.129ns  ((TSJ^2 + DJ^2)^1/2) / 2 + PE
    Total System Jitter     (TSJ):    0.071ns
    Discrete Jitter          (DJ):    0.248ns
    Phase Error              (PE):    0.000ns
  Clock Net Delay (Source):      3.116ns (routing 1.584ns, distribution 1.532ns)
  Clock Net Delay (Destination): 2.815ns (routing 1.450ns, distribution 1.365ns)
  Timing Exception:       False Path

    Location             Delay type                Incr(ns)  Path(ns)    Netlist Resource(s)
  -------------------------------------------------------------------    -------------------
                         (clock clk_pl_0 rise edge)
                                                      0.000     0.000 r  
    PS8_X0Y0             PS8                          0.000     0.000 r  neural_reconstruction_bd_i/zynq_ultra_ps_e_0/inst/PS8_i/PLCLK[0]
                         net (fo=1, routed)           0.229     0.229    neural_reconstruction_bd_i/zynq_ultra_ps_e_0/inst/pl_clk_unbuffered[0]
    BUFG_PS_X0Y80        BUFG_PS (Prop_BUFG_PS_I_O)
                                                      0.038     0.267 r  neural_reconstruction_bd_i/zynq_ultra_ps_e_0/inst/buffer_pl_clk_0.PL_CLK_0_BUFG/O
    X1Y1 (CLOCK_ROOT)    net (fo=7864, routed)        3.116     3.383    neural_reconstruction_bd_i/rst_200m/U0/slowest_sync_clk
    SLICE_X9Y83          FDRE                                         r  neural_reconstruction_bd_i/rst_200m/U0/ACTIVE_LOW_BSR_OUT_DFF[0].FDRE_BSR_N/C
  -------------------------------------------------------------------    -------------------
    SLICE_X9Y83          FDRE (Prop_DFF_SLICEL_C_Q)
                                                      0.114     3.497 f  neural_reconstruction_bd_i/rst_200m/U0/ACTIVE_LOW_BSR_OUT_DFF[0].FDRE_BSR_N/Q
                         net (fo=3, routed)           0.117     3.614    neural_reconstruction_bd_i/sc_gmem1/inst/clk_map/psr_aclk/U0/EXT_LPF/aresetn
    SLICE_X9Y85          LUT1 (Prop_E6LUT_SLICEL_I0_O)
                                                      0.187     3.801 r  neural_reconstruction_bd_i/sc_gmem1/inst/clk_map/psr_aclk/U0/EXT_LPF/ACTIVE_LOW_AUX.ACT_LO_AUX_i_1/O
                         net (fo=1, routed)           0.563     4.364    neural_reconstruction_bd_i/sc_gmem1/inst/clk_map/psr_aclk/U0/EXT_LPF/ACTIVE_LOW_AUX.ACT_LO_AUX/src_in
    SLICE_X7Y99          FDRE                                         r  neural_reconstruction_bd_i/sc_gmem1/inst/clk_map/psr_aclk/U0/EXT_LPF/ACTIVE_LOW_AUX.ACT_LO_AUX/syncstages_ff_reg[0]/D
  -------------------------------------------------------------------    -------------------

                         (clock clk_pl_0 rise edge)
                                                      0.000     0.000 r  
    PS8_X0Y0             PS8                          0.000     0.000 r  neural_reconstruction_bd_i/zynq_ultra_ps_e_0/inst/PS8_i/PLCLK[0]
                         net (fo=1, routed)           0.181     0.181    neural_reconstruction_bd_i/zynq_ultra_ps_e_0/inst/pl_clk_unbuffered[0]
    BUFG_PS_X0Y80        BUFG_PS (Prop_BUFG_PS_I_O)
                                                      0.035     0.216 r  neural_reconstruction_bd_i/zynq_ultra_ps_e_0/inst/buffer_pl_clk_0.PL_CLK_0_BUFG/O
    X1Y1 (CLOCK_ROOT)    net (fo=7864, routed)        2.815     3.031    neural_reconstruction_bd_i/sc_gmem1/inst/clk_map/psr_aclk/U0/EXT_LPF/ACTIVE_LOW_AUX.ACT_LO_AUX/dest_clk
    SLICE_X7Y99          FDRE                                         r  neural_reconstruction_bd_i/sc_gmem1/inst/clk_map/psr_aclk/U0/EXT_LPF/ACTIVE_LOW_AUX.ACT_LO_AUX/syncstages_ff_reg[0]/C





Min Delay Paths
--------------------------------------------------------------------------------------
Slack:                    inf
  Source:                 neural_reconstruction_bd_i/sc_gmem0/inst/clk_map/psr_aclk/U0/ACTIVE_LOW_BSR_OUT_DFF[0].FDRE_BSR_N/C
                            (rising edge-triggered cell FDRE clocked by clk_pl_0  {rise@0.000ns fall@2.500ns period=5.000ns})
  Destination:            <hidden>
                            (removal check against rising-edge clock clk_pl_0  {rise@0.000ns fall@2.500ns period=5.000ns})
  Path Group:             (none)
  Path Type:              Removal (Min at Fast Process Corner)
  Data Path Delay:        0.212ns  (logic 0.083ns (39.172%)  route 0.129ns (60.828%))
  Logic Levels:           0  
  Clock Path Skew:        0.205ns (DCD - SCD - CPR)
    Destination Clock Delay (DCD):    2.074ns
    Source Clock Delay      (SCD):    1.869ns
    Clock Pessimism Removal (CPR):    -0.000ns
  Clock Uncertainty:      0.129ns  ((TSJ^2 + DJ^2)^1/2) / 2 + PE
    Total System Jitter     (TSJ):    0.071ns
    Discrete Jitter          (DJ):    0.248ns
    Phase Error              (PE):    0.000ns
  Clock Net Delay (Source):      1.718ns (routing 0.886ns, distribution 0.832ns)
  Clock Net Delay (Destination): 1.887ns (routing 0.971ns, distribution 0.916ns)
  Timing Exception:       False Path

    Location             Delay type                Incr(ns)  Path(ns)    Netlist Resource(s)
  -------------------------------------------------------------------    -------------------
                         (clock clk_pl_0 rise edge)
                                                      0.000     0.000 r  
    PS8_X0Y0             PS8                          0.000     0.000 r  neural_reconstruction_bd_i/zynq_ultra_ps_e_0/inst/PS8_i/PLCLK[0]
                         net (fo=1, routed)           0.129     0.129    neural_reconstruction_bd_i/zynq_ultra_ps_e_0/inst/pl_clk_unbuffered[0]
    BUFG_PS_X0Y80        BUFG_PS (Prop_BUFG_PS_I_O)
                                                      0.022     0.151 r  neural_reconstruction_bd_i/zynq_ultra_ps_e_0/inst/buffer_pl_clk_0.PL_CLK_0_BUFG/O
    X1Y1 (CLOCK_ROOT)    net (fo=7864, routed)        1.718     1.869    neural_reconstruction_bd_i/sc_gmem0/inst/clk_map/psr_aclk/U0/aclk
    SLICE_X8Y74          FDRE                                         r  neural_reconstruction_bd_i/sc_gmem0/inst/clk_map/psr_aclk/U0/ACTIVE_LOW_BSR_OUT_DFF[0].FDRE_BSR_N/C
  -------------------------------------------------------------------    -------------------
    SLICE_X8Y74          FDRE (Prop_GFF_SLICEM_C_Q)
                                                      0.083     1.952 r  neural_reconstruction_bd_i/sc_gmem0/inst/clk_map/psr_aclk/U0/ACTIVE_LOW_BSR_OUT_DFF[0].FDRE_BSR_N/Q
                         net (fo=18, routed)          0.129     2.081    <hidden>
    SLICE_X3Y74          FDCE                                         f  <hidden>  (IS_INVERTED)
  -------------------------------------------------------------------    -------------------

                         (clock clk_pl_0 rise edge)
                                                      0.000     0.000 r  
    PS8_X0Y0             PS8                          0.000     0.000 r  neural_reconstruction_bd_i/zynq_ultra_ps_e_0/inst/PS8_i/PLCLK[0]
                         net (fo=1, routed)           0.164     0.164    neural_reconstruction_bd_i/zynq_ultra_ps_e_0/inst/pl_clk_unbuffered[0]
    BUFG_PS_X0Y80        BUFG_PS (Prop_BUFG_PS_I_O)
                                                      0.023     0.187 r  neural_reconstruction_bd_i/zynq_ultra_ps_e_0/inst/buffer_pl_clk_0.PL_CLK_0_BUFG/O
    X1Y1 (CLOCK_ROOT)    net (fo=7864, routed)        1.887     2.074    <hidden>
    SLICE_X3Y74          FDCE                                         r  <hidden>

Slack:                    inf
  Source:                 neural_reconstruction_bd_i/sc_gmem0/inst/clk_map/psr_aclk/U0/ACTIVE_LOW_BSR_OUT_DFF[0].FDRE_BSR_N/C
                            (rising edge-triggered cell FDRE clocked by clk_pl_0  {rise@0.000ns fall@2.500ns period=5.000ns})
  Destination:            <hidden>
                            (removal check against rising-edge clock clk_pl_0  {rise@0.000ns fall@2.500ns period=5.000ns})
  Path Group:             (none)
  Path Type:              Removal (Min at Fast Process Corner)
  Data Path Delay:        0.212ns  (logic 0.083ns (39.172%)  route 0.129ns (60.828%))
  Logic Levels:           0  
  Clock Path Skew:        0.205ns (DCD - SCD - CPR)
    Destination Clock Delay (DCD):    2.074ns
    Source Clock Delay      (SCD):    1.869ns
    Clock Pessimism Removal (CPR):    -0.000ns
  Clock Uncertainty:      0.129ns  ((TSJ^2 + DJ^2)^1/2) / 2 + PE
    Total System Jitter     (TSJ):    0.071ns
    Discrete Jitter          (DJ):    0.248ns
    Phase Error              (PE):    0.000ns
  Clock Net Delay (Source):      1.718ns (routing 0.886ns, distribution 0.832ns)
  Clock Net Delay (Destination): 1.887ns (routing 0.971ns, distribution 0.916ns)
  Timing Exception:       False Path

    Location             Delay type                Incr(ns)  Path(ns)    Netlist Resource(s)
  -------------------------------------------------------------------    -------------------
                         (clock clk_pl_0 rise edge)
                                                      0.000     0.000 r  
    PS8_X0Y0             PS8                          0.000     0.000 r  neural_reconstruction_bd_i/zynq_ultra_ps_e_0/inst/PS8_i/PLCLK[0]
                         net (fo=1, routed)           0.129     0.129    neural_reconstruction_bd_i/zynq_ultra_ps_e_0/inst/pl_clk_unbuffered[0]
    BUFG_PS_X0Y80        BUFG_PS (Prop_BUFG_PS_I_O)
                                                      0.022     0.151 r  neural_reconstruction_bd_i/zynq_ultra_ps_e_0/inst/buffer_pl_clk_0.PL_CLK_0_BUFG/O
    X1Y1 (CLOCK_ROOT)    net (fo=7864, routed)        1.718     1.869    neural_reconstruction_bd_i/sc_gmem0/inst/clk_map/psr_aclk/U0/aclk
    SLICE_X8Y74          FDRE                                         r  neural_reconstruction_bd_i/sc_gmem0/inst/clk_map/psr_aclk/U0/ACTIVE_LOW_BSR_OUT_DFF[0].FDRE_BSR_N/C
  -------------------------------------------------------------------    -------------------
    SLICE_X8Y74          FDRE (Prop_GFF_SLICEM_C_Q)
                                                      0.083     1.952 r  neural_reconstruction_bd_i/sc_gmem0/inst/clk_map/psr_aclk/U0/ACTIVE_LOW_BSR_OUT_DFF[0].FDRE_BSR_N/Q
                         net (fo=18, routed)          0.129     2.081    <hidden>
    SLICE_X3Y74          FDCE                                         f  <hidden>  (IS_INVERTED)
  -------------------------------------------------------------------    -------------------

                         (clock clk_pl_0 rise edge)
                                                      0.000     0.000 r  
    PS8_X0Y0             PS8                          0.000     0.000 r  neural_reconstruction_bd_i/zynq_ultra_ps_e_0/inst/PS8_i/PLCLK[0]
                         net (fo=1, routed)           0.164     0.164    neural_reconstruction_bd_i/zynq_ultra_ps_e_0/inst/pl_clk_unbuffered[0]
    BUFG_PS_X0Y80        BUFG_PS (Prop_BUFG_PS_I_O)
                                                      0.023     0.187 r  neural_reconstruction_bd_i/zynq_ultra_ps_e_0/inst/buffer_pl_clk_0.PL_CLK_0_BUFG/O
    X1Y1 (CLOCK_ROOT)    net (fo=7864, routed)        1.887     2.074    <hidden>
    SLICE_X3Y74          FDCE                                         r  <hidden>

Slack:                    inf
  Source:                 neural_reconstruction_bd_i/sc_gmem0/inst/clk_map/psr_aclk/U0/ACTIVE_LOW_BSR_OUT_DFF[0].FDRE_BSR_N/C
                            (rising edge-triggered cell FDRE clocked by clk_pl_0  {rise@0.000ns fall@2.500ns period=5.000ns})
  Destination:            <hidden>
                            (removal check against rising-edge clock clk_pl_0  {rise@0.000ns fall@2.500ns period=5.000ns})
  Path Group:             (none)
  Path Type:              Removal (Min at Fast Process Corner)
  Data Path Delay:        0.212ns  (logic 0.083ns (39.172%)  route 0.129ns (60.828%))
  Logic Levels:           0  
  Clock Path Skew:        0.205ns (DCD - SCD - CPR)
    Destination Clock Delay (DCD):    2.074ns
    Source Clock Delay      (SCD):    1.869ns
    Clock Pessimism Removal (CPR):    -0.000ns
  Clock Uncertainty:      0.129ns  ((TSJ^2 + DJ^2)^1/2) / 2 + PE
    Total System Jitter     (TSJ):    0.071ns
    Discrete Jitter          (DJ):    0.248ns
    Phase Error              (PE):    0.000ns
  Clock Net Delay (Source):      1.718ns (routing 0.886ns, distribution 0.832ns)
  Clock Net Delay (Destination): 1.887ns (routing 0.971ns, distribution 0.916ns)
  Timing Exception:       False Path

    Location             Delay type                Incr(ns)  Path(ns)    Netlist Resource(s)
  -------------------------------------------------------------------    -------------------
                         (clock clk_pl_0 rise edge)
                                                      0.000     0.000 r  
    PS8_X0Y0             PS8                          0.000     0.000 r  neural_reconstruction_bd_i/zynq_ultra_ps_e_0/inst/PS8_i/PLCLK[0]
                         net (fo=1, routed)           0.129     0.129    neural_reconstruction_bd_i/zynq_ultra_ps_e_0/inst/pl_clk_unbuffered[0]
    BUFG_PS_X0Y80        BUFG_PS (Prop_BUFG_PS_I_O)
                                                      0.022     0.151 r  neural_reconstruction_bd_i/zynq_ultra_ps_e_0/inst/buffer_pl_clk_0.PL_CLK_0_BUFG/O
    X1Y1 (CLOCK_ROOT)    net (fo=7864, routed)        1.718     1.869    neural_reconstruction_bd_i/sc_gmem0/inst/clk_map/psr_aclk/U0/aclk
    SLICE_X8Y74          FDRE                                         r  neural_reconstruction_bd_i/sc_gmem0/inst/clk_map/psr_aclk/U0/ACTIVE_LOW_BSR_OUT_DFF[0].FDRE_BSR_N/C
  -------------------------------------------------------------------    -------------------
    SLICE_X8Y74          FDRE (Prop_GFF_SLICEM_C_Q)
                                                      0.083     1.952 r  neural_reconstruction_bd_i/sc_gmem0/inst/clk_map/psr_aclk/U0/ACTIVE_LOW_BSR_OUT_DFF[0].FDRE_BSR_N/Q
                         net (fo=18, routed)          0.129     2.081    <hidden>
    SLICE_X3Y74          FDCE                                         f  <hidden>  (IS_INVERTED)
  -------------------------------------------------------------------    -------------------

                         (clock clk_pl_0 rise edge)
                                                      0.000     0.000 r  
    PS8_X0Y0             PS8                          0.000     0.000 r  neural_reconstruction_bd_i/zynq_ultra_ps_e_0/inst/PS8_i/PLCLK[0]
                         net (fo=1, routed)           0.164     0.164    neural_reconstruction_bd_i/zynq_ultra_ps_e_0/inst/pl_clk_unbuffered[0]
    BUFG_PS_X0Y80        BUFG_PS (Prop_BUFG_PS_I_O)
                                                      0.023     0.187 r  neural_reconstruction_bd_i/zynq_ultra_ps_e_0/inst/buffer_pl_clk_0.PL_CLK_0_BUFG/O
    X1Y1 (CLOCK_ROOT)    net (fo=7864, routed)        1.887     2.074    <hidden>
    SLICE_X3Y74          FDCE                                         r  <hidden>

Slack:                    inf
  Source:                 neural_reconstruction_bd_i/sc_gmem0/inst/clk_map/psr_aclk/U0/ACTIVE_LOW_BSR_OUT_DFF[0].FDRE_BSR_N/C
                            (rising edge-triggered cell FDRE clocked by clk_pl_0  {rise@0.000ns fall@2.500ns period=5.000ns})
  Destination:            <hidden>
                            (removal check against rising-edge clock clk_pl_0  {rise@0.000ns fall@2.500ns period=5.000ns})
  Path Group:             (none)
  Path Type:              Removal (Min at Fast Process Corner)
  Data Path Delay:        0.219ns  (logic 0.083ns (37.919%)  route 0.136ns (62.081%))
  Logic Levels:           0  
  Clock Path Skew:        0.211ns (DCD - SCD - CPR)
    Destination Clock Delay (DCD):    2.080ns
    Source Clock Delay      (SCD):    1.869ns
    Clock Pessimism Removal (CPR):    -0.000ns
  Clock Uncertainty:      0.129ns  ((TSJ^2 + DJ^2)^1/2) / 2 + PE
    Total System Jitter     (TSJ):    0.071ns
    Discrete Jitter          (DJ):    0.248ns
    Phase Error              (PE):    0.000ns
  Clock Net Delay (Source):      1.718ns (routing 0.886ns, distribution 0.832ns)
  Clock Net Delay (Destination): 1.893ns (routing 0.971ns, distribution 0.922ns)
  Timing Exception:       False Path

    Location             Delay type                Incr(ns)  Path(ns)    Netlist Resource(s)
  -------------------------------------------------------------------    -------------------
                         (clock clk_pl_0 rise edge)
                                                      0.000     0.000 r  
    PS8_X0Y0             PS8                          0.000     0.000 r  neural_reconstruction_bd_i/zynq_ultra_ps_e_0/inst/PS8_i/PLCLK[0]
                         net (fo=1, routed)           0.129     0.129    neural_reconstruction_bd_i/zynq_ultra_ps_e_0/inst/pl_clk_unbuffered[0]
    BUFG_PS_X0Y80        BUFG_PS (Prop_BUFG_PS_I_O)
                                                      0.022     0.151 r  neural_reconstruction_bd_i/zynq_ultra_ps_e_0/inst/buffer_pl_clk_0.PL_CLK_0_BUFG/O
    X1Y1 (CLOCK_ROOT)    net (fo=7864, routed)        1.718     1.869    neural_reconstruction_bd_i/sc_gmem0/inst/clk_map/psr_aclk/U0/aclk
    SLICE_X8Y74          FDRE                                         r  neural_reconstruction_bd_i/sc_gmem0/inst/clk_map/psr_aclk/U0/ACTIVE_LOW_BSR_OUT_DFF[0].FDRE_BSR_N/C
  -------------------------------------------------------------------    -------------------
    SLICE_X8Y74          FDRE (Prop_GFF_SLICEM_C_Q)
                                                      0.083     1.952 r  neural_reconstruction_bd_i/sc_gmem0/inst/clk_map/psr_aclk/U0/ACTIVE_LOW_BSR_OUT_DFF[0].FDRE_BSR_N/Q
                         net (fo=18, routed)          0.136     2.088    <hidden>
    SLICE_X2Y74          FDCE                                         f  <hidden>  (IS_INVERTED)
  -------------------------------------------------------------------    -------------------

                         (clock clk_pl_0 rise edge)
                                                      0.000     0.000 r  
    PS8_X0Y0             PS8                          0.000     0.000 r  neural_reconstruction_bd_i/zynq_ultra_ps_e_0/inst/PS8_i/PLCLK[0]
                         net (fo=1, routed)           0.164     0.164    neural_reconstruction_bd_i/zynq_ultra_ps_e_0/inst/pl_clk_unbuffered[0]
    BUFG_PS_X0Y80        BUFG_PS (Prop_BUFG_PS_I_O)
                                                      0.023     0.187 r  neural_reconstruction_bd_i/zynq_ultra_ps_e_0/inst/buffer_pl_clk_0.PL_CLK_0_BUFG/O
    X1Y1 (CLOCK_ROOT)    net (fo=7864, routed)        1.893     2.080    <hidden>
    SLICE_X2Y74          FDCE                                         r  <hidden>

Slack:                    inf
  Source:                 neural_reconstruction_bd_i/sc_gmem0/inst/clk_map/psr_aclk/U0/ACTIVE_LOW_BSR_OUT_DFF[0].FDRE_BSR_N/C
                            (rising edge-triggered cell FDRE clocked by clk_pl_0  {rise@0.000ns fall@2.500ns period=5.000ns})
  Destination:            <hidden>
                            (removal check against rising-edge clock clk_pl_0  {rise@0.000ns fall@2.500ns period=5.000ns})
  Path Group:             (none)
  Path Type:              Removal (Min at Fast Process Corner)
  Data Path Delay:        0.219ns  (logic 0.083ns (37.919%)  route 0.136ns (62.081%))
  Logic Levels:           0  
  Clock Path Skew:        0.211ns (DCD - SCD - CPR)
    Destination Clock Delay (DCD):    2.080ns
    Source Clock Delay      (SCD):    1.869ns
    Clock Pessimism Removal (CPR):    -0.000ns
  Clock Uncertainty:      0.129ns  ((TSJ^2 + DJ^2)^1/2) / 2 + PE
    Total System Jitter     (TSJ):    0.071ns
    Discrete Jitter          (DJ):    0.248ns
    Phase Error              (PE):    0.000ns
  Clock Net Delay (Source):      1.718ns (routing 0.886ns, distribution 0.832ns)
  Clock Net Delay (Destination): 1.893ns (routing 0.971ns, distribution 0.922ns)
  Timing Exception:       False Path

    Location             Delay type                Incr(ns)  Path(ns)    Netlist Resource(s)
  -------------------------------------------------------------------    -------------------
                         (clock clk_pl_0 rise edge)
                                                      0.000     0.000 r  
    PS8_X0Y0             PS8                          0.000     0.000 r  neural_reconstruction_bd_i/zynq_ultra_ps_e_0/inst/PS8_i/PLCLK[0]
                         net (fo=1, routed)           0.129     0.129    neural_reconstruction_bd_i/zynq_ultra_ps_e_0/inst/pl_clk_unbuffered[0]
    BUFG_PS_X0Y80        BUFG_PS (Prop_BUFG_PS_I_O)
                                                      0.022     0.151 r  neural_reconstruction_bd_i/zynq_ultra_ps_e_0/inst/buffer_pl_clk_0.PL_CLK_0_BUFG/O
    X1Y1 (CLOCK_ROOT)    net (fo=7864, routed)        1.718     1.869    neural_reconstruction_bd_i/sc_gmem0/inst/clk_map/psr_aclk/U0/aclk
    SLICE_X8Y74          FDRE                                         r  neural_reconstruction_bd_i/sc_gmem0/inst/clk_map/psr_aclk/U0/ACTIVE_LOW_BSR_OUT_DFF[0].FDRE_BSR_N/C
  -------------------------------------------------------------------    -------------------
    SLICE_X8Y74          FDRE (Prop_GFF_SLICEM_C_Q)
                                                      0.083     1.952 r  neural_reconstruction_bd_i/sc_gmem0/inst/clk_map/psr_aclk/U0/ACTIVE_LOW_BSR_OUT_DFF[0].FDRE_BSR_N/Q
                         net (fo=18, routed)          0.136     2.088    <hidden>
    SLICE_X2Y74          FDCE                                         f  <hidden>  (IS_INVERTED)
  -------------------------------------------------------------------    -------------------

                         (clock clk_pl_0 rise edge)
                                                      0.000     0.000 r  
    PS8_X0Y0             PS8                          0.000     0.000 r  neural_reconstruction_bd_i/zynq_ultra_ps_e_0/inst/PS8_i/PLCLK[0]
                         net (fo=1, routed)           0.164     0.164    neural_reconstruction_bd_i/zynq_ultra_ps_e_0/inst/pl_clk_unbuffered[0]
    BUFG_PS_X0Y80        BUFG_PS (Prop_BUFG_PS_I_O)
                                                      0.023     0.187 r  neural_reconstruction_bd_i/zynq_ultra_ps_e_0/inst/buffer_pl_clk_0.PL_CLK_0_BUFG/O
    X1Y1 (CLOCK_ROOT)    net (fo=7864, routed)        1.893     2.080    <hidden>
    SLICE_X2Y74          FDCE                                         r  <hidden>

Slack:                    inf
  Source:                 neural_reconstruction_bd_i/sc_gmem0/inst/clk_map/psr_aclk/U0/ACTIVE_LOW_BSR_OUT_DFF[0].FDRE_BSR_N/C
                            (rising edge-triggered cell FDRE clocked by clk_pl_0  {rise@0.000ns fall@2.500ns period=5.000ns})
  Destination:            <hidden>
                            (removal check against rising-edge clock clk_pl_0  {rise@0.000ns fall@2.500ns period=5.000ns})
  Path Group:             (none)
  Path Type:              Removal (Min at Fast Process Corner)
  Data Path Delay:        0.219ns  (logic 0.083ns (37.919%)  route 0.136ns (62.081%))
  Logic Levels:           0  
  Clock Path Skew:        0.211ns (DCD - SCD - CPR)
    Destination Clock Delay (DCD):    2.080ns
    Source Clock Delay      (SCD):    1.869ns
    Clock Pessimism Removal (CPR):    -0.000ns
  Clock Uncertainty:      0.129ns  ((TSJ^2 + DJ^2)^1/2) / 2 + PE
    Total System Jitter     (TSJ):    0.071ns
    Discrete Jitter          (DJ):    0.248ns
    Phase Error              (PE):    0.000ns
  Clock Net Delay (Source):      1.718ns (routing 0.886ns, distribution 0.832ns)
  Clock Net Delay (Destination): 1.893ns (routing 0.971ns, distribution 0.922ns)
  Timing Exception:       False Path

    Location             Delay type                Incr(ns)  Path(ns)    Netlist Resource(s)
  -------------------------------------------------------------------    -------------------
                         (clock clk_pl_0 rise edge)
                                                      0.000     0.000 r  
    PS8_X0Y0             PS8                          0.000     0.000 r  neural_reconstruction_bd_i/zynq_ultra_ps_e_0/inst/PS8_i/PLCLK[0]
                         net (fo=1, routed)           0.129     0.129    neural_reconstruction_bd_i/zynq_ultra_ps_e_0/inst/pl_clk_unbuffered[0]
    BUFG_PS_X0Y80        BUFG_PS (Prop_BUFG_PS_I_O)
                                                      0.022     0.151 r  neural_reconstruction_bd_i/zynq_ultra_ps_e_0/inst/buffer_pl_clk_0.PL_CLK_0_BUFG/O
    X1Y1 (CLOCK_ROOT)    net (fo=7864, routed)        1.718     1.869    neural_reconstruction_bd_i/sc_gmem0/inst/clk_map/psr_aclk/U0/aclk
    SLICE_X8Y74          FDRE                                         r  neural_reconstruction_bd_i/sc_gmem0/inst/clk_map/psr_aclk/U0/ACTIVE_LOW_BSR_OUT_DFF[0].FDRE_BSR_N/C
  -------------------------------------------------------------------    -------------------
    SLICE_X8Y74          FDRE (Prop_GFF_SLICEM_C_Q)
                                                      0.083     1.952 r  neural_reconstruction_bd_i/sc_gmem0/inst/clk_map/psr_aclk/U0/ACTIVE_LOW_BSR_OUT_DFF[0].FDRE_BSR_N/Q
                         net (fo=18, routed)          0.136     2.088    <hidden>
    SLICE_X2Y74          FDCE                                         f  <hidden>  (IS_INVERTED)
  -------------------------------------------------------------------    -------------------

                         (clock clk_pl_0 rise edge)
                                                      0.000     0.000 r  
    PS8_X0Y0             PS8                          0.000     0.000 r  neural_reconstruction_bd_i/zynq_ultra_ps_e_0/inst/PS8_i/PLCLK[0]
                         net (fo=1, routed)           0.164     0.164    neural_reconstruction_bd_i/zynq_ultra_ps_e_0/inst/pl_clk_unbuffered[0]
    BUFG_PS_X0Y80        BUFG_PS (Prop_BUFG_PS_I_O)
                                                      0.023     0.187 r  neural_reconstruction_bd_i/zynq_ultra_ps_e_0/inst/buffer_pl_clk_0.PL_CLK_0_BUFG/O
    X1Y1 (CLOCK_ROOT)    net (fo=7864, routed)        1.893     2.080    <hidden>
    SLICE_X2Y74          FDCE                                         r  <hidden>

Slack:                    inf
  Source:                 neural_reconstruction_bd_i/sc_gmem0/inst/clk_map/psr_aclk/U0/ACTIVE_LOW_BSR_OUT_DFF[0].FDRE_BSR_N/C
                            (rising edge-triggered cell FDRE clocked by clk_pl_0  {rise@0.000ns fall@2.500ns period=5.000ns})
  Destination:            <hidden>
                            (removal check against rising-edge clock clk_pl_0  {rise@0.000ns fall@2.500ns period=5.000ns})
  Path Group:             (none)
  Path Type:              Removal (Min at Fast Process Corner)
  Data Path Delay:        0.237ns  (logic 0.083ns (35.028%)  route 0.154ns (64.972%))
  Logic Levels:           0  
  Clock Path Skew:        0.210ns (DCD - SCD - CPR)
    Destination Clock Delay (DCD):    2.079ns
    Source Clock Delay      (SCD):    1.869ns
    Clock Pessimism Removal (CPR):    -0.000ns
  Clock Uncertainty:      0.129ns  ((TSJ^2 + DJ^2)^1/2) / 2 + PE
    Total System Jitter     (TSJ):    0.071ns
    Discrete Jitter          (DJ):    0.248ns
    Phase Error              (PE):    0.000ns
  Clock Net Delay (Source):      1.718ns (routing 0.886ns, distribution 0.832ns)
  Clock Net Delay (Destination): 1.892ns (routing 0.971ns, distribution 0.921ns)
  Timing Exception:       False Path

    Location             Delay type                Incr(ns)  Path(ns)    Netlist Resource(s)
  -------------------------------------------------------------------    -------------------
                         (clock clk_pl_0 rise edge)
                                                      0.000     0.000 r  
    PS8_X0Y0             PS8                          0.000     0.000 r  neural_reconstruction_bd_i/zynq_ultra_ps_e_0/inst/PS8_i/PLCLK[0]
                         net (fo=1, routed)           0.129     0.129    neural_reconstruction_bd_i/zynq_ultra_ps_e_0/inst/pl_clk_unbuffered[0]
    BUFG_PS_X0Y80        BUFG_PS (Prop_BUFG_PS_I_O)
                                                      0.022     0.151 r  neural_reconstruction_bd_i/zynq_ultra_ps_e_0/inst/buffer_pl_clk_0.PL_CLK_0_BUFG/O
    X1Y1 (CLOCK_ROOT)    net (fo=7864, routed)        1.718     1.869    neural_reconstruction_bd_i/sc_gmem0/inst/clk_map/psr_aclk/U0/aclk
    SLICE_X8Y74          FDRE                                         r  neural_reconstruction_bd_i/sc_gmem0/inst/clk_map/psr_aclk/U0/ACTIVE_LOW_BSR_OUT_DFF[0].FDRE_BSR_N/C
  -------------------------------------------------------------------    -------------------
    SLICE_X8Y74          FDRE (Prop_GFF_SLICEM_C_Q)
                                                      0.083     1.952 r  neural_reconstruction_bd_i/sc_gmem0/inst/clk_map/psr_aclk/U0/ACTIVE_LOW_BSR_OUT_DFF[0].FDRE_BSR_N/Q
                         net (fo=18, routed)          0.154     2.106    <hidden>
    SLICE_X2Y75          FDCE                                         f  <hidden>  (IS_INVERTED)
  -------------------------------------------------------------------    -------------------

                         (clock clk_pl_0 rise edge)
                                                      0.000     0.000 r  
    PS8_X0Y0             PS8                          0.000     0.000 r  neural_reconstruction_bd_i/zynq_ultra_ps_e_0/inst/PS8_i/PLCLK[0]
                         net (fo=1, routed)           0.164     0.164    neural_reconstruction_bd_i/zynq_ultra_ps_e_0/inst/pl_clk_unbuffered[0]
    BUFG_PS_X0Y80        BUFG_PS (Prop_BUFG_PS_I_O)
                                                      0.023     0.187 r  neural_reconstruction_bd_i/zynq_ultra_ps_e_0/inst/buffer_pl_clk_0.PL_CLK_0_BUFG/O
    X1Y1 (CLOCK_ROOT)    net (fo=7864, routed)        1.892     2.079    <hidden>
    SLICE_X2Y75          FDCE                                         r  <hidden>

Slack:                    inf
  Source:                 neural_reconstruction_bd_i/sc_gmem0/inst/clk_map/psr_aclk/U0/ACTIVE_LOW_BSR_OUT_DFF[0].FDRE_BSR_N/C
                            (rising edge-triggered cell FDRE clocked by clk_pl_0  {rise@0.000ns fall@2.500ns period=5.000ns})
  Destination:            <hidden>
                            (removal check against rising-edge clock clk_pl_0  {rise@0.000ns fall@2.500ns period=5.000ns})
  Path Group:             (none)
  Path Type:              Removal (Min at Fast Process Corner)
  Data Path Delay:        0.237ns  (logic 0.083ns (35.028%)  route 0.154ns (64.972%))
  Logic Levels:           0  
  Clock Path Skew:        0.210ns (DCD - SCD - CPR)
    Destination Clock Delay (DCD):    2.079ns
    Source Clock Delay      (SCD):    1.869ns
    Clock Pessimism Removal (CPR):    -0.000ns
  Clock Uncertainty:      0.129ns  ((TSJ^2 + DJ^2)^1/2) / 2 + PE
    Total System Jitter     (TSJ):    0.071ns
    Discrete Jitter          (DJ):    0.248ns
    Phase Error              (PE):    0.000ns
  Clock Net Delay (Source):      1.718ns (routing 0.886ns, distribution 0.832ns)
  Clock Net Delay (Destination): 1.892ns (routing 0.971ns, distribution 0.921ns)
  Timing Exception:       False Path

    Location             Delay type                Incr(ns)  Path(ns)    Netlist Resource(s)
  -------------------------------------------------------------------    -------------------
                         (clock clk_pl_0 rise edge)
                                                      0.000     0.000 r  
    PS8_X0Y0             PS8                          0.000     0.000 r  neural_reconstruction_bd_i/zynq_ultra_ps_e_0/inst/PS8_i/PLCLK[0]
                         net (fo=1, routed)           0.129     0.129    neural_reconstruction_bd_i/zynq_ultra_ps_e_0/inst/pl_clk_unbuffered[0]
    BUFG_PS_X0Y80        BUFG_PS (Prop_BUFG_PS_I_O)
                                                      0.022     0.151 r  neural_reconstruction_bd_i/zynq_ultra_ps_e_0/inst/buffer_pl_clk_0.PL_CLK_0_BUFG/O
    X1Y1 (CLOCK_ROOT)    net (fo=7864, routed)        1.718     1.869    neural_reconstruction_bd_i/sc_gmem0/inst/clk_map/psr_aclk/U0/aclk
    SLICE_X8Y74          FDRE                                         r  neural_reconstruction_bd_i/sc_gmem0/inst/clk_map/psr_aclk/U0/ACTIVE_LOW_BSR_OUT_DFF[0].FDRE_BSR_N/C
  -------------------------------------------------------------------    -------------------
    SLICE_X8Y74          FDRE (Prop_GFF_SLICEM_C_Q)
                                                      0.083     1.952 r  neural_reconstruction_bd_i/sc_gmem0/inst/clk_map/psr_aclk/U0/ACTIVE_LOW_BSR_OUT_DFF[0].FDRE_BSR_N/Q
                         net (fo=18, routed)          0.154     2.106    <hidden>
    SLICE_X2Y75          FDCE                                         f  <hidden>  (IS_INVERTED)
  -------------------------------------------------------------------    -------------------

                         (clock clk_pl_0 rise edge)
                                                      0.000     0.000 r  
    PS8_X0Y0             PS8                          0.000     0.000 r  neural_reconstruction_bd_i/zynq_ultra_ps_e_0/inst/PS8_i/PLCLK[0]
                         net (fo=1, routed)           0.164     0.164    neural_reconstruction_bd_i/zynq_ultra_ps_e_0/inst/pl_clk_unbuffered[0]
    BUFG_PS_X0Y80        BUFG_PS (Prop_BUFG_PS_I_O)
                                                      0.023     0.187 r  neural_reconstruction_bd_i/zynq_ultra_ps_e_0/inst/buffer_pl_clk_0.PL_CLK_0_BUFG/O
    X1Y1 (CLOCK_ROOT)    net (fo=7864, routed)        1.892     2.079    <hidden>
    SLICE_X2Y75          FDCE                                         r  <hidden>

Slack:                    inf
  Source:                 neural_reconstruction_bd_i/sc_gmem0/inst/clk_map/psr_aclk/U0/ACTIVE_LOW_BSR_OUT_DFF[0].FDRE_BSR_N/C
                            (rising edge-triggered cell FDRE clocked by clk_pl_0  {rise@0.000ns fall@2.500ns period=5.000ns})
  Destination:            <hidden>
                            (removal check against rising-edge clock clk_pl_0  {rise@0.000ns fall@2.500ns period=5.000ns})
  Path Group:             (none)
  Path Type:              Removal (Min at Fast Process Corner)
  Data Path Delay:        0.237ns  (logic 0.083ns (35.028%)  route 0.154ns (64.972%))
  Logic Levels:           0  
  Clock Path Skew:        0.210ns (DCD - SCD - CPR)
    Destination Clock Delay (DCD):    2.079ns
    Source Clock Delay      (SCD):    1.869ns
    Clock Pessimism Removal (CPR):    -0.000ns
  Clock Uncertainty:      0.129ns  ((TSJ^2 + DJ^2)^1/2) / 2 + PE
    Total System Jitter     (TSJ):    0.071ns
    Discrete Jitter          (DJ):    0.248ns
    Phase Error              (PE):    0.000ns
  Clock Net Delay (Source):      1.718ns (routing 0.886ns, distribution 0.832ns)
  Clock Net Delay (Destination): 1.892ns (routing 0.971ns, distribution 0.921ns)
  Timing Exception:       False Path

    Location             Delay type                Incr(ns)  Path(ns)    Netlist Resource(s)
  -------------------------------------------------------------------    -------------------
                         (clock clk_pl_0 rise edge)
                                                      0.000     0.000 r  
    PS8_X0Y0             PS8                          0.000     0.000 r  neural_reconstruction_bd_i/zynq_ultra_ps_e_0/inst/PS8_i/PLCLK[0]
                         net (fo=1, routed)           0.129     0.129    neural_reconstruction_bd_i/zynq_ultra_ps_e_0/inst/pl_clk_unbuffered[0]
    BUFG_PS_X0Y80        BUFG_PS (Prop_BUFG_PS_I_O)
                                                      0.022     0.151 r  neural_reconstruction_bd_i/zynq_ultra_ps_e_0/inst/buffer_pl_clk_0.PL_CLK_0_BUFG/O
    X1Y1 (CLOCK_ROOT)    net (fo=7864, routed)        1.718     1.869    neural_reconstruction_bd_i/sc_gmem0/inst/clk_map/psr_aclk/U0/aclk
    SLICE_X8Y74          FDRE                                         r  neural_reconstruction_bd_i/sc_gmem0/inst/clk_map/psr_aclk/U0/ACTIVE_LOW_BSR_OUT_DFF[0].FDRE_BSR_N/C
  -------------------------------------------------------------------    -------------------
    SLICE_X8Y74          FDRE (Prop_GFF_SLICEM_C_Q)
                                                      0.083     1.952 r  neural_reconstruction_bd_i/sc_gmem0/inst/clk_map/psr_aclk/U0/ACTIVE_LOW_BSR_OUT_DFF[0].FDRE_BSR_N/Q
                         net (fo=18, routed)          0.154     2.106    <hidden>
    SLICE_X2Y75          FDCE                                         f  <hidden>  (IS_INVERTED)
  -------------------------------------------------------------------    -------------------

                         (clock clk_pl_0 rise edge)
                                                      0.000     0.000 r  
    PS8_X0Y0             PS8                          0.000     0.000 r  neural_reconstruction_bd_i/zynq_ultra_ps_e_0/inst/PS8_i/PLCLK[0]
                         net (fo=1, routed)           0.164     0.164    neural_reconstruction_bd_i/zynq_ultra_ps_e_0/inst/pl_clk_unbuffered[0]
    BUFG_PS_X0Y80        BUFG_PS (Prop_BUFG_PS_I_O)
                                                      0.023     0.187 r  neural_reconstruction_bd_i/zynq_ultra_ps_e_0/inst/buffer_pl_clk_0.PL_CLK_0_BUFG/O
    X1Y1 (CLOCK_ROOT)    net (fo=7864, routed)        1.892     2.079    <hidden>
    SLICE_X2Y75          FDCE                                         r  <hidden>

Slack:                    inf
  Source:                 neural_reconstruction_bd_i/sc_gmem0/inst/clk_map/psr_aclk/U0/ACTIVE_LOW_BSR_OUT_DFF[0].FDRE_BSR_N/C
                            (rising edge-triggered cell FDRE clocked by clk_pl_0  {rise@0.000ns fall@2.500ns period=5.000ns})
  Destination:            <hidden>
                            (removal check against rising-edge clock clk_pl_0  {rise@0.000ns fall@2.500ns period=5.000ns})
  Path Group:             (none)
  Path Type:              Removal (Min at Fast Process Corner)
  Data Path Delay:        0.239ns  (logic 0.083ns (34.754%)  route 0.156ns (65.246%))
  Logic Levels:           0  
  Clock Path Skew:        0.188ns (DCD - SCD - CPR)
    Destination Clock Delay (DCD):    2.057ns
    Source Clock Delay      (SCD):    1.869ns
    Clock Pessimism Removal (CPR):    -0.000ns
  Clock Uncertainty:      0.129ns  ((TSJ^2 + DJ^2)^1/2) / 2 + PE
    Total System Jitter     (TSJ):    0.071ns
    Discrete Jitter          (DJ):    0.248ns
    Phase Error              (PE):    0.000ns
  Clock Net Delay (Source):      1.718ns (routing 0.886ns, distribution 0.832ns)
  Clock Net Delay (Destination): 1.870ns (routing 0.971ns, distribution 0.899ns)
  Timing Exception:       False Path

    Location             Delay type                Incr(ns)  Path(ns)    Netlist Resource(s)
  -------------------------------------------------------------------    -------------------
                         (clock clk_pl_0 rise edge)
                                                      0.000     0.000 r  
    PS8_X0Y0             PS8                          0.000     0.000 r  neural_reconstruction_bd_i/zynq_ultra_ps_e_0/inst/PS8_i/PLCLK[0]
                         net (fo=1, routed)           0.129     0.129    neural_reconstruction_bd_i/zynq_ultra_ps_e_0/inst/pl_clk_unbuffered[0]
    BUFG_PS_X0Y80        BUFG_PS (Prop_BUFG_PS_I_O)
                                                      0.022     0.151 r  neural_reconstruction_bd_i/zynq_ultra_ps_e_0/inst/buffer_pl_clk_0.PL_CLK_0_BUFG/O
    X1Y1 (CLOCK_ROOT)    net (fo=7864, routed)        1.718     1.869    neural_reconstruction_bd_i/sc_gmem0/inst/clk_map/psr_aclk/U0/aclk
    SLICE_X8Y74          FDRE                                         r  neural_reconstruction_bd_i/sc_gmem0/inst/clk_map/psr_aclk/U0/ACTIVE_LOW_BSR_OUT_DFF[0].FDRE_BSR_N/C
  -------------------------------------------------------------------    -------------------
    SLICE_X8Y74          FDRE (Prop_GFF_SLICEM_C_Q)
                                                      0.083     1.952 r  neural_reconstruction_bd_i/sc_gmem0/inst/clk_map/psr_aclk/U0/ACTIVE_LOW_BSR_OUT_DFF[0].FDRE_BSR_N/Q
                         net (fo=18, routed)          0.156     2.108    <hidden>
    SLICE_X0Y74          FDCE                                         f  <hidden>  (IS_INVERTED)
  -------------------------------------------------------------------    -------------------

                         (clock clk_pl_0 rise edge)
                                                      0.000     0.000 r  
    PS8_X0Y0             PS8                          0.000     0.000 r  neural_reconstruction_bd_i/zynq_ultra_ps_e_0/inst/PS8_i/PLCLK[0]
                         net (fo=1, routed)           0.164     0.164    neural_reconstruction_bd_i/zynq_ultra_ps_e_0/inst/pl_clk_unbuffered[0]
    BUFG_PS_X0Y80        BUFG_PS (Prop_BUFG_PS_I_O)
                                                      0.023     0.187 r  neural_reconstruction_bd_i/zynq_ultra_ps_e_0/inst/buffer_pl_clk_0.PL_CLK_0_BUFG/O
    X1Y1 (CLOCK_ROOT)    net (fo=7864, routed)        1.870     2.057    <hidden>
    SLICE_X0Y74          FDCE                                         r  <hidden>





--------------------------------------------------------------------------------------
Path Group:  (none)
From Clock:  
  To Clock:  clk_pl_0

Max Delay           144 Endpoints
Min Delay           144 Endpoints
--------------------------------------------------------------------------------------


Max Delay Paths
--------------------------------------------------------------------------------------
Slack:                    inf
  Source:                 neural_reconstruction_bd_i/reconstruction_accel_0/inst/grp_reconstruction_accel_Pipeline_CONV1_Y_PAD_CONV1_X_PAD_fu_166/mul_8ns_8ns_15_1_1_U28/tmp_product/DSP_A_B_DATA_INST/B2_DATA[1]
                            (internal pin)
  Destination:            neural_reconstruction_bd_i/reconstruction_accel_0/inst/grp_reconstruction_accel_Pipeline_CONV1_Y_PAD_CONV1_X_PAD_fu_166/tmp_21_reg_3214_reg[0]_psdsp_3/D
                            (rising edge-triggered cell FDRE clocked by clk_pl_0  {rise@0.000ns fall@2.500ns period=5.000ns})
  Path Group:             (none)
  Path Type:              Setup (Max at Slow Process Corner)
  Data Path Delay:        4.331ns  (logic 3.034ns (70.058%)  route 1.297ns (29.942%))
  Logic Levels:           12  (CARRY8=4 DSP_ALU=1 DSP_M_DATA=1 DSP_MULTIPLIER=1 DSP_OUTPUT=1 DSP_PREADD_DATA=1 LUT2=3)
  Clock Uncertainty:      0.127ns  ((TSJ^2 + DJ^2)^1/2) / 2 + PE
    Total System Jitter     (TSJ):    0.050ns
    Discrete Jitter          (DJ):    0.248ns
    Phase Error              (PE):    0.000ns
  Clock Net Delay (Destination): 2.832ns (routing 1.450ns, distribution 1.382ns)

    Location             Delay type                Incr(ns)  Path(ns)    Netlist Resource(s)
  -------------------------------------------------------------------    -------------------
    DSP48E2_X2Y18        DSP_A_B_DATA                 0.000     0.000 r  neural_reconstruction_bd_i/reconstruction_accel_0/inst/grp_reconstruction_accel_Pipeline_CONV1_Y_PAD_CONV1_X_PAD_fu_166/mul_8ns_8ns_15_1_1_U28/tmp_product/DSP_A_B_DATA_INST/B2_DATA[1]
                         net (fo=1, routed)           0.000     0.000    neural_reconstruction_bd_i/reconstruction_accel_0/inst/grp_reconstruction_accel_Pipeline_CONV1_Y_PAD_CONV1_X_PAD_fu_166/mul_8ns_8ns_15_1_1_U28/tmp_product/DSP_A_B_DATA.B2_DATA<1>
    DSP48E2_X2Y18        DSP_PREADD_DATA (Prop_DSP_PREADD_DATA_DSP48E2_B2_DATA[1]_B2B1[1])
                                                      0.097     0.097 r  neural_reconstruction_bd_i/reconstruction_accel_0/inst/grp_reconstruction_accel_Pipeline_CONV1_Y_PAD_CONV1_X_PAD_fu_166/mul_8ns_8ns_15_1_1_U28/tmp_product/DSP_PREADD_DATA_INST/B2B1[1]
                         net (fo=1, routed)           0.000     0.097    neural_reconstruction_bd_i/reconstruction_accel_0/inst/grp_reconstruction_accel_Pipeline_CONV1_Y_PAD_CONV1_X_PAD_fu_166/mul_8ns_8ns_15_1_1_U28/tmp_product/DSP_PREADD_DATA.B2B1<1>
    DSP48E2_X2Y18        DSP_MULTIPLIER (Prop_DSP_MULTIPLIER_DSP48E2_B2B1[1]_U[1])
                                                      0.773     0.870 f  neural_reconstruction_bd_i/reconstruction_accel_0/inst/grp_reconstruction_accel_Pipeline_CONV1_Y_PAD_CONV1_X_PAD_fu_166/mul_8ns_8ns_15_1_1_U28/tmp_product/DSP_MULTIPLIER_INST/U[1]
                         net (fo=1, routed)           0.000     0.870    neural_reconstruction_bd_i/reconstruction_accel_0/inst/grp_reconstruction_accel_Pipeline_CONV1_Y_PAD_CONV1_X_PAD_fu_166/mul_8ns_8ns_15_1_1_U28/tmp_product/DSP_MULTIPLIER.U<1>
    DSP48E2_X2Y18        DSP_M_DATA (Prop_DSP_M_DATA_DSP48E2_U[1]_U_DATA[1])
                                                      0.067     0.937 r  neural_reconstruction_bd_i/reconstruction_accel_0/inst/grp_reconstruction_accel_Pipeline_CONV1_Y_PAD_CONV1_X_PAD_fu_166/mul_8ns_8ns_15_1_1_U28/tmp_product/DSP_M_DATA_INST/U_DATA[1]
                         net (fo=1, routed)           0.000     0.937    neural_reconstruction_bd_i/reconstruction_accel_0/inst/grp_reconstruction_accel_Pipeline_CONV1_Y_PAD_CONV1_X_PAD_fu_166/mul_8ns_8ns_15_1_1_U28/tmp_product/DSP_M_DATA.U_DATA<1>
    DSP48E2_X2Y18        DSP_ALU (Prop_DSP_ALU_DSP48E2_U_DATA[1]_ALU_OUT[1])
                                                      0.727     1.664 f  neural_reconstruction_bd_i/reconstruction_accel_0/inst/grp_reconstruction_accel_Pipeline_CONV1_Y_PAD_CONV1_X_PAD_fu_166/mul_8ns_8ns_15_1_1_U28/tmp_product/DSP_ALU_INST/ALU_OUT[1]
                         net (fo=1, routed)           0.000     1.664    neural_reconstruction_bd_i/reconstruction_accel_0/inst/grp_reconstruction_accel_Pipeline_CONV1_Y_PAD_CONV1_X_PAD_fu_166/mul_8ns_8ns_15_1_1_U28/tmp_product/DSP_ALU.ALU_OUT<1>
    DSP48E2_X2Y18        DSP_OUTPUT (Prop_DSP_OUTPUT_DSP48E2_ALU_OUT[1]_P[1])
                                                      0.146     1.810 r  neural_reconstruction_bd_i/reconstruction_accel_0/inst/grp_reconstruction_accel_Pipeline_CONV1_Y_PAD_CONV1_X_PAD_fu_166/mul_8ns_8ns_15_1_1_U28/tmp_product/DSP_OUTPUT_INST/P[1]
                         net (fo=2, routed)           0.300     2.110    neural_reconstruction_bd_i/reconstruction_accel_0/inst/grp_reconstruction_accel_Pipeline_CONV1_Y_PAD_CONV1_X_PAD_fu_166/mac_muladd_8ns_6ns_16ns_16_4_1_U37/reconstruction_accel_mac_muladd_8ns_6ns_16ns_16_4_1_DSP48_0_U/buff0_reg_i_51_0[1]
    SLICE_X5Y44          LUT2 (Prop_B6LUT_SLICEM_I1_O)
                                                      0.057     2.167 r  neural_reconstruction_bd_i/reconstruction_accel_0/inst/grp_reconstruction_accel_Pipeline_CONV1_Y_PAD_CONV1_X_PAD_fu_166/mac_muladd_8ns_6ns_16ns_16_4_1_U37/reconstruction_accel_mac_muladd_8ns_6ns_16ns_16_4_1_DSP48_0_U/buff0_reg_i_100/O
                         net (fo=1, routed)           0.022     2.189    neural_reconstruction_bd_i/reconstruction_accel_0/inst/grp_reconstruction_accel_Pipeline_CONV1_Y_PAD_CONV1_X_PAD_fu_166/mac_muladd_8ns_6ns_16ns_16_4_1_U37/reconstruction_accel_mac_muladd_8ns_6ns_16ns_16_4_1_DSP48_0_U/buff0_reg_i_100_n_3
    SLICE_X5Y44          CARRY8 (Prop_CARRY8_SLICEM_S[1]_O[5])
                                                      0.333     2.522 r  neural_reconstruction_bd_i/reconstruction_accel_0/inst/grp_reconstruction_accel_Pipeline_CONV1_Y_PAD_CONV1_X_PAD_fu_166/mac_muladd_8ns_6ns_16ns_16_4_1_U37/reconstruction_accel_mac_muladd_8ns_6ns_16ns_16_4_1_DSP48_0_U/buff0_reg_i_77/O[5]
                         net (fo=2, routed)           0.210     2.732    neural_reconstruction_bd_i/reconstruction_accel_0/inst/grp_reconstruction_accel_Pipeline_CONV1_Y_PAD_CONV1_X_PAD_fu_166/mac_muladd_8ns_6ns_16ns_16_4_1_U37/reconstruction_accel_mac_muladd_8ns_6ns_16ns_16_4_1_DSP48_0_U/sext_ln452_1_fu_1292_p1[5]
    SLICE_X5Y46          LUT2 (Prop_F6LUT_SLICEM_I0_O)
                                                      0.080     2.812 r  neural_reconstruction_bd_i/reconstruction_accel_0/inst/grp_reconstruction_accel_Pipeline_CONV1_Y_PAD_CONV1_X_PAD_fu_166/mac_muladd_8ns_6ns_16ns_16_4_1_U37/reconstruction_accel_mac_muladd_8ns_6ns_16ns_16_4_1_DSP48_0_U/buff0_reg_i_80/O
                         net (fo=1, routed)           0.029     2.841    neural_reconstruction_bd_i/reconstruction_accel_0/inst/grp_reconstruction_accel_Pipeline_CONV1_Y_PAD_CONV1_X_PAD_fu_166/mac_muladd_8ns_6ns_16ns_16_4_1_U37/reconstruction_accel_mac_muladd_8ns_6ns_16ns_16_4_1_DSP48_0_U/buff0_reg_i_80_n_3
    SLICE_X5Y46          CARRY8 (Prop_CARRY8_SLICEM_S[5]_CO[7])
                                                      0.238     3.079 r  neural_reconstruction_bd_i/reconstruction_accel_0/inst/grp_reconstruction_accel_Pipeline_CONV1_Y_PAD_CONV1_X_PAD_fu_166/mac_muladd_8ns_6ns_16ns_16_4_1_U37/reconstruction_accel_mac_muladd_8ns_6ns_16ns_16_4_1_DSP48_0_U/buff0_reg_i_49/CO[7]
                         net (fo=1, routed)           0.030     3.109    neural_reconstruction_bd_i/reconstruction_accel_0/inst/grp_reconstruction_accel_Pipeline_CONV1_Y_PAD_CONV1_X_PAD_fu_166/mac_muladd_8ns_6ns_16ns_16_4_1_U37/reconstruction_accel_mac_muladd_8ns_6ns_16ns_16_4_1_DSP48_0_U/buff0_reg_i_49_n_3
    SLICE_X5Y47          CARRY8 (Prop_CARRY8_SLICEM_CI_O[1])
                                                      0.106     3.215 r  neural_reconstruction_bd_i/reconstruction_accel_0/inst/grp_reconstruction_accel_Pipeline_CONV1_Y_PAD_CONV1_X_PAD_fu_166/mac_muladd_8ns_6ns_16ns_16_4_1_U37/reconstruction_accel_mac_muladd_8ns_6ns_16ns_16_4_1_DSP48_0_U/buff0_reg_i_23/O[1]
                         net (fo=1, routed)           0.253     3.468    neural_reconstruction_bd_i/reconstruction_accel_0/inst/grp_reconstruction_accel_Pipeline_CONV1_Y_PAD_CONV1_X_PAD_fu_166/mac_muladd_8ns_8s_15s_15_4_1_U38/reconstruction_accel_mac_muladd_8ns_8s_15s_15_4_1_DSP48_0_U/sext_ln452_2_fu_1302_p1[9]
    SLICE_X6Y47          LUT2 (Prop_B6LUT_SLICEL_I1_O)
                                                      0.083     3.551 r  neural_reconstruction_bd_i/reconstruction_accel_0/inst/grp_reconstruction_accel_Pipeline_CONV1_Y_PAD_CONV1_X_PAD_fu_166/mac_muladd_8ns_8s_15s_15_4_1_U38/reconstruction_accel_mac_muladd_8ns_8s_15s_15_4_1_DSP48_0_U/buff0_reg_i_13/O
                         net (fo=1, routed)           0.013     3.564    neural_reconstruction_bd_i/reconstruction_accel_0/inst/grp_reconstruction_accel_Pipeline_CONV1_Y_PAD_CONV1_X_PAD_fu_166/mac_muladd_8ns_8s_15s_15_4_1_U38/reconstruction_accel_mac_muladd_8ns_8s_15s_15_4_1_DSP48_0_U/buff0_reg_i_13_n_3
    SLICE_X6Y47          CARRY8 (Prop_CARRY8_SLICEL_S[1]_O[7])
                                                      0.327     3.891 r  neural_reconstruction_bd_i/reconstruction_accel_0/inst/grp_reconstruction_accel_Pipeline_CONV1_Y_PAD_CONV1_X_PAD_fu_166/mac_muladd_8ns_8s_15s_15_4_1_U38/reconstruction_accel_mac_muladd_8ns_8s_15s_15_4_1_DSP48_0_U/buff0_reg_i_2/O[7]
                         net (fo=2, routed)           0.440     4.331    neural_reconstruction_bd_i/reconstruction_accel_0/inst/grp_reconstruction_accel_Pipeline_CONV1_Y_PAD_CONV1_X_PAD_fu_166/acc_fu_1325_p2[15]
    SLICE_X6Y47          FDRE                                         r  neural_reconstruction_bd_i/reconstruction_accel_0/inst/grp_reconstruction_accel_Pipeline_CONV1_Y_PAD_CONV1_X_PAD_fu_166/tmp_21_reg_3214_reg[0]_psdsp_3/D
  -------------------------------------------------------------------    -------------------

                         (clock clk_pl_0 rise edge)
                                                      0.000     0.000 r  
    PS8_X0Y0             PS8                          0.000     0.000 r  neural_reconstruction_bd_i/zynq_ultra_ps_e_0/inst/PS8_i/PLCLK[0]
                         net (fo=1, routed)           0.181     0.181    neural_reconstruction_bd_i/zynq_ultra_ps_e_0/inst/pl_clk_unbuffered[0]
    BUFG_PS_X0Y80        BUFG_PS (Prop_BUFG_PS_I_O)
                                                      0.035     0.216 r  neural_reconstruction_bd_i/zynq_ultra_ps_e_0/inst/buffer_pl_clk_0.PL_CLK_0_BUFG/O
    X1Y1 (CLOCK_ROOT)    net (fo=7864, routed)        2.832     3.048    neural_reconstruction_bd_i/reconstruction_accel_0/inst/grp_reconstruction_accel_Pipeline_CONV1_Y_PAD_CONV1_X_PAD_fu_166/ap_clk
    SLICE_X6Y47          FDRE                                         r  neural_reconstruction_bd_i/reconstruction_accel_0/inst/grp_reconstruction_accel_Pipeline_CONV1_Y_PAD_CONV1_X_PAD_fu_166/tmp_21_reg_3214_reg[0]_psdsp_3/C

Slack:                    inf
  Source:                 neural_reconstruction_bd_i/reconstruction_accel_0/inst/grp_reconstruction_accel_Pipeline_CONV1_Y_PAD_CONV1_X_PAD_fu_166/mul_8ns_8ns_15_1_1_U28/tmp_product/DSP_A_B_DATA_INST/B2_DATA[1]
                            (internal pin)
  Destination:            neural_reconstruction_bd_i/reconstruction_accel_0/inst/grp_reconstruction_accel_Pipeline_CONV1_Y_PAD_CONV1_X_PAD_fu_166/mul_18s_12ns_30_3_1_U32/q8_1_reg_3229[7]_i_1_psdsp_1/D
                            (rising edge-triggered cell FDRE clocked by clk_pl_0  {rise@0.000ns fall@2.500ns period=5.000ns})
  Path Group:             (none)
  Path Type:              Setup (Max at Slow Process Corner)
  Data Path Delay:        4.328ns  (logic 2.790ns (64.463%)  route 1.538ns (35.537%))
  Logic Levels:           12  (CARRY8=4 DSP_ALU=1 DSP_M_DATA=1 DSP_MULTIPLIER=1 DSP_OUTPUT=1 DSP_PREADD_DATA=1 LUT2=1 LUT3=1 LUT4=1)
  Clock Uncertainty:      0.127ns  ((TSJ^2 + DJ^2)^1/2) / 2 + PE
    Total System Jitter     (TSJ):    0.050ns
    Discrete Jitter          (DJ):    0.248ns
    Phase Error              (PE):    0.000ns
  Clock Net Delay (Destination): 2.834ns (routing 1.450ns, distribution 1.384ns)

    Location             Delay type                Incr(ns)  Path(ns)    Netlist Resource(s)
  -------------------------------------------------------------------    -------------------
    DSP48E2_X2Y18        DSP_A_B_DATA                 0.000     0.000 r  neural_reconstruction_bd_i/reconstruction_accel_0/inst/grp_reconstruction_accel_Pipeline_CONV1_Y_PAD_CONV1_X_PAD_fu_166/mul_8ns_8ns_15_1_1_U28/tmp_product/DSP_A_B_DATA_INST/B2_DATA[1]
                         net (fo=1, routed)           0.000     0.000    neural_reconstruction_bd_i/reconstruction_accel_0/inst/grp_reconstruction_accel_Pipeline_CONV1_Y_PAD_CONV1_X_PAD_fu_166/mul_8ns_8ns_15_1_1_U28/tmp_product/DSP_A_B_DATA.B2_DATA<1>
    DSP48E2_X2Y18        DSP_PREADD_DATA (Prop_DSP_PREADD_DATA_DSP48E2_B2_DATA[1]_B2B1[1])
                                                      0.097     0.097 r  neural_reconstruction_bd_i/reconstruction_accel_0/inst/grp_reconstruction_accel_Pipeline_CONV1_Y_PAD_CONV1_X_PAD_fu_166/mul_8ns_8ns_15_1_1_U28/tmp_product/DSP_PREADD_DATA_INST/B2B1[1]
                         net (fo=1, routed)           0.000     0.097    neural_reconstruction_bd_i/reconstruction_accel_0/inst/grp_reconstruction_accel_Pipeline_CONV1_Y_PAD_CONV1_X_PAD_fu_166/mul_8ns_8ns_15_1_1_U28/tmp_product/DSP_PREADD_DATA.B2B1<1>
    DSP48E2_X2Y18        DSP_MULTIPLIER (Prop_DSP_MULTIPLIER_DSP48E2_B2B1[1]_U[0])
                                                      0.773     0.870 f  neural_reconstruction_bd_i/reconstruction_accel_0/inst/grp_reconstruction_accel_Pipeline_CONV1_Y_PAD_CONV1_X_PAD_fu_166/mul_8ns_8ns_15_1_1_U28/tmp_product/DSP_MULTIPLIER_INST/U[0]
                         net (fo=1, routed)           0.000     0.870    neural_reconstruction_bd_i/reconstruction_accel_0/inst/grp_reconstruction_accel_Pipeline_CONV1_Y_PAD_CONV1_X_PAD_fu_166/mul_8ns_8ns_15_1_1_U28/tmp_product/DSP_MULTIPLIER.U<0>
    DSP48E2_X2Y18        DSP_M_DATA (Prop_DSP_M_DATA_DSP48E2_U[0]_U_DATA[0])
                                                      0.067     0.937 r  neural_reconstruction_bd_i/reconstruction_accel_0/inst/grp_reconstruction_accel_Pipeline_CONV1_Y_PAD_CONV1_X_PAD_fu_166/mul_8ns_8ns_15_1_1_U28/tmp_product/DSP_M_DATA_INST/U_DATA[0]
                         net (fo=1, routed)           0.000     0.937    neural_reconstruction_bd_i/reconstruction_accel_0/inst/grp_reconstruction_accel_Pipeline_CONV1_Y_PAD_CONV1_X_PAD_fu_166/mul_8ns_8ns_15_1_1_U28/tmp_product/DSP_M_DATA.U_DATA<0>
    DSP48E2_X2Y18        DSP_ALU (Prop_DSP_ALU_DSP48E2_U_DATA[0]_ALU_OUT[0])
                                                      0.727     1.664 f  neural_reconstruction_bd_i/reconstruction_accel_0/inst/grp_reconstruction_accel_Pipeline_CONV1_Y_PAD_CONV1_X_PAD_fu_166/mul_8ns_8ns_15_1_1_U28/tmp_product/DSP_ALU_INST/ALU_OUT[0]
                         net (fo=1, routed)           0.000     1.664    neural_reconstruction_bd_i/reconstruction_accel_0/inst/grp_reconstruction_accel_Pipeline_CONV1_Y_PAD_CONV1_X_PAD_fu_166/mul_8ns_8ns_15_1_1_U28/tmp_product/DSP_ALU.ALU_OUT<0>
    DSP48E2_X2Y18        DSP_OUTPUT (Prop_DSP_OUTPUT_DSP48E2_ALU_OUT[0]_P[0])
                                                      0.146     1.810 r  neural_reconstruction_bd_i/reconstruction_accel_0/inst/grp_reconstruction_accel_Pipeline_CONV1_Y_PAD_CONV1_X_PAD_fu_166/mul_8ns_8ns_15_1_1_U28/tmp_product/DSP_OUTPUT_INST/P[0]
                         net (fo=2, routed)           0.322     2.132    neural_reconstruction_bd_i/reconstruction_accel_0/inst/grp_reconstruction_accel_Pipeline_CONV1_Y_PAD_CONV1_X_PAD_fu_166/mac_muladd_8ns_7ns_16ns_16_4_1_U41/reconstruction_accel_mac_muladd_8ns_7ns_16ns_16_4_1_DSP48_0_U/add_ln39_1_fu_2022_p2_i_39_0[0]
    SLICE_X6Y50          LUT2 (Prop_A6LUT_SLICEL_I1_O)
                                                      0.058     2.190 r  neural_reconstruction_bd_i/reconstruction_accel_0/inst/grp_reconstruction_accel_Pipeline_CONV1_Y_PAD_CONV1_X_PAD_fu_166/mac_muladd_8ns_7ns_16ns_16_4_1_U41/reconstruction_accel_mac_muladd_8ns_7ns_16ns_16_4_1_DSP48_0_U/add_ln39_1_fu_2022_p2_i_76/O
                         net (fo=1, routed)           0.014     2.204    neural_reconstruction_bd_i/reconstruction_accel_0/inst/grp_reconstruction_accel_Pipeline_CONV1_Y_PAD_CONV1_X_PAD_fu_166/mac_muladd_8ns_7ns_16ns_16_4_1_U41/reconstruction_accel_mac_muladd_8ns_7ns_16ns_16_4_1_DSP48_0_U/add_ln39_1_fu_2022_p2_i_76_n_3
    SLICE_X6Y50          CARRY8 (Prop_CARRY8_SLICEL_S[0]_O[6])
                                                      0.311     2.515 r  neural_reconstruction_bd_i/reconstruction_accel_0/inst/grp_reconstruction_accel_Pipeline_CONV1_Y_PAD_CONV1_X_PAD_fu_166/mac_muladd_8ns_7ns_16ns_16_4_1_U41/reconstruction_accel_mac_muladd_8ns_7ns_16ns_16_4_1_DSP48_0_U/add_ln39_1_fu_2022_p2_i_42/O[6]
                         net (fo=2, routed)           0.260     2.775    neural_reconstruction_bd_i/reconstruction_accel_0/inst/grp_reconstruction_accel_Pipeline_CONV1_Y_PAD_CONV1_X_PAD_fu_166/mac_muladd_8ns_7ns_16ns_16_4_1_U41/reconstruction_accel_mac_muladd_8ns_7ns_16ns_16_4_1_DSP48_0_U/sext_ln452_7_fu_1399_p1[6]
    SLICE_X7Y50          LUT3 (Prop_G5LUT_SLICEM_I0_O)
                                                      0.155     2.930 r  neural_reconstruction_bd_i/reconstruction_accel_0/inst/grp_reconstruction_accel_Pipeline_CONV1_Y_PAD_CONV1_X_PAD_fu_166/mac_muladd_8ns_7ns_16ns_16_4_1_U41/reconstruction_accel_mac_muladd_8ns_7ns_16ns_16_4_1_DSP48_0_U/add_ln39_1_fu_2022_p2_i_23/O
                         net (fo=2, routed)           0.316     3.246    neural_reconstruction_bd_i/reconstruction_accel_0/inst/grp_reconstruction_accel_Pipeline_CONV1_Y_PAD_CONV1_X_PAD_fu_166/mac_muladd_8ns_7ns_16ns_16_4_1_U41/reconstruction_accel_mac_muladd_8ns_7ns_16ns_16_4_1_DSP48_0_U/add_ln39_1_fu_2022_p2_i_23_n_3
    SLICE_X7Y50          LUT4 (Prop_H6LUT_SLICEM_I3_O)
                                                      0.138     3.384 r  neural_reconstruction_bd_i/reconstruction_accel_0/inst/grp_reconstruction_accel_Pipeline_CONV1_Y_PAD_CONV1_X_PAD_fu_166/mac_muladd_8ns_7ns_16ns_16_4_1_U41/reconstruction_accel_mac_muladd_8ns_7ns_16ns_16_4_1_DSP48_0_U/add_ln39_1_fu_2022_p2_i_30/O
                         net (fo=1, routed)           0.021     3.405    neural_reconstruction_bd_i/reconstruction_accel_0/inst/grp_reconstruction_accel_Pipeline_CONV1_Y_PAD_CONV1_X_PAD_fu_166/mac_muladd_8ns_7ns_16ns_16_4_1_U41/reconstruction_accel_mac_muladd_8ns_7ns_16ns_16_4_1_DSP48_0_U/add_ln39_1_fu_2022_p2_i_30_n_3
    SLICE_X7Y50          CARRY8 (Prop_CARRY8_SLICEM_S[7]_CO[7])
                                                      0.175     3.580 r  neural_reconstruction_bd_i/reconstruction_accel_0/inst/grp_reconstruction_accel_Pipeline_CONV1_Y_PAD_CONV1_X_PAD_fu_166/mac_muladd_8ns_7ns_16ns_16_4_1_U41/reconstruction_accel_mac_muladd_8ns_7ns_16ns_16_4_1_DSP48_0_U/add_ln39_1_fu_2022_p2_i_3/CO[7]
                         net (fo=1, routed)           0.030     3.610    neural_reconstruction_bd_i/reconstruction_accel_0/inst/grp_reconstruction_accel_Pipeline_CONV1_Y_PAD_CONV1_X_PAD_fu_166/mac_muladd_8ns_7ns_16ns_16_4_1_U41/reconstruction_accel_mac_muladd_8ns_7ns_16ns_16_4_1_DSP48_0_U/add_ln39_1_fu_2022_p2_i_3_n_3
    SLICE_X7Y51          CARRY8 (Prop_CARRY8_SLICEM_CI_CO[7])
                                                      0.065     3.675 r  neural_reconstruction_bd_i/reconstruction_accel_0/inst/grp_reconstruction_accel_Pipeline_CONV1_Y_PAD_CONV1_X_PAD_fu_166/mac_muladd_8ns_7ns_16ns_16_4_1_U41/reconstruction_accel_mac_muladd_8ns_7ns_16ns_16_4_1_DSP48_0_U/add_ln39_1_fu_2022_p2_i_2/CO[7]
                         net (fo=1, routed)           0.030     3.705    neural_reconstruction_bd_i/reconstruction_accel_0/inst/grp_reconstruction_accel_Pipeline_CONV1_Y_PAD_CONV1_X_PAD_fu_166/mac_muladd_8ns_7ns_16ns_16_4_1_U41/reconstruction_accel_mac_muladd_8ns_7ns_16ns_16_4_1_DSP48_0_U/add_ln39_1_fu_2022_p2_i_2_n_3
    SLICE_X7Y52          CARRY8 (Prop_CARRY8_SLICEM_CI_O[0])
                                                      0.078     3.783 r  neural_reconstruction_bd_i/reconstruction_accel_0/inst/grp_reconstruction_accel_Pipeline_CONV1_Y_PAD_CONV1_X_PAD_fu_166/mac_muladd_8ns_7ns_16ns_16_4_1_U41/reconstruction_accel_mac_muladd_8ns_7ns_16ns_16_4_1_DSP48_0_U/add_ln39_1_fu_2022_p2_i_1/O[0]
                         net (fo=2, routed)           0.545     4.328    neural_reconstruction_bd_i/reconstruction_accel_0/inst/grp_reconstruction_accel_Pipeline_CONV1_Y_PAD_CONV1_X_PAD_fu_166/mul_18s_12ns_30_3_1_U32/DSP_ALU_INST[16]
    SLICE_X7Y52          FDRE                                         r  neural_reconstruction_bd_i/reconstruction_accel_0/inst/grp_reconstruction_accel_Pipeline_CONV1_Y_PAD_CONV1_X_PAD_fu_166/mul_18s_12ns_30_3_1_U32/q8_1_reg_3229[7]_i_1_psdsp_1/D
  -------------------------------------------------------------------    -------------------

                         (clock clk_pl_0 rise edge)
                                                      0.000     0.000 r  
    PS8_X0Y0             PS8                          0.000     0.000 r  neural_reconstruction_bd_i/zynq_ultra_ps_e_0/inst/PS8_i/PLCLK[0]
                         net (fo=1, routed)           0.181     0.181    neural_reconstruction_bd_i/zynq_ultra_ps_e_0/inst/pl_clk_unbuffered[0]
    BUFG_PS_X0Y80        BUFG_PS (Prop_BUFG_PS_I_O)
                                                      0.035     0.216 r  neural_reconstruction_bd_i/zynq_ultra_ps_e_0/inst/buffer_pl_clk_0.PL_CLK_0_BUFG/O
    X1Y1 (CLOCK_ROOT)    net (fo=7864, routed)        2.834     3.050    neural_reconstruction_bd_i/reconstruction_accel_0/inst/grp_reconstruction_accel_Pipeline_CONV1_Y_PAD_CONV1_X_PAD_fu_166/mul_18s_12ns_30_3_1_U32/ap_clk
    SLICE_X7Y52          FDRE                                         r  neural_reconstruction_bd_i/reconstruction_accel_0/inst/grp_reconstruction_accel_Pipeline_CONV1_Y_PAD_CONV1_X_PAD_fu_166/mul_18s_12ns_30_3_1_U32/q8_1_reg_3229[7]_i_1_psdsp_1/C

Slack:                    inf
  Source:                 neural_reconstruction_bd_i/reconstruction_accel_0/inst/grp_reconstruction_accel_Pipeline_CONV1_Y_PAD_CONV1_X_PAD_fu_166/mul_8ns_8ns_15_1_1_U28/tmp_product/DSP_A_B_DATA_INST/B2_DATA[1]
                            (internal pin)
  Destination:            neural_reconstruction_bd_i/reconstruction_accel_0/inst/grp_reconstruction_accel_Pipeline_CONV1_Y_PAD_CONV1_X_PAD_fu_166/tmp_21_reg_3214_reg[0]_psdsp_4/D
                            (rising edge-triggered cell FDRE clocked by clk_pl_0  {rise@0.000ns fall@2.500ns period=5.000ns})
  Path Group:             (none)
  Path Type:              Setup (Max at Slow Process Corner)
  Data Path Delay:        4.293ns  (logic 3.013ns (70.189%)  route 1.280ns (29.811%))
  Logic Levels:           12  (CARRY8=4 DSP_ALU=1 DSP_M_DATA=1 DSP_MULTIPLIER=1 DSP_OUTPUT=1 DSP_PREADD_DATA=1 LUT2=3)
  Clock Uncertainty:      0.127ns  ((TSJ^2 + DJ^2)^1/2) / 2 + PE
    Total System Jitter     (TSJ):    0.050ns
    Discrete Jitter          (DJ):    0.248ns
    Phase Error              (PE):    0.000ns
  Clock Net Delay (Destination): 2.832ns (routing 1.450ns, distribution 1.382ns)

    Location             Delay type                Incr(ns)  Path(ns)    Netlist Resource(s)
  -------------------------------------------------------------------    -------------------
    DSP48E2_X2Y18        DSP_A_B_DATA                 0.000     0.000 r  neural_reconstruction_bd_i/reconstruction_accel_0/inst/grp_reconstruction_accel_Pipeline_CONV1_Y_PAD_CONV1_X_PAD_fu_166/mul_8ns_8ns_15_1_1_U28/tmp_product/DSP_A_B_DATA_INST/B2_DATA[1]
                         net (fo=1, routed)           0.000     0.000    neural_reconstruction_bd_i/reconstruction_accel_0/inst/grp_reconstruction_accel_Pipeline_CONV1_Y_PAD_CONV1_X_PAD_fu_166/mul_8ns_8ns_15_1_1_U28/tmp_product/DSP_A_B_DATA.B2_DATA<1>
    DSP48E2_X2Y18        DSP_PREADD_DATA (Prop_DSP_PREADD_DATA_DSP48E2_B2_DATA[1]_B2B1[1])
                                                      0.097     0.097 r  neural_reconstruction_bd_i/reconstruction_accel_0/inst/grp_reconstruction_accel_Pipeline_CONV1_Y_PAD_CONV1_X_PAD_fu_166/mul_8ns_8ns_15_1_1_U28/tmp_product/DSP_PREADD_DATA_INST/B2B1[1]
                         net (fo=1, routed)           0.000     0.097    neural_reconstruction_bd_i/reconstruction_accel_0/inst/grp_reconstruction_accel_Pipeline_CONV1_Y_PAD_CONV1_X_PAD_fu_166/mul_8ns_8ns_15_1_1_U28/tmp_product/DSP_PREADD_DATA.B2B1<1>
    DSP48E2_X2Y18        DSP_MULTIPLIER (Prop_DSP_MULTIPLIER_DSP48E2_B2B1[1]_U[1])
                                                      0.773     0.870 f  neural_reconstruction_bd_i/reconstruction_accel_0/inst/grp_reconstruction_accel_Pipeline_CONV1_Y_PAD_CONV1_X_PAD_fu_166/mul_8ns_8ns_15_1_1_U28/tmp_product/DSP_MULTIPLIER_INST/U[1]
                         net (fo=1, routed)           0.000     0.870    neural_reconstruction_bd_i/reconstruction_accel_0/inst/grp_reconstruction_accel_Pipeline_CONV1_Y_PAD_CONV1_X_PAD_fu_166/mul_8ns_8ns_15_1_1_U28/tmp_product/DSP_MULTIPLIER.U<1>
    DSP48E2_X2Y18        DSP_M_DATA (Prop_DSP_M_DATA_DSP48E2_U[1]_U_DATA[1])
                                                      0.067     0.937 r  neural_reconstruction_bd_i/reconstruction_accel_0/inst/grp_reconstruction_accel_Pipeline_CONV1_Y_PAD_CONV1_X_PAD_fu_166/mul_8ns_8ns_15_1_1_U28/tmp_product/DSP_M_DATA_INST/U_DATA[1]
                         net (fo=1, routed)           0.000     0.937    neural_reconstruction_bd_i/reconstruction_accel_0/inst/grp_reconstruction_accel_Pipeline_CONV1_Y_PAD_CONV1_X_PAD_fu_166/mul_8ns_8ns_15_1_1_U28/tmp_product/DSP_M_DATA.U_DATA<1>
    DSP48E2_X2Y18        DSP_ALU (Prop_DSP_ALU_DSP48E2_U_DATA[1]_ALU_OUT[1])
                                                      0.727     1.664 f  neural_reconstruction_bd_i/reconstruction_accel_0/inst/grp_reconstruction_accel_Pipeline_CONV1_Y_PAD_CONV1_X_PAD_fu_166/mul_8ns_8ns_15_1_1_U28/tmp_product/DSP_ALU_INST/ALU_OUT[1]
                         net (fo=1, routed)           0.000     1.664    neural_reconstruction_bd_i/reconstruction_accel_0/inst/grp_reconstruction_accel_Pipeline_CONV1_Y_PAD_CONV1_X_PAD_fu_166/mul_8ns_8ns_15_1_1_U28/tmp_product/DSP_ALU.ALU_OUT<1>
    DSP48E2_X2Y18        DSP_OUTPUT (Prop_DSP_OUTPUT_DSP48E2_ALU_OUT[1]_P[1])
                                                      0.146     1.810 r  neural_reconstruction_bd_i/reconstruction_accel_0/inst/grp_reconstruction_accel_Pipeline_CONV1_Y_PAD_CONV1_X_PAD_fu_166/mul_8ns_8ns_15_1_1_U28/tmp_product/DSP_OUTPUT_INST/P[1]
                         net (fo=2, routed)           0.300     2.110    neural_reconstruction_bd_i/reconstruction_accel_0/inst/grp_reconstruction_accel_Pipeline_CONV1_Y_PAD_CONV1_X_PAD_fu_166/mac_muladd_8ns_6ns_16ns_16_4_1_U37/reconstruction_accel_mac_muladd_8ns_6ns_16ns_16_4_1_DSP48_0_U/buff0_reg_i_51_0[1]
    SLICE_X5Y44          LUT2 (Prop_B6LUT_SLICEM_I1_O)
                                                      0.057     2.167 r  neural_reconstruction_bd_i/reconstruction_accel_0/inst/grp_reconstruction_accel_Pipeline_CONV1_Y_PAD_CONV1_X_PAD_fu_166/mac_muladd_8ns_6ns_16ns_16_4_1_U37/reconstruction_accel_mac_muladd_8ns_6ns_16ns_16_4_1_DSP48_0_U/buff0_reg_i_100/O
                         net (fo=1, routed)           0.022     2.189    neural_reconstruction_bd_i/reconstruction_accel_0/inst/grp_reconstruction_accel_Pipeline_CONV1_Y_PAD_CONV1_X_PAD_fu_166/mac_muladd_8ns_6ns_16ns_16_4_1_U37/reconstruction_accel_mac_muladd_8ns_6ns_16ns_16_4_1_DSP48_0_U/buff0_reg_i_100_n_3
    SLICE_X5Y44          CARRY8 (Prop_CARRY8_SLICEM_S[1]_O[5])
                                                      0.333     2.522 r  neural_reconstruction_bd_i/reconstruction_accel_0/inst/grp_reconstruction_accel_Pipeline_CONV1_Y_PAD_CONV1_X_PAD_fu_166/mac_muladd_8ns_6ns_16ns_16_4_1_U37/reconstruction_accel_mac_muladd_8ns_6ns_16ns_16_4_1_DSP48_0_U/buff0_reg_i_77/O[5]
                         net (fo=2, routed)           0.210     2.732    neural_reconstruction_bd_i/reconstruction_accel_0/inst/grp_reconstruction_accel_Pipeline_CONV1_Y_PAD_CONV1_X_PAD_fu_166/mac_muladd_8ns_6ns_16ns_16_4_1_U37/reconstruction_accel_mac_muladd_8ns_6ns_16ns_16_4_1_DSP48_0_U/sext_ln452_1_fu_1292_p1[5]
    SLICE_X5Y46          LUT2 (Prop_F6LUT_SLICEM_I0_O)
                                                      0.080     2.812 r  neural_reconstruction_bd_i/reconstruction_accel_0/inst/grp_reconstruction_accel_Pipeline_CONV1_Y_PAD_CONV1_X_PAD_fu_166/mac_muladd_8ns_6ns_16ns_16_4_1_U37/reconstruction_accel_mac_muladd_8ns_6ns_16ns_16_4_1_DSP48_0_U/buff0_reg_i_80/O
                         net (fo=1, routed)           0.029     2.841    neural_reconstruction_bd_i/reconstruction_accel_0/inst/grp_reconstruction_accel_Pipeline_CONV1_Y_PAD_CONV1_X_PAD_fu_166/mac_muladd_8ns_6ns_16ns_16_4_1_U37/reconstruction_accel_mac_muladd_8ns_6ns_16ns_16_4_1_DSP48_0_U/buff0_reg_i_80_n_3
    SLICE_X5Y46          CARRY8 (Prop_CARRY8_SLICEM_S[5]_CO[7])
                                                      0.238     3.079 r  neural_reconstruction_bd_i/reconstruction_accel_0/inst/grp_reconstruction_accel_Pipeline_CONV1_Y_PAD_CONV1_X_PAD_fu_166/mac_muladd_8ns_6ns_16ns_16_4_1_U37/reconstruction_accel_mac_muladd_8ns_6ns_16ns_16_4_1_DSP48_0_U/buff0_reg_i_49/CO[7]
                         net (fo=1, routed)           0.030     3.109    neural_reconstruction_bd_i/reconstruction_accel_0/inst/grp_reconstruction_accel_Pipeline_CONV1_Y_PAD_CONV1_X_PAD_fu_166/mac_muladd_8ns_6ns_16ns_16_4_1_U37/reconstruction_accel_mac_muladd_8ns_6ns_16ns_16_4_1_DSP48_0_U/buff0_reg_i_49_n_3
    SLICE_X5Y47          CARRY8 (Prop_CARRY8_SLICEM_CI_O[1])
                                                      0.106     3.215 r  neural_reconstruction_bd_i/reconstruction_accel_0/inst/grp_reconstruction_accel_Pipeline_CONV1_Y_PAD_CONV1_X_PAD_fu_166/mac_muladd_8ns_6ns_16ns_16_4_1_U37/reconstruction_accel_mac_muladd_8ns_6ns_16ns_16_4_1_DSP48_0_U/buff0_reg_i_23/O[1]
                         net (fo=1, routed)           0.253     3.468    neural_reconstruction_bd_i/reconstruction_accel_0/inst/grp_reconstruction_accel_Pipeline_CONV1_Y_PAD_CONV1_X_PAD_fu_166/mac_muladd_8ns_8s_15s_15_4_1_U38/reconstruction_accel_mac_muladd_8ns_8s_15s_15_4_1_DSP48_0_U/sext_ln452_2_fu_1302_p1[9]
    SLICE_X6Y47          LUT2 (Prop_B6LUT_SLICEL_I1_O)
                                                      0.083     3.551 r  neural_reconstruction_bd_i/reconstruction_accel_0/inst/grp_reconstruction_accel_Pipeline_CONV1_Y_PAD_CONV1_X_PAD_fu_166/mac_muladd_8ns_8s_15s_15_4_1_U38/reconstruction_accel_mac_muladd_8ns_8s_15s_15_4_1_DSP48_0_U/buff0_reg_i_13/O
                         net (fo=1, routed)           0.013     3.564    neural_reconstruction_bd_i/reconstruction_accel_0/inst/grp_reconstruction_accel_Pipeline_CONV1_Y_PAD_CONV1_X_PAD_fu_166/mac_muladd_8ns_8s_15s_15_4_1_U38/reconstruction_accel_mac_muladd_8ns_8s_15s_15_4_1_DSP48_0_U/buff0_reg_i_13_n_3
    SLICE_X6Y47          CARRY8 (Prop_CARRY8_SLICEL_S[1]_O[6])
                                                      0.306     3.870 r  neural_reconstruction_bd_i/reconstruction_accel_0/inst/grp_reconstruction_accel_Pipeline_CONV1_Y_PAD_CONV1_X_PAD_fu_166/mac_muladd_8ns_8s_15s_15_4_1_U38/reconstruction_accel_mac_muladd_8ns_8s_15s_15_4_1_DSP48_0_U/buff0_reg_i_2/O[6]
                         net (fo=2, routed)           0.423     4.293    neural_reconstruction_bd_i/reconstruction_accel_0/inst/grp_reconstruction_accel_Pipeline_CONV1_Y_PAD_CONV1_X_PAD_fu_166/acc_fu_1325_p2[14]
    SLICE_X6Y47          FDRE                                         r  neural_reconstruction_bd_i/reconstruction_accel_0/inst/grp_reconstruction_accel_Pipeline_CONV1_Y_PAD_CONV1_X_PAD_fu_166/tmp_21_reg_3214_reg[0]_psdsp_4/D
  -------------------------------------------------------------------    -------------------

                         (clock clk_pl_0 rise edge)
                                                      0.000     0.000 r  
    PS8_X0Y0             PS8                          0.000     0.000 r  neural_reconstruction_bd_i/zynq_ultra_ps_e_0/inst/PS8_i/PLCLK[0]
                         net (fo=1, routed)           0.181     0.181    neural_reconstruction_bd_i/zynq_ultra_ps_e_0/inst/pl_clk_unbuffered[0]
    BUFG_PS_X0Y80        BUFG_PS (Prop_BUFG_PS_I_O)
                                                      0.035     0.216 r  neural_reconstruction_bd_i/zynq_ultra_ps_e_0/inst/buffer_pl_clk_0.PL_CLK_0_BUFG/O
    X1Y1 (CLOCK_ROOT)    net (fo=7864, routed)        2.832     3.048    neural_reconstruction_bd_i/reconstruction_accel_0/inst/grp_reconstruction_accel_Pipeline_CONV1_Y_PAD_CONV1_X_PAD_fu_166/ap_clk
    SLICE_X6Y47          FDRE                                         r  neural_reconstruction_bd_i/reconstruction_accel_0/inst/grp_reconstruction_accel_Pipeline_CONV1_Y_PAD_CONV1_X_PAD_fu_166/tmp_21_reg_3214_reg[0]_psdsp_4/C

Slack:                    inf
  Source:                 neural_reconstruction_bd_i/reconstruction_accel_0/inst/grp_reconstruction_accel_Pipeline_CONV1_Y_PAD_CONV1_X_PAD_fu_166/mul_8ns_8ns_15_1_1_U28/tmp_product/DSP_A_B_DATA_INST/B2_DATA[1]
                            (internal pin)
  Destination:            neural_reconstruction_bd_i/reconstruction_accel_0/inst/grp_reconstruction_accel_Pipeline_CONV1_Y_PAD_CONV1_X_PAD_fu_166/tmp_21_reg_3214_reg[0]_psdsp_5/D
                            (rising edge-triggered cell FDRE clocked by clk_pl_0  {rise@0.000ns fall@2.500ns period=5.000ns})
  Path Group:             (none)
  Path Type:              Setup (Max at Slow Process Corner)
  Data Path Delay:        4.253ns  (logic 3.033ns (71.319%)  route 1.220ns (28.681%))
  Logic Levels:           12  (CARRY8=4 DSP_ALU=1 DSP_M_DATA=1 DSP_MULTIPLIER=1 DSP_OUTPUT=1 DSP_PREADD_DATA=1 LUT2=3)
  Clock Uncertainty:      0.127ns  ((TSJ^2 + DJ^2)^1/2) / 2 + PE
    Total System Jitter     (TSJ):    0.050ns
    Discrete Jitter          (DJ):    0.248ns
    Phase Error              (PE):    0.000ns
  Clock Net Delay (Destination): 2.832ns (routing 1.450ns, distribution 1.382ns)

    Location             Delay type                Incr(ns)  Path(ns)    Netlist Resource(s)
  -------------------------------------------------------------------    -------------------
    DSP48E2_X2Y18        DSP_A_B_DATA                 0.000     0.000 r  neural_reconstruction_bd_i/reconstruction_accel_0/inst/grp_reconstruction_accel_Pipeline_CONV1_Y_PAD_CONV1_X_PAD_fu_166/mul_8ns_8ns_15_1_1_U28/tmp_product/DSP_A_B_DATA_INST/B2_DATA[1]
                         net (fo=1, routed)           0.000     0.000    neural_reconstruction_bd_i/reconstruction_accel_0/inst/grp_reconstruction_accel_Pipeline_CONV1_Y_PAD_CONV1_X_PAD_fu_166/mul_8ns_8ns_15_1_1_U28/tmp_product/DSP_A_B_DATA.B2_DATA<1>
    DSP48E2_X2Y18        DSP_PREADD_DATA (Prop_DSP_PREADD_DATA_DSP48E2_B2_DATA[1]_B2B1[1])
                                                      0.097     0.097 r  neural_reconstruction_bd_i/reconstruction_accel_0/inst/grp_reconstruction_accel_Pipeline_CONV1_Y_PAD_CONV1_X_PAD_fu_166/mul_8ns_8ns_15_1_1_U28/tmp_product/DSP_PREADD_DATA_INST/B2B1[1]
                         net (fo=1, routed)           0.000     0.097    neural_reconstruction_bd_i/reconstruction_accel_0/inst/grp_reconstruction_accel_Pipeline_CONV1_Y_PAD_CONV1_X_PAD_fu_166/mul_8ns_8ns_15_1_1_U28/tmp_product/DSP_PREADD_DATA.B2B1<1>
    DSP48E2_X2Y18        DSP_MULTIPLIER (Prop_DSP_MULTIPLIER_DSP48E2_B2B1[1]_U[1])
                                                      0.773     0.870 f  neural_reconstruction_bd_i/reconstruction_accel_0/inst/grp_reconstruction_accel_Pipeline_CONV1_Y_PAD_CONV1_X_PAD_fu_166/mul_8ns_8ns_15_1_1_U28/tmp_product/DSP_MULTIPLIER_INST/U[1]
                         net (fo=1, routed)           0.000     0.870    neural_reconstruction_bd_i/reconstruction_accel_0/inst/grp_reconstruction_accel_Pipeline_CONV1_Y_PAD_CONV1_X_PAD_fu_166/mul_8ns_8ns_15_1_1_U28/tmp_product/DSP_MULTIPLIER.U<1>
    DSP48E2_X2Y18        DSP_M_DATA (Prop_DSP_M_DATA_DSP48E2_U[1]_U_DATA[1])
                                                      0.067     0.937 r  neural_reconstruction_bd_i/reconstruction_accel_0/inst/grp_reconstruction_accel_Pipeline_CONV1_Y_PAD_CONV1_X_PAD_fu_166/mul_8ns_8ns_15_1_1_U28/tmp_product/DSP_M_DATA_INST/U_DATA[1]
                         net (fo=1, routed)           0.000     0.937    neural_reconstruction_bd_i/reconstruction_accel_0/inst/grp_reconstruction_accel_Pipeline_CONV1_Y_PAD_CONV1_X_PAD_fu_166/mul_8ns_8ns_15_1_1_U28/tmp_product/DSP_M_DATA.U_DATA<1>
    DSP48E2_X2Y18        DSP_ALU (Prop_DSP_ALU_DSP48E2_U_DATA[1]_ALU_OUT[1])
                                                      0.727     1.664 f  neural_reconstruction_bd_i/reconstruction_accel_0/inst/grp_reconstruction_accel_Pipeline_CONV1_Y_PAD_CONV1_X_PAD_fu_166/mul_8ns_8ns_15_1_1_U28/tmp_product/DSP_ALU_INST/ALU_OUT[1]
                         net (fo=1, routed)           0.000     1.664    neural_reconstruction_bd_i/reconstruction_accel_0/inst/grp_reconstruction_accel_Pipeline_CONV1_Y_PAD_CONV1_X_PAD_fu_166/mul_8ns_8ns_15_1_1_U28/tmp_product/DSP_ALU.ALU_OUT<1>
    DSP48E2_X2Y18        DSP_OUTPUT (Prop_DSP_OUTPUT_DSP48E2_ALU_OUT[1]_P[1])
                                                      0.146     1.810 r  neural_reconstruction_bd_i/reconstruction_accel_0/inst/grp_reconstruction_accel_Pipeline_CONV1_Y_PAD_CONV1_X_PAD_fu_166/mul_8ns_8ns_15_1_1_U28/tmp_product/DSP_OUTPUT_INST/P[1]
                         net (fo=2, routed)           0.300     2.110    neural_reconstruction_bd_i/reconstruction_accel_0/inst/grp_reconstruction_accel_Pipeline_CONV1_Y_PAD_CONV1_X_PAD_fu_166/mac_muladd_8ns_6ns_16ns_16_4_1_U37/reconstruction_accel_mac_muladd_8ns_6ns_16ns_16_4_1_DSP48_0_U/buff0_reg_i_51_0[1]
    SLICE_X5Y44          LUT2 (Prop_B6LUT_SLICEM_I1_O)
                                                      0.057     2.167 r  neural_reconstruction_bd_i/reconstruction_accel_0/inst/grp_reconstruction_accel_Pipeline_CONV1_Y_PAD_CONV1_X_PAD_fu_166/mac_muladd_8ns_6ns_16ns_16_4_1_U37/reconstruction_accel_mac_muladd_8ns_6ns_16ns_16_4_1_DSP48_0_U/buff0_reg_i_100/O
                         net (fo=1, routed)           0.022     2.189    neural_reconstruction_bd_i/reconstruction_accel_0/inst/grp_reconstruction_accel_Pipeline_CONV1_Y_PAD_CONV1_X_PAD_fu_166/mac_muladd_8ns_6ns_16ns_16_4_1_U37/reconstruction_accel_mac_muladd_8ns_6ns_16ns_16_4_1_DSP48_0_U/buff0_reg_i_100_n_3
    SLICE_X5Y44          CARRY8 (Prop_CARRY8_SLICEM_S[1]_O[5])
                                                      0.333     2.522 r  neural_reconstruction_bd_i/reconstruction_accel_0/inst/grp_reconstruction_accel_Pipeline_CONV1_Y_PAD_CONV1_X_PAD_fu_166/mac_muladd_8ns_6ns_16ns_16_4_1_U37/reconstruction_accel_mac_muladd_8ns_6ns_16ns_16_4_1_DSP48_0_U/buff0_reg_i_77/O[5]
                         net (fo=2, routed)           0.210     2.732    neural_reconstruction_bd_i/reconstruction_accel_0/inst/grp_reconstruction_accel_Pipeline_CONV1_Y_PAD_CONV1_X_PAD_fu_166/mac_muladd_8ns_6ns_16ns_16_4_1_U37/reconstruction_accel_mac_muladd_8ns_6ns_16ns_16_4_1_DSP48_0_U/sext_ln452_1_fu_1292_p1[5]
    SLICE_X5Y46          LUT2 (Prop_F6LUT_SLICEM_I0_O)
                                                      0.080     2.812 r  neural_reconstruction_bd_i/reconstruction_accel_0/inst/grp_reconstruction_accel_Pipeline_CONV1_Y_PAD_CONV1_X_PAD_fu_166/mac_muladd_8ns_6ns_16ns_16_4_1_U37/reconstruction_accel_mac_muladd_8ns_6ns_16ns_16_4_1_DSP48_0_U/buff0_reg_i_80/O
                         net (fo=1, routed)           0.029     2.841    neural_reconstruction_bd_i/reconstruction_accel_0/inst/grp_reconstruction_accel_Pipeline_CONV1_Y_PAD_CONV1_X_PAD_fu_166/mac_muladd_8ns_6ns_16ns_16_4_1_U37/reconstruction_accel_mac_muladd_8ns_6ns_16ns_16_4_1_DSP48_0_U/buff0_reg_i_80_n_3
    SLICE_X5Y46          CARRY8 (Prop_CARRY8_SLICEM_S[5]_CO[7])
                                                      0.238     3.079 r  neural_reconstruction_bd_i/reconstruction_accel_0/inst/grp_reconstruction_accel_Pipeline_CONV1_Y_PAD_CONV1_X_PAD_fu_166/mac_muladd_8ns_6ns_16ns_16_4_1_U37/reconstruction_accel_mac_muladd_8ns_6ns_16ns_16_4_1_DSP48_0_U/buff0_reg_i_49/CO[7]
                         net (fo=1, routed)           0.030     3.109    neural_reconstruction_bd_i/reconstruction_accel_0/inst/grp_reconstruction_accel_Pipeline_CONV1_Y_PAD_CONV1_X_PAD_fu_166/mac_muladd_8ns_6ns_16ns_16_4_1_U37/reconstruction_accel_mac_muladd_8ns_6ns_16ns_16_4_1_DSP48_0_U/buff0_reg_i_49_n_3
    SLICE_X5Y47          CARRY8 (Prop_CARRY8_SLICEM_CI_O[1])
                                                      0.106     3.215 r  neural_reconstruction_bd_i/reconstruction_accel_0/inst/grp_reconstruction_accel_Pipeline_CONV1_Y_PAD_CONV1_X_PAD_fu_166/mac_muladd_8ns_6ns_16ns_16_4_1_U37/reconstruction_accel_mac_muladd_8ns_6ns_16ns_16_4_1_DSP48_0_U/buff0_reg_i_23/O[1]
                         net (fo=1, routed)           0.253     3.468    neural_reconstruction_bd_i/reconstruction_accel_0/inst/grp_reconstruction_accel_Pipeline_CONV1_Y_PAD_CONV1_X_PAD_fu_166/mac_muladd_8ns_8s_15s_15_4_1_U38/reconstruction_accel_mac_muladd_8ns_8s_15s_15_4_1_DSP48_0_U/sext_ln452_2_fu_1302_p1[9]
    SLICE_X6Y47          LUT2 (Prop_B6LUT_SLICEL_I1_O)
                                                      0.083     3.551 r  neural_reconstruction_bd_i/reconstruction_accel_0/inst/grp_reconstruction_accel_Pipeline_CONV1_Y_PAD_CONV1_X_PAD_fu_166/mac_muladd_8ns_8s_15s_15_4_1_U38/reconstruction_accel_mac_muladd_8ns_8s_15s_15_4_1_DSP48_0_U/buff0_reg_i_13/O
                         net (fo=1, routed)           0.013     3.564    neural_reconstruction_bd_i/reconstruction_accel_0/inst/grp_reconstruction_accel_Pipeline_CONV1_Y_PAD_CONV1_X_PAD_fu_166/mac_muladd_8ns_8s_15s_15_4_1_U38/reconstruction_accel_mac_muladd_8ns_8s_15s_15_4_1_DSP48_0_U/buff0_reg_i_13_n_3
    SLICE_X6Y47          CARRY8 (Prop_CARRY8_SLICEL_S[1]_O[5])
                                                      0.326     3.890 r  neural_reconstruction_bd_i/reconstruction_accel_0/inst/grp_reconstruction_accel_Pipeline_CONV1_Y_PAD_CONV1_X_PAD_fu_166/mac_muladd_8ns_8s_15s_15_4_1_U38/reconstruction_accel_mac_muladd_8ns_8s_15s_15_4_1_DSP48_0_U/buff0_reg_i_2/O[5]
                         net (fo=2, routed)           0.363     4.253    neural_reconstruction_bd_i/reconstruction_accel_0/inst/grp_reconstruction_accel_Pipeline_CONV1_Y_PAD_CONV1_X_PAD_fu_166/acc_fu_1325_p2[13]
    SLICE_X6Y47          FDRE                                         r  neural_reconstruction_bd_i/reconstruction_accel_0/inst/grp_reconstruction_accel_Pipeline_CONV1_Y_PAD_CONV1_X_PAD_fu_166/tmp_21_reg_3214_reg[0]_psdsp_5/D
  -------------------------------------------------------------------    -------------------

                         (clock clk_pl_0 rise edge)
                                                      0.000     0.000 r  
    PS8_X0Y0             PS8                          0.000     0.000 r  neural_reconstruction_bd_i/zynq_ultra_ps_e_0/inst/PS8_i/PLCLK[0]
                         net (fo=1, routed)           0.181     0.181    neural_reconstruction_bd_i/zynq_ultra_ps_e_0/inst/pl_clk_unbuffered[0]
    BUFG_PS_X0Y80        BUFG_PS (Prop_BUFG_PS_I_O)
                                                      0.035     0.216 r  neural_reconstruction_bd_i/zynq_ultra_ps_e_0/inst/buffer_pl_clk_0.PL_CLK_0_BUFG/O
    X1Y1 (CLOCK_ROOT)    net (fo=7864, routed)        2.832     3.048    neural_reconstruction_bd_i/reconstruction_accel_0/inst/grp_reconstruction_accel_Pipeline_CONV1_Y_PAD_CONV1_X_PAD_fu_166/ap_clk
    SLICE_X6Y47          FDRE                                         r  neural_reconstruction_bd_i/reconstruction_accel_0/inst/grp_reconstruction_accel_Pipeline_CONV1_Y_PAD_CONV1_X_PAD_fu_166/tmp_21_reg_3214_reg[0]_psdsp_5/C

Slack:                    inf
  Source:                 neural_reconstruction_bd_i/reconstruction_accel_0/inst/grp_reconstruction_accel_Pipeline_CONV1_Y_PAD_CONV1_X_PAD_fu_166/mul_8ns_8ns_15_1_1_U28/tmp_product/DSP_A_B_DATA_INST/B2_DATA[1]
                            (internal pin)
  Destination:            neural_reconstruction_bd_i/reconstruction_accel_0/inst/grp_reconstruction_accel_Pipeline_CONV1_Y_PAD_CONV1_X_PAD_fu_166/ram_reg_uram_4_i_25__0_psdsp_5/D
                            (rising edge-triggered cell FDRE clocked by clk_pl_0  {rise@0.000ns fall@2.500ns period=5.000ns})
  Path Group:             (none)
  Path Type:              Setup (Max at Slow Process Corner)
  Data Path Delay:        4.246ns  (logic 3.033ns (71.437%)  route 1.213ns (28.563%))
  Logic Levels:           12  (CARRY8=4 DSP_ALU=1 DSP_M_DATA=1 DSP_MULTIPLIER=1 DSP_OUTPUT=1 DSP_PREADD_DATA=1 LUT2=3)
  Clock Uncertainty:      0.127ns  ((TSJ^2 + DJ^2)^1/2) / 2 + PE
    Total System Jitter     (TSJ):    0.050ns
    Discrete Jitter          (DJ):    0.248ns
    Phase Error              (PE):    0.000ns
  Clock Net Delay (Destination): 2.829ns (routing 1.450ns, distribution 1.379ns)

    Location             Delay type                Incr(ns)  Path(ns)    Netlist Resource(s)
  -------------------------------------------------------------------    -------------------
    DSP48E2_X2Y18        DSP_A_B_DATA                 0.000     0.000 r  neural_reconstruction_bd_i/reconstruction_accel_0/inst/grp_reconstruction_accel_Pipeline_CONV1_Y_PAD_CONV1_X_PAD_fu_166/mul_8ns_8ns_15_1_1_U28/tmp_product/DSP_A_B_DATA_INST/B2_DATA[1]
                         net (fo=1, routed)           0.000     0.000    neural_reconstruction_bd_i/reconstruction_accel_0/inst/grp_reconstruction_accel_Pipeline_CONV1_Y_PAD_CONV1_X_PAD_fu_166/mul_8ns_8ns_15_1_1_U28/tmp_product/DSP_A_B_DATA.B2_DATA<1>
    DSP48E2_X2Y18        DSP_PREADD_DATA (Prop_DSP_PREADD_DATA_DSP48E2_B2_DATA[1]_B2B1[1])
                                                      0.097     0.097 r  neural_reconstruction_bd_i/reconstruction_accel_0/inst/grp_reconstruction_accel_Pipeline_CONV1_Y_PAD_CONV1_X_PAD_fu_166/mul_8ns_8ns_15_1_1_U28/tmp_product/DSP_PREADD_DATA_INST/B2B1[1]
                         net (fo=1, routed)           0.000     0.097    neural_reconstruction_bd_i/reconstruction_accel_0/inst/grp_reconstruction_accel_Pipeline_CONV1_Y_PAD_CONV1_X_PAD_fu_166/mul_8ns_8ns_15_1_1_U28/tmp_product/DSP_PREADD_DATA.B2B1<1>
    DSP48E2_X2Y18        DSP_MULTIPLIER (Prop_DSP_MULTIPLIER_DSP48E2_B2B1[1]_U[1])
                                                      0.773     0.870 f  neural_reconstruction_bd_i/reconstruction_accel_0/inst/grp_reconstruction_accel_Pipeline_CONV1_Y_PAD_CONV1_X_PAD_fu_166/mul_8ns_8ns_15_1_1_U28/tmp_product/DSP_MULTIPLIER_INST/U[1]
                         net (fo=1, routed)           0.000     0.870    neural_reconstruction_bd_i/reconstruction_accel_0/inst/grp_reconstruction_accel_Pipeline_CONV1_Y_PAD_CONV1_X_PAD_fu_166/mul_8ns_8ns_15_1_1_U28/tmp_product/DSP_MULTIPLIER.U<1>
    DSP48E2_X2Y18        DSP_M_DATA (Prop_DSP_M_DATA_DSP48E2_U[1]_U_DATA[1])
                                                      0.067     0.937 r  neural_reconstruction_bd_i/reconstruction_accel_0/inst/grp_reconstruction_accel_Pipeline_CONV1_Y_PAD_CONV1_X_PAD_fu_166/mul_8ns_8ns_15_1_1_U28/tmp_product/DSP_M_DATA_INST/U_DATA[1]
                         net (fo=1, routed)           0.000     0.937    neural_reconstruction_bd_i/reconstruction_accel_0/inst/grp_reconstruction_accel_Pipeline_CONV1_Y_PAD_CONV1_X_PAD_fu_166/mul_8ns_8ns_15_1_1_U28/tmp_product/DSP_M_DATA.U_DATA<1>
    DSP48E2_X2Y18        DSP_ALU (Prop_DSP_ALU_DSP48E2_U_DATA[1]_ALU_OUT[1])
                                                      0.727     1.664 f  neural_reconstruction_bd_i/reconstruction_accel_0/inst/grp_reconstruction_accel_Pipeline_CONV1_Y_PAD_CONV1_X_PAD_fu_166/mul_8ns_8ns_15_1_1_U28/tmp_product/DSP_ALU_INST/ALU_OUT[1]
                         net (fo=1, routed)           0.000     1.664    neural_reconstruction_bd_i/reconstruction_accel_0/inst/grp_reconstruction_accel_Pipeline_CONV1_Y_PAD_CONV1_X_PAD_fu_166/mul_8ns_8ns_15_1_1_U28/tmp_product/DSP_ALU.ALU_OUT<1>
    DSP48E2_X2Y18        DSP_OUTPUT (Prop_DSP_OUTPUT_DSP48E2_ALU_OUT[1]_P[1])
                                                      0.146     1.810 r  neural_reconstruction_bd_i/reconstruction_accel_0/inst/grp_reconstruction_accel_Pipeline_CONV1_Y_PAD_CONV1_X_PAD_fu_166/mul_8ns_8ns_15_1_1_U28/tmp_product/DSP_OUTPUT_INST/P[1]
                         net (fo=2, routed)           0.300     2.110    neural_reconstruction_bd_i/reconstruction_accel_0/inst/grp_reconstruction_accel_Pipeline_CONV1_Y_PAD_CONV1_X_PAD_fu_166/mac_muladd_8ns_6ns_16ns_16_4_1_U37/reconstruction_accel_mac_muladd_8ns_6ns_16ns_16_4_1_DSP48_0_U/buff0_reg_i_51_0[1]
    SLICE_X5Y44          LUT2 (Prop_B6LUT_SLICEM_I1_O)
                                                      0.057     2.167 r  neural_reconstruction_bd_i/reconstruction_accel_0/inst/grp_reconstruction_accel_Pipeline_CONV1_Y_PAD_CONV1_X_PAD_fu_166/mac_muladd_8ns_6ns_16ns_16_4_1_U37/reconstruction_accel_mac_muladd_8ns_6ns_16ns_16_4_1_DSP48_0_U/buff0_reg_i_100/O
                         net (fo=1, routed)           0.022     2.189    neural_reconstruction_bd_i/reconstruction_accel_0/inst/grp_reconstruction_accel_Pipeline_CONV1_Y_PAD_CONV1_X_PAD_fu_166/mac_muladd_8ns_6ns_16ns_16_4_1_U37/reconstruction_accel_mac_muladd_8ns_6ns_16ns_16_4_1_DSP48_0_U/buff0_reg_i_100_n_3
    SLICE_X5Y44          CARRY8 (Prop_CARRY8_SLICEM_S[1]_O[5])
                                                      0.333     2.522 r  neural_reconstruction_bd_i/reconstruction_accel_0/inst/grp_reconstruction_accel_Pipeline_CONV1_Y_PAD_CONV1_X_PAD_fu_166/mac_muladd_8ns_6ns_16ns_16_4_1_U37/reconstruction_accel_mac_muladd_8ns_6ns_16ns_16_4_1_DSP48_0_U/buff0_reg_i_77/O[5]
                         net (fo=2, routed)           0.210     2.732    neural_reconstruction_bd_i/reconstruction_accel_0/inst/grp_reconstruction_accel_Pipeline_CONV1_Y_PAD_CONV1_X_PAD_fu_166/mac_muladd_8ns_6ns_16ns_16_4_1_U37/reconstruction_accel_mac_muladd_8ns_6ns_16ns_16_4_1_DSP48_0_U/sext_ln452_1_fu_1292_p1[5]
    SLICE_X5Y46          LUT2 (Prop_F6LUT_SLICEM_I0_O)
                                                      0.080     2.812 r  neural_reconstruction_bd_i/reconstruction_accel_0/inst/grp_reconstruction_accel_Pipeline_CONV1_Y_PAD_CONV1_X_PAD_fu_166/mac_muladd_8ns_6ns_16ns_16_4_1_U37/reconstruction_accel_mac_muladd_8ns_6ns_16ns_16_4_1_DSP48_0_U/buff0_reg_i_80/O
                         net (fo=1, routed)           0.029     2.841    neural_reconstruction_bd_i/reconstruction_accel_0/inst/grp_reconstruction_accel_Pipeline_CONV1_Y_PAD_CONV1_X_PAD_fu_166/mac_muladd_8ns_6ns_16ns_16_4_1_U37/reconstruction_accel_mac_muladd_8ns_6ns_16ns_16_4_1_DSP48_0_U/buff0_reg_i_80_n_3
    SLICE_X5Y46          CARRY8 (Prop_CARRY8_SLICEM_S[5]_CO[7])
                                                      0.238     3.079 r  neural_reconstruction_bd_i/reconstruction_accel_0/inst/grp_reconstruction_accel_Pipeline_CONV1_Y_PAD_CONV1_X_PAD_fu_166/mac_muladd_8ns_6ns_16ns_16_4_1_U37/reconstruction_accel_mac_muladd_8ns_6ns_16ns_16_4_1_DSP48_0_U/buff0_reg_i_49/CO[7]
                         net (fo=1, routed)           0.030     3.109    neural_reconstruction_bd_i/reconstruction_accel_0/inst/grp_reconstruction_accel_Pipeline_CONV1_Y_PAD_CONV1_X_PAD_fu_166/mac_muladd_8ns_6ns_16ns_16_4_1_U37/reconstruction_accel_mac_muladd_8ns_6ns_16ns_16_4_1_DSP48_0_U/buff0_reg_i_49_n_3
    SLICE_X5Y47          CARRY8 (Prop_CARRY8_SLICEM_CI_O[1])
                                                      0.106     3.215 r  neural_reconstruction_bd_i/reconstruction_accel_0/inst/grp_reconstruction_accel_Pipeline_CONV1_Y_PAD_CONV1_X_PAD_fu_166/mac_muladd_8ns_6ns_16ns_16_4_1_U37/reconstruction_accel_mac_muladd_8ns_6ns_16ns_16_4_1_DSP48_0_U/buff0_reg_i_23/O[1]
                         net (fo=1, routed)           0.253     3.468    neural_reconstruction_bd_i/reconstruction_accel_0/inst/grp_reconstruction_accel_Pipeline_CONV1_Y_PAD_CONV1_X_PAD_fu_166/mac_muladd_8ns_8s_15s_15_4_1_U38/reconstruction_accel_mac_muladd_8ns_8s_15s_15_4_1_DSP48_0_U/sext_ln452_2_fu_1302_p1[9]
    SLICE_X6Y47          LUT2 (Prop_B6LUT_SLICEL_I1_O)
                                                      0.083     3.551 r  neural_reconstruction_bd_i/reconstruction_accel_0/inst/grp_reconstruction_accel_Pipeline_CONV1_Y_PAD_CONV1_X_PAD_fu_166/mac_muladd_8ns_8s_15s_15_4_1_U38/reconstruction_accel_mac_muladd_8ns_8s_15s_15_4_1_DSP48_0_U/buff0_reg_i_13/O
                         net (fo=1, routed)           0.013     3.564    neural_reconstruction_bd_i/reconstruction_accel_0/inst/grp_reconstruction_accel_Pipeline_CONV1_Y_PAD_CONV1_X_PAD_fu_166/mac_muladd_8ns_8s_15s_15_4_1_U38/reconstruction_accel_mac_muladd_8ns_8s_15s_15_4_1_DSP48_0_U/buff0_reg_i_13_n_3
    SLICE_X6Y47          CARRY8 (Prop_CARRY8_SLICEL_S[1]_O[5])
                                                      0.326     3.890 r  neural_reconstruction_bd_i/reconstruction_accel_0/inst/grp_reconstruction_accel_Pipeline_CONV1_Y_PAD_CONV1_X_PAD_fu_166/mac_muladd_8ns_8s_15s_15_4_1_U38/reconstruction_accel_mac_muladd_8ns_8s_15s_15_4_1_DSP48_0_U/buff0_reg_i_2/O[5]
                         net (fo=2, routed)           0.356     4.246    neural_reconstruction_bd_i/reconstruction_accel_0/inst/grp_reconstruction_accel_Pipeline_CONV1_Y_PAD_CONV1_X_PAD_fu_166/acc_fu_1325_p2[13]
    SLICE_X6Y47          FDRE                                         r  neural_reconstruction_bd_i/reconstruction_accel_0/inst/grp_reconstruction_accel_Pipeline_CONV1_Y_PAD_CONV1_X_PAD_fu_166/ram_reg_uram_4_i_25__0_psdsp_5/D
  -------------------------------------------------------------------    -------------------

                         (clock clk_pl_0 rise edge)
                                                      0.000     0.000 r  
    PS8_X0Y0             PS8                          0.000     0.000 r  neural_reconstruction_bd_i/zynq_ultra_ps_e_0/inst/PS8_i/PLCLK[0]
                         net (fo=1, routed)           0.181     0.181    neural_reconstruction_bd_i/zynq_ultra_ps_e_0/inst/pl_clk_unbuffered[0]
    BUFG_PS_X0Y80        BUFG_PS (Prop_BUFG_PS_I_O)
                                                      0.035     0.216 r  neural_reconstruction_bd_i/zynq_ultra_ps_e_0/inst/buffer_pl_clk_0.PL_CLK_0_BUFG/O
    X1Y1 (CLOCK_ROOT)    net (fo=7864, routed)        2.829     3.045    neural_reconstruction_bd_i/reconstruction_accel_0/inst/grp_reconstruction_accel_Pipeline_CONV1_Y_PAD_CONV1_X_PAD_fu_166/ap_clk
    SLICE_X6Y47          FDRE                                         r  neural_reconstruction_bd_i/reconstruction_accel_0/inst/grp_reconstruction_accel_Pipeline_CONV1_Y_PAD_CONV1_X_PAD_fu_166/ram_reg_uram_4_i_25__0_psdsp_5/C

Slack:                    inf
  Source:                 neural_reconstruction_bd_i/reconstruction_accel_0/inst/grp_reconstruction_accel_Pipeline_CONV1_Y_PAD_CONV1_X_PAD_fu_166/mul_8ns_8ns_15_1_1_U28/tmp_product/DSP_A_B_DATA_INST/B2_DATA[1]
                            (internal pin)
  Destination:            neural_reconstruction_bd_i/reconstruction_accel_0/inst/grp_reconstruction_accel_Pipeline_CONV1_Y_PAD_CONV1_X_PAD_fu_166/mul_18s_12ns_30_3_1_U32/q8_1_reg_3229[0]_i_1_psdsp_4/D
                            (rising edge-triggered cell FDRE clocked by clk_pl_0  {rise@0.000ns fall@2.500ns period=5.000ns})
  Path Group:             (none)
  Path Type:              Setup (Max at Slow Process Corner)
  Data Path Delay:        4.235ns  (logic 2.808ns (66.309%)  route 1.427ns (33.691%))
  Logic Levels:           11  (CARRY8=3 DSP_ALU=1 DSP_M_DATA=1 DSP_MULTIPLIER=1 DSP_OUTPUT=1 DSP_PREADD_DATA=1 LUT2=1 LUT3=1 LUT4=1)
  Clock Uncertainty:      0.127ns  ((TSJ^2 + DJ^2)^1/2) / 2 + PE
    Total System Jitter     (TSJ):    0.050ns
    Discrete Jitter          (DJ):    0.248ns
    Phase Error              (PE):    0.000ns
  Clock Net Delay (Destination): 2.834ns (routing 1.450ns, distribution 1.384ns)

    Location             Delay type                Incr(ns)  Path(ns)    Netlist Resource(s)
  -------------------------------------------------------------------    -------------------
    DSP48E2_X2Y18        DSP_A_B_DATA                 0.000     0.000 r  neural_reconstruction_bd_i/reconstruction_accel_0/inst/grp_reconstruction_accel_Pipeline_CONV1_Y_PAD_CONV1_X_PAD_fu_166/mul_8ns_8ns_15_1_1_U28/tmp_product/DSP_A_B_DATA_INST/B2_DATA[1]
                         net (fo=1, routed)           0.000     0.000    neural_reconstruction_bd_i/reconstruction_accel_0/inst/grp_reconstruction_accel_Pipeline_CONV1_Y_PAD_CONV1_X_PAD_fu_166/mul_8ns_8ns_15_1_1_U28/tmp_product/DSP_A_B_DATA.B2_DATA<1>
    DSP48E2_X2Y18        DSP_PREADD_DATA (Prop_DSP_PREADD_DATA_DSP48E2_B2_DATA[1]_B2B1[1])
                                                      0.097     0.097 r  neural_reconstruction_bd_i/reconstruction_accel_0/inst/grp_reconstruction_accel_Pipeline_CONV1_Y_PAD_CONV1_X_PAD_fu_166/mul_8ns_8ns_15_1_1_U28/tmp_product/DSP_PREADD_DATA_INST/B2B1[1]
                         net (fo=1, routed)           0.000     0.097    neural_reconstruction_bd_i/reconstruction_accel_0/inst/grp_reconstruction_accel_Pipeline_CONV1_Y_PAD_CONV1_X_PAD_fu_166/mul_8ns_8ns_15_1_1_U28/tmp_product/DSP_PREADD_DATA.B2B1<1>
    DSP48E2_X2Y18        DSP_MULTIPLIER (Prop_DSP_MULTIPLIER_DSP48E2_B2B1[1]_U[0])
                                                      0.773     0.870 f  neural_reconstruction_bd_i/reconstruction_accel_0/inst/grp_reconstruction_accel_Pipeline_CONV1_Y_PAD_CONV1_X_PAD_fu_166/mul_8ns_8ns_15_1_1_U28/tmp_product/DSP_MULTIPLIER_INST/U[0]
                         net (fo=1, routed)           0.000     0.870    neural_reconstruction_bd_i/reconstruction_accel_0/inst/grp_reconstruction_accel_Pipeline_CONV1_Y_PAD_CONV1_X_PAD_fu_166/mul_8ns_8ns_15_1_1_U28/tmp_product/DSP_MULTIPLIER.U<0>
    DSP48E2_X2Y18        DSP_M_DATA (Prop_DSP_M_DATA_DSP48E2_U[0]_U_DATA[0])
                                                      0.067     0.937 r  neural_reconstruction_bd_i/reconstruction_accel_0/inst/grp_reconstruction_accel_Pipeline_CONV1_Y_PAD_CONV1_X_PAD_fu_166/mul_8ns_8ns_15_1_1_U28/tmp_product/DSP_M_DATA_INST/U_DATA[0]
                         net (fo=1, routed)           0.000     0.937    neural_reconstruction_bd_i/reconstruction_accel_0/inst/grp_reconstruction_accel_Pipeline_CONV1_Y_PAD_CONV1_X_PAD_fu_166/mul_8ns_8ns_15_1_1_U28/tmp_product/DSP_M_DATA.U_DATA<0>
    DSP48E2_X2Y18        DSP_ALU (Prop_DSP_ALU_DSP48E2_U_DATA[0]_ALU_OUT[0])
                                                      0.727     1.664 f  neural_reconstruction_bd_i/reconstruction_accel_0/inst/grp_reconstruction_accel_Pipeline_CONV1_Y_PAD_CONV1_X_PAD_fu_166/mul_8ns_8ns_15_1_1_U28/tmp_product/DSP_ALU_INST/ALU_OUT[0]
                         net (fo=1, routed)           0.000     1.664    neural_reconstruction_bd_i/reconstruction_accel_0/inst/grp_reconstruction_accel_Pipeline_CONV1_Y_PAD_CONV1_X_PAD_fu_166/mul_8ns_8ns_15_1_1_U28/tmp_product/DSP_ALU.ALU_OUT<0>
    DSP48E2_X2Y18        DSP_OUTPUT (Prop_DSP_OUTPUT_DSP48E2_ALU_OUT[0]_P[0])
                                                      0.146     1.810 r  neural_reconstruction_bd_i/reconstruction_accel_0/inst/grp_reconstruction_accel_Pipeline_CONV1_Y_PAD_CONV1_X_PAD_fu_166/mul_8ns_8ns_15_1_1_U28/tmp_product/DSP_OUTPUT_INST/P[0]
                         net (fo=2, routed)           0.322     2.132    neural_reconstruction_bd_i/reconstruction_accel_0/inst/grp_reconstruction_accel_Pipeline_CONV1_Y_PAD_CONV1_X_PAD_fu_166/mac_muladd_8ns_7ns_16ns_16_4_1_U41/reconstruction_accel_mac_muladd_8ns_7ns_16ns_16_4_1_DSP48_0_U/add_ln39_1_fu_2022_p2_i_39_0[0]
    SLICE_X6Y50          LUT2 (Prop_A6LUT_SLICEL_I1_O)
                                                      0.058     2.190 r  neural_reconstruction_bd_i/reconstruction_accel_0/inst/grp_reconstruction_accel_Pipeline_CONV1_Y_PAD_CONV1_X_PAD_fu_166/mac_muladd_8ns_7ns_16ns_16_4_1_U41/reconstruction_accel_mac_muladd_8ns_7ns_16ns_16_4_1_DSP48_0_U/add_ln39_1_fu_2022_p2_i_76/O
                         net (fo=1, routed)           0.014     2.204    neural_reconstruction_bd_i/reconstruction_accel_0/inst/grp_reconstruction_accel_Pipeline_CONV1_Y_PAD_CONV1_X_PAD_fu_166/mac_muladd_8ns_7ns_16ns_16_4_1_U41/reconstruction_accel_mac_muladd_8ns_7ns_16ns_16_4_1_DSP48_0_U/add_ln39_1_fu_2022_p2_i_76_n_3
    SLICE_X6Y50          CARRY8 (Prop_CARRY8_SLICEL_S[0]_O[6])
                                                      0.311     2.515 r  neural_reconstruction_bd_i/reconstruction_accel_0/inst/grp_reconstruction_accel_Pipeline_CONV1_Y_PAD_CONV1_X_PAD_fu_166/mac_muladd_8ns_7ns_16ns_16_4_1_U41/reconstruction_accel_mac_muladd_8ns_7ns_16ns_16_4_1_DSP48_0_U/add_ln39_1_fu_2022_p2_i_42/O[6]
                         net (fo=2, routed)           0.260     2.775    neural_reconstruction_bd_i/reconstruction_accel_0/inst/grp_reconstruction_accel_Pipeline_CONV1_Y_PAD_CONV1_X_PAD_fu_166/mac_muladd_8ns_7ns_16ns_16_4_1_U41/reconstruction_accel_mac_muladd_8ns_7ns_16ns_16_4_1_DSP48_0_U/sext_ln452_7_fu_1399_p1[6]
    SLICE_X7Y50          LUT3 (Prop_G5LUT_SLICEM_I0_O)
                                                      0.155     2.930 r  neural_reconstruction_bd_i/reconstruction_accel_0/inst/grp_reconstruction_accel_Pipeline_CONV1_Y_PAD_CONV1_X_PAD_fu_166/mac_muladd_8ns_7ns_16ns_16_4_1_U41/reconstruction_accel_mac_muladd_8ns_7ns_16ns_16_4_1_DSP48_0_U/add_ln39_1_fu_2022_p2_i_23/O
                         net (fo=2, routed)           0.316     3.246    neural_reconstruction_bd_i/reconstruction_accel_0/inst/grp_reconstruction_accel_Pipeline_CONV1_Y_PAD_CONV1_X_PAD_fu_166/mac_muladd_8ns_7ns_16ns_16_4_1_U41/reconstruction_accel_mac_muladd_8ns_7ns_16ns_16_4_1_DSP48_0_U/add_ln39_1_fu_2022_p2_i_23_n_3
    SLICE_X7Y50          LUT4 (Prop_H6LUT_SLICEM_I3_O)
                                                      0.138     3.384 r  neural_reconstruction_bd_i/reconstruction_accel_0/inst/grp_reconstruction_accel_Pipeline_CONV1_Y_PAD_CONV1_X_PAD_fu_166/mac_muladd_8ns_7ns_16ns_16_4_1_U41/reconstruction_accel_mac_muladd_8ns_7ns_16ns_16_4_1_DSP48_0_U/add_ln39_1_fu_2022_p2_i_30/O
                         net (fo=1, routed)           0.021     3.405    neural_reconstruction_bd_i/reconstruction_accel_0/inst/grp_reconstruction_accel_Pipeline_CONV1_Y_PAD_CONV1_X_PAD_fu_166/mac_muladd_8ns_7ns_16ns_16_4_1_U41/reconstruction_accel_mac_muladd_8ns_7ns_16ns_16_4_1_DSP48_0_U/add_ln39_1_fu_2022_p2_i_30_n_3
    SLICE_X7Y50          CARRY8 (Prop_CARRY8_SLICEM_S[7]_CO[7])
                                                      0.175     3.580 r  neural_reconstruction_bd_i/reconstruction_accel_0/inst/grp_reconstruction_accel_Pipeline_CONV1_Y_PAD_CONV1_X_PAD_fu_166/mac_muladd_8ns_7ns_16ns_16_4_1_U41/reconstruction_accel_mac_muladd_8ns_7ns_16ns_16_4_1_DSP48_0_U/add_ln39_1_fu_2022_p2_i_3/CO[7]
                         net (fo=1, routed)           0.030     3.610    neural_reconstruction_bd_i/reconstruction_accel_0/inst/grp_reconstruction_accel_Pipeline_CONV1_Y_PAD_CONV1_X_PAD_fu_166/mac_muladd_8ns_7ns_16ns_16_4_1_U41/reconstruction_accel_mac_muladd_8ns_7ns_16ns_16_4_1_DSP48_0_U/add_ln39_1_fu_2022_p2_i_3_n_3
    SLICE_X7Y51          CARRY8 (Prop_CARRY8_SLICEM_CI_O[5])
                                                      0.161     3.771 r  neural_reconstruction_bd_i/reconstruction_accel_0/inst/grp_reconstruction_accel_Pipeline_CONV1_Y_PAD_CONV1_X_PAD_fu_166/mac_muladd_8ns_7ns_16ns_16_4_1_U41/reconstruction_accel_mac_muladd_8ns_7ns_16ns_16_4_1_DSP48_0_U/add_ln39_1_fu_2022_p2_i_2/O[5]
                         net (fo=2, routed)           0.464     4.235    neural_reconstruction_bd_i/reconstruction_accel_0/inst/grp_reconstruction_accel_Pipeline_CONV1_Y_PAD_CONV1_X_PAD_fu_166/mul_18s_12ns_30_3_1_U32/DSP_ALU_INST[13]
    SLICE_X7Y51          FDRE                                         r  neural_reconstruction_bd_i/reconstruction_accel_0/inst/grp_reconstruction_accel_Pipeline_CONV1_Y_PAD_CONV1_X_PAD_fu_166/mul_18s_12ns_30_3_1_U32/q8_1_reg_3229[0]_i_1_psdsp_4/D
  -------------------------------------------------------------------    -------------------

                         (clock clk_pl_0 rise edge)
                                                      0.000     0.000 r  
    PS8_X0Y0             PS8                          0.000     0.000 r  neural_reconstruction_bd_i/zynq_ultra_ps_e_0/inst/PS8_i/PLCLK[0]
                         net (fo=1, routed)           0.181     0.181    neural_reconstruction_bd_i/zynq_ultra_ps_e_0/inst/pl_clk_unbuffered[0]
    BUFG_PS_X0Y80        BUFG_PS (Prop_BUFG_PS_I_O)
                                                      0.035     0.216 r  neural_reconstruction_bd_i/zynq_ultra_ps_e_0/inst/buffer_pl_clk_0.PL_CLK_0_BUFG/O
    X1Y1 (CLOCK_ROOT)    net (fo=7864, routed)        2.834     3.050    neural_reconstruction_bd_i/reconstruction_accel_0/inst/grp_reconstruction_accel_Pipeline_CONV1_Y_PAD_CONV1_X_PAD_fu_166/mul_18s_12ns_30_3_1_U32/ap_clk
    SLICE_X7Y51          FDRE                                         r  neural_reconstruction_bd_i/reconstruction_accel_0/inst/grp_reconstruction_accel_Pipeline_CONV1_Y_PAD_CONV1_X_PAD_fu_166/mul_18s_12ns_30_3_1_U32/q8_1_reg_3229[0]_i_1_psdsp_4/C

Slack:                    inf
  Source:                 neural_reconstruction_bd_i/reconstruction_accel_0/inst/grp_reconstruction_accel_Pipeline_CONV1_Y_PAD_CONV1_X_PAD_fu_166/mul_8ns_8ns_15_1_1_U28/tmp_product/DSP_A_B_DATA_INST/B2_DATA[1]
                            (internal pin)
  Destination:            neural_reconstruction_bd_i/reconstruction_accel_0/inst/grp_reconstruction_accel_Pipeline_CONV1_Y_PAD_CONV1_X_PAD_fu_166/ram_reg_uram_4_i_25__0_psdsp_3/D
                            (rising edge-triggered cell FDRE clocked by clk_pl_0  {rise@0.000ns fall@2.500ns period=5.000ns})
  Path Group:             (none)
  Path Type:              Setup (Max at Slow Process Corner)
  Data Path Delay:        4.233ns  (logic 3.034ns (71.680%)  route 1.199ns (28.320%))
  Logic Levels:           12  (CARRY8=4 DSP_ALU=1 DSP_M_DATA=1 DSP_MULTIPLIER=1 DSP_OUTPUT=1 DSP_PREADD_DATA=1 LUT2=3)
  Clock Uncertainty:      0.127ns  ((TSJ^2 + DJ^2)^1/2) / 2 + PE
    Total System Jitter     (TSJ):    0.050ns
    Discrete Jitter          (DJ):    0.248ns
    Phase Error              (PE):    0.000ns
  Clock Net Delay (Destination): 2.832ns (routing 1.450ns, distribution 1.382ns)

    Location             Delay type                Incr(ns)  Path(ns)    Netlist Resource(s)
  -------------------------------------------------------------------    -------------------
    DSP48E2_X2Y18        DSP_A_B_DATA                 0.000     0.000 r  neural_reconstruction_bd_i/reconstruction_accel_0/inst/grp_reconstruction_accel_Pipeline_CONV1_Y_PAD_CONV1_X_PAD_fu_166/mul_8ns_8ns_15_1_1_U28/tmp_product/DSP_A_B_DATA_INST/B2_DATA[1]
                         net (fo=1, routed)           0.000     0.000    neural_reconstruction_bd_i/reconstruction_accel_0/inst/grp_reconstruction_accel_Pipeline_CONV1_Y_PAD_CONV1_X_PAD_fu_166/mul_8ns_8ns_15_1_1_U28/tmp_product/DSP_A_B_DATA.B2_DATA<1>
    DSP48E2_X2Y18        DSP_PREADD_DATA (Prop_DSP_PREADD_DATA_DSP48E2_B2_DATA[1]_B2B1[1])
                                                      0.097     0.097 r  neural_reconstruction_bd_i/reconstruction_accel_0/inst/grp_reconstruction_accel_Pipeline_CONV1_Y_PAD_CONV1_X_PAD_fu_166/mul_8ns_8ns_15_1_1_U28/tmp_product/DSP_PREADD_DATA_INST/B2B1[1]
                         net (fo=1, routed)           0.000     0.097    neural_reconstruction_bd_i/reconstruction_accel_0/inst/grp_reconstruction_accel_Pipeline_CONV1_Y_PAD_CONV1_X_PAD_fu_166/mul_8ns_8ns_15_1_1_U28/tmp_product/DSP_PREADD_DATA.B2B1<1>
    DSP48E2_X2Y18        DSP_MULTIPLIER (Prop_DSP_MULTIPLIER_DSP48E2_B2B1[1]_U[1])
                                                      0.773     0.870 f  neural_reconstruction_bd_i/reconstruction_accel_0/inst/grp_reconstruction_accel_Pipeline_CONV1_Y_PAD_CONV1_X_PAD_fu_166/mul_8ns_8ns_15_1_1_U28/tmp_product/DSP_MULTIPLIER_INST/U[1]
                         net (fo=1, routed)           0.000     0.870    neural_reconstruction_bd_i/reconstruction_accel_0/inst/grp_reconstruction_accel_Pipeline_CONV1_Y_PAD_CONV1_X_PAD_fu_166/mul_8ns_8ns_15_1_1_U28/tmp_product/DSP_MULTIPLIER.U<1>
    DSP48E2_X2Y18        DSP_M_DATA (Prop_DSP_M_DATA_DSP48E2_U[1]_U_DATA[1])
                                                      0.067     0.937 r  neural_reconstruction_bd_i/reconstruction_accel_0/inst/grp_reconstruction_accel_Pipeline_CONV1_Y_PAD_CONV1_X_PAD_fu_166/mul_8ns_8ns_15_1_1_U28/tmp_product/DSP_M_DATA_INST/U_DATA[1]
                         net (fo=1, routed)           0.000     0.937    neural_reconstruction_bd_i/reconstruction_accel_0/inst/grp_reconstruction_accel_Pipeline_CONV1_Y_PAD_CONV1_X_PAD_fu_166/mul_8ns_8ns_15_1_1_U28/tmp_product/DSP_M_DATA.U_DATA<1>
    DSP48E2_X2Y18        DSP_ALU (Prop_DSP_ALU_DSP48E2_U_DATA[1]_ALU_OUT[1])
                                                      0.727     1.664 f  neural_reconstruction_bd_i/reconstruction_accel_0/inst/grp_reconstruction_accel_Pipeline_CONV1_Y_PAD_CONV1_X_PAD_fu_166/mul_8ns_8ns_15_1_1_U28/tmp_product/DSP_ALU_INST/ALU_OUT[1]
                         net (fo=1, routed)           0.000     1.664    neural_reconstruction_bd_i/reconstruction_accel_0/inst/grp_reconstruction_accel_Pipeline_CONV1_Y_PAD_CONV1_X_PAD_fu_166/mul_8ns_8ns_15_1_1_U28/tmp_product/DSP_ALU.ALU_OUT<1>
    DSP48E2_X2Y18        DSP_OUTPUT (Prop_DSP_OUTPUT_DSP48E2_ALU_OUT[1]_P[1])
                                                      0.146     1.810 r  neural_reconstruction_bd_i/reconstruction_accel_0/inst/grp_reconstruction_accel_Pipeline_CONV1_Y_PAD_CONV1_X_PAD_fu_166/mul_8ns_8ns_15_1_1_U28/tmp_product/DSP_OUTPUT_INST/P[1]
                         net (fo=2, routed)           0.300     2.110    neural_reconstruction_bd_i/reconstruction_accel_0/inst/grp_reconstruction_accel_Pipeline_CONV1_Y_PAD_CONV1_X_PAD_fu_166/mac_muladd_8ns_6ns_16ns_16_4_1_U37/reconstruction_accel_mac_muladd_8ns_6ns_16ns_16_4_1_DSP48_0_U/buff0_reg_i_51_0[1]
    SLICE_X5Y44          LUT2 (Prop_B6LUT_SLICEM_I1_O)
                                                      0.057     2.167 r  neural_reconstruction_bd_i/reconstruction_accel_0/inst/grp_reconstruction_accel_Pipeline_CONV1_Y_PAD_CONV1_X_PAD_fu_166/mac_muladd_8ns_6ns_16ns_16_4_1_U37/reconstruction_accel_mac_muladd_8ns_6ns_16ns_16_4_1_DSP48_0_U/buff0_reg_i_100/O
                         net (fo=1, routed)           0.022     2.189    neural_reconstruction_bd_i/reconstruction_accel_0/inst/grp_reconstruction_accel_Pipeline_CONV1_Y_PAD_CONV1_X_PAD_fu_166/mac_muladd_8ns_6ns_16ns_16_4_1_U37/reconstruction_accel_mac_muladd_8ns_6ns_16ns_16_4_1_DSP48_0_U/buff0_reg_i_100_n_3
    SLICE_X5Y44          CARRY8 (Prop_CARRY8_SLICEM_S[1]_O[5])
                                                      0.333     2.522 r  neural_reconstruction_bd_i/reconstruction_accel_0/inst/grp_reconstruction_accel_Pipeline_CONV1_Y_PAD_CONV1_X_PAD_fu_166/mac_muladd_8ns_6ns_16ns_16_4_1_U37/reconstruction_accel_mac_muladd_8ns_6ns_16ns_16_4_1_DSP48_0_U/buff0_reg_i_77/O[5]
                         net (fo=2, routed)           0.210     2.732    neural_reconstruction_bd_i/reconstruction_accel_0/inst/grp_reconstruction_accel_Pipeline_CONV1_Y_PAD_CONV1_X_PAD_fu_166/mac_muladd_8ns_6ns_16ns_16_4_1_U37/reconstruction_accel_mac_muladd_8ns_6ns_16ns_16_4_1_DSP48_0_U/sext_ln452_1_fu_1292_p1[5]
    SLICE_X5Y46          LUT2 (Prop_F6LUT_SLICEM_I0_O)
                                                      0.080     2.812 r  neural_reconstruction_bd_i/reconstruction_accel_0/inst/grp_reconstruction_accel_Pipeline_CONV1_Y_PAD_CONV1_X_PAD_fu_166/mac_muladd_8ns_6ns_16ns_16_4_1_U37/reconstruction_accel_mac_muladd_8ns_6ns_16ns_16_4_1_DSP48_0_U/buff0_reg_i_80/O
                         net (fo=1, routed)           0.029     2.841    neural_reconstruction_bd_i/reconstruction_accel_0/inst/grp_reconstruction_accel_Pipeline_CONV1_Y_PAD_CONV1_X_PAD_fu_166/mac_muladd_8ns_6ns_16ns_16_4_1_U37/reconstruction_accel_mac_muladd_8ns_6ns_16ns_16_4_1_DSP48_0_U/buff0_reg_i_80_n_3
    SLICE_X5Y46          CARRY8 (Prop_CARRY8_SLICEM_S[5]_CO[7])
                                                      0.238     3.079 r  neural_reconstruction_bd_i/reconstruction_accel_0/inst/grp_reconstruction_accel_Pipeline_CONV1_Y_PAD_CONV1_X_PAD_fu_166/mac_muladd_8ns_6ns_16ns_16_4_1_U37/reconstruction_accel_mac_muladd_8ns_6ns_16ns_16_4_1_DSP48_0_U/buff0_reg_i_49/CO[7]
                         net (fo=1, routed)           0.030     3.109    neural_reconstruction_bd_i/reconstruction_accel_0/inst/grp_reconstruction_accel_Pipeline_CONV1_Y_PAD_CONV1_X_PAD_fu_166/mac_muladd_8ns_6ns_16ns_16_4_1_U37/reconstruction_accel_mac_muladd_8ns_6ns_16ns_16_4_1_DSP48_0_U/buff0_reg_i_49_n_3
    SLICE_X5Y47          CARRY8 (Prop_CARRY8_SLICEM_CI_O[1])
                                                      0.106     3.215 r  neural_reconstruction_bd_i/reconstruction_accel_0/inst/grp_reconstruction_accel_Pipeline_CONV1_Y_PAD_CONV1_X_PAD_fu_166/mac_muladd_8ns_6ns_16ns_16_4_1_U37/reconstruction_accel_mac_muladd_8ns_6ns_16ns_16_4_1_DSP48_0_U/buff0_reg_i_23/O[1]
                         net (fo=1, routed)           0.253     3.468    neural_reconstruction_bd_i/reconstruction_accel_0/inst/grp_reconstruction_accel_Pipeline_CONV1_Y_PAD_CONV1_X_PAD_fu_166/mac_muladd_8ns_8s_15s_15_4_1_U38/reconstruction_accel_mac_muladd_8ns_8s_15s_15_4_1_DSP48_0_U/sext_ln452_2_fu_1302_p1[9]
    SLICE_X6Y47          LUT2 (Prop_B6LUT_SLICEL_I1_O)
                                                      0.083     3.551 r  neural_reconstruction_bd_i/reconstruction_accel_0/inst/grp_reconstruction_accel_Pipeline_CONV1_Y_PAD_CONV1_X_PAD_fu_166/mac_muladd_8ns_8s_15s_15_4_1_U38/reconstruction_accel_mac_muladd_8ns_8s_15s_15_4_1_DSP48_0_U/buff0_reg_i_13/O
                         net (fo=1, routed)           0.013     3.564    neural_reconstruction_bd_i/reconstruction_accel_0/inst/grp_reconstruction_accel_Pipeline_CONV1_Y_PAD_CONV1_X_PAD_fu_166/mac_muladd_8ns_8s_15s_15_4_1_U38/reconstruction_accel_mac_muladd_8ns_8s_15s_15_4_1_DSP48_0_U/buff0_reg_i_13_n_3
    SLICE_X6Y47          CARRY8 (Prop_CARRY8_SLICEL_S[1]_O[7])
                                                      0.327     3.891 r  neural_reconstruction_bd_i/reconstruction_accel_0/inst/grp_reconstruction_accel_Pipeline_CONV1_Y_PAD_CONV1_X_PAD_fu_166/mac_muladd_8ns_8s_15s_15_4_1_U38/reconstruction_accel_mac_muladd_8ns_8s_15s_15_4_1_DSP48_0_U/buff0_reg_i_2/O[7]
                         net (fo=2, routed)           0.342     4.233    neural_reconstruction_bd_i/reconstruction_accel_0/inst/grp_reconstruction_accel_Pipeline_CONV1_Y_PAD_CONV1_X_PAD_fu_166/acc_fu_1325_p2[15]
    SLICE_X6Y48          FDRE                                         r  neural_reconstruction_bd_i/reconstruction_accel_0/inst/grp_reconstruction_accel_Pipeline_CONV1_Y_PAD_CONV1_X_PAD_fu_166/ram_reg_uram_4_i_25__0_psdsp_3/D
  -------------------------------------------------------------------    -------------------

                         (clock clk_pl_0 rise edge)
                                                      0.000     0.000 r  
    PS8_X0Y0             PS8                          0.000     0.000 r  neural_reconstruction_bd_i/zynq_ultra_ps_e_0/inst/PS8_i/PLCLK[0]
                         net (fo=1, routed)           0.181     0.181    neural_reconstruction_bd_i/zynq_ultra_ps_e_0/inst/pl_clk_unbuffered[0]
    BUFG_PS_X0Y80        BUFG_PS (Prop_BUFG_PS_I_O)
                                                      0.035     0.216 r  neural_reconstruction_bd_i/zynq_ultra_ps_e_0/inst/buffer_pl_clk_0.PL_CLK_0_BUFG/O
    X1Y1 (CLOCK_ROOT)    net (fo=7864, routed)        2.832     3.048    neural_reconstruction_bd_i/reconstruction_accel_0/inst/grp_reconstruction_accel_Pipeline_CONV1_Y_PAD_CONV1_X_PAD_fu_166/ap_clk
    SLICE_X6Y48          FDRE                                         r  neural_reconstruction_bd_i/reconstruction_accel_0/inst/grp_reconstruction_accel_Pipeline_CONV1_Y_PAD_CONV1_X_PAD_fu_166/ram_reg_uram_4_i_25__0_psdsp_3/C

Slack:                    inf
  Source:                 neural_reconstruction_bd_i/reconstruction_accel_0/inst/grp_reconstruction_accel_Pipeline_CONV1_Y_PAD_CONV1_X_PAD_fu_166/mul_8ns_7ns_14_1_1_U29/tmp_product/DSP_A_B_DATA_INST/B2_DATA[1]
                            (internal pin)
  Destination:            neural_reconstruction_bd_i/reconstruction_accel_0/inst/grp_reconstruction_accel_Pipeline_CONV1_Y_PAD_CONV1_X_PAD_fu_166/mul_18s_13ns_31_3_1_U33/q8_5_reg_3249[7]_i_1_psdsp_6/D
                            (rising edge-triggered cell FDRE clocked by clk_pl_0  {rise@0.000ns fall@2.500ns period=5.000ns})
  Path Group:             (none)
  Path Type:              Setup (Max at Slow Process Corner)
  Data Path Delay:        4.214ns  (logic 2.873ns (68.179%)  route 1.341ns (31.821%))
  Logic Levels:           11  (CARRY8=4 DSP_ALU=1 DSP_M_DATA=1 DSP_MULTIPLIER=1 DSP_OUTPUT=1 DSP_PREADD_DATA=1 LUT2=2)
  Clock Uncertainty:      0.127ns  ((TSJ^2 + DJ^2)^1/2) / 2 + PE
    Total System Jitter     (TSJ):    0.050ns
    Discrete Jitter          (DJ):    0.248ns
    Phase Error              (PE):    0.000ns
  Clock Net Delay (Destination): 2.836ns (routing 1.450ns, distribution 1.386ns)

    Location             Delay type                Incr(ns)  Path(ns)    Netlist Resource(s)
  -------------------------------------------------------------------    -------------------
    DSP48E2_X1Y24        DSP_A_B_DATA                 0.000     0.000 r  neural_reconstruction_bd_i/reconstruction_accel_0/inst/grp_reconstruction_accel_Pipeline_CONV1_Y_PAD_CONV1_X_PAD_fu_166/mul_8ns_7ns_14_1_1_U29/tmp_product/DSP_A_B_DATA_INST/B2_DATA[1]
                         net (fo=1, routed)           0.000     0.000    neural_reconstruction_bd_i/reconstruction_accel_0/inst/grp_reconstruction_accel_Pipeline_CONV1_Y_PAD_CONV1_X_PAD_fu_166/mul_8ns_7ns_14_1_1_U29/tmp_product/DSP_A_B_DATA.B2_DATA<1>
    DSP48E2_X1Y24        DSP_PREADD_DATA (Prop_DSP_PREADD_DATA_DSP48E2_B2_DATA[1]_B2B1[1])
                                                      0.097     0.097 r  neural_reconstruction_bd_i/reconstruction_accel_0/inst/grp_reconstruction_accel_Pipeline_CONV1_Y_PAD_CONV1_X_PAD_fu_166/mul_8ns_7ns_14_1_1_U29/tmp_product/DSP_PREADD_DATA_INST/B2B1[1]
                         net (fo=1, routed)           0.000     0.097    neural_reconstruction_bd_i/reconstruction_accel_0/inst/grp_reconstruction_accel_Pipeline_CONV1_Y_PAD_CONV1_X_PAD_fu_166/mul_8ns_7ns_14_1_1_U29/tmp_product/DSP_PREADD_DATA.B2B1<1>
    DSP48E2_X1Y24        DSP_MULTIPLIER (Prop_DSP_MULTIPLIER_DSP48E2_B2B1[1]_U[0])
                                                      0.773     0.870 f  neural_reconstruction_bd_i/reconstruction_accel_0/inst/grp_reconstruction_accel_Pipeline_CONV1_Y_PAD_CONV1_X_PAD_fu_166/mul_8ns_7ns_14_1_1_U29/tmp_product/DSP_MULTIPLIER_INST/U[0]
                         net (fo=1, routed)           0.000     0.870    neural_reconstruction_bd_i/reconstruction_accel_0/inst/grp_reconstruction_accel_Pipeline_CONV1_Y_PAD_CONV1_X_PAD_fu_166/mul_8ns_7ns_14_1_1_U29/tmp_product/DSP_MULTIPLIER.U<0>
    DSP48E2_X1Y24        DSP_M_DATA (Prop_DSP_M_DATA_DSP48E2_U[0]_U_DATA[0])
                                                      0.067     0.937 r  neural_reconstruction_bd_i/reconstruction_accel_0/inst/grp_reconstruction_accel_Pipeline_CONV1_Y_PAD_CONV1_X_PAD_fu_166/mul_8ns_7ns_14_1_1_U29/tmp_product/DSP_M_DATA_INST/U_DATA[0]
                         net (fo=1, routed)           0.000     0.937    neural_reconstruction_bd_i/reconstruction_accel_0/inst/grp_reconstruction_accel_Pipeline_CONV1_Y_PAD_CONV1_X_PAD_fu_166/mul_8ns_7ns_14_1_1_U29/tmp_product/DSP_M_DATA.U_DATA<0>
    DSP48E2_X1Y24        DSP_ALU (Prop_DSP_ALU_DSP48E2_U_DATA[0]_ALU_OUT[0])
                                                      0.727     1.664 f  neural_reconstruction_bd_i/reconstruction_accel_0/inst/grp_reconstruction_accel_Pipeline_CONV1_Y_PAD_CONV1_X_PAD_fu_166/mul_8ns_7ns_14_1_1_U29/tmp_product/DSP_ALU_INST/ALU_OUT[0]
                         net (fo=1, routed)           0.000     1.664    neural_reconstruction_bd_i/reconstruction_accel_0/inst/grp_reconstruction_accel_Pipeline_CONV1_Y_PAD_CONV1_X_PAD_fu_166/mul_8ns_7ns_14_1_1_U29/tmp_product/DSP_ALU.ALU_OUT<0>
    DSP48E2_X1Y24        DSP_OUTPUT (Prop_DSP_OUTPUT_DSP48E2_ALU_OUT[0]_P[0])
                                                      0.146     1.810 r  neural_reconstruction_bd_i/reconstruction_accel_0/inst/grp_reconstruction_accel_Pipeline_CONV1_Y_PAD_CONV1_X_PAD_fu_166/mul_8ns_7ns_14_1_1_U29/tmp_product/DSP_OUTPUT_INST/P[0]
                         net (fo=3, routed)           0.280     2.090    neural_reconstruction_bd_i/reconstruction_accel_0/inst/grp_reconstruction_accel_Pipeline_CONV1_Y_PAD_CONV1_X_PAD_fu_166/mac_muladd_8ns_8s_12ns_16_4_1_U53/reconstruction_accel_mac_muladd_8ns_8s_12ns_16_4_1_DSP48_0_U/P[0]
    SLICE_X4Y58          LUT2 (Prop_A6LUT_SLICEM_I1_O)
                                                      0.058     2.148 r  neural_reconstruction_bd_i/reconstruction_accel_0/inst/grp_reconstruction_accel_Pipeline_CONV1_Y_PAD_CONV1_X_PAD_fu_166/mac_muladd_8ns_8s_12ns_16_4_1_U53/reconstruction_accel_mac_muladd_8ns_8s_12ns_16_4_1_DSP48_0_U/add_ln39_5_fu_2328_p2_i_65/O
                         net (fo=1, routed)           0.017     2.165    neural_reconstruction_bd_i/reconstruction_accel_0/inst/grp_reconstruction_accel_Pipeline_CONV1_Y_PAD_CONV1_X_PAD_fu_166/mac_muladd_8ns_8s_12ns_16_4_1_U53/reconstruction_accel_mac_muladd_8ns_8s_12ns_16_4_1_DSP48_0_U/add_ln39_5_fu_2328_p2_i_65_n_3
    SLICE_X4Y58          CARRY8 (Prop_CARRY8_SLICEM_S[0]_O[5])
                                                      0.335     2.500 r  neural_reconstruction_bd_i/reconstruction_accel_0/inst/grp_reconstruction_accel_Pipeline_CONV1_Y_PAD_CONV1_X_PAD_fu_166/mac_muladd_8ns_8s_12ns_16_4_1_U53/reconstruction_accel_mac_muladd_8ns_8s_12ns_16_4_1_DSP48_0_U/add_ln39_5_fu_2328_p2_i_34/O[5]
                         net (fo=2, routed)           0.232     2.732    neural_reconstruction_bd_i/reconstruction_accel_0/inst/grp_reconstruction_accel_Pipeline_CONV1_Y_PAD_CONV1_X_PAD_fu_166/mac_muladd_8ns_8s_12ns_16_4_1_U53/reconstruction_accel_mac_muladd_8ns_8s_12ns_16_4_1_DSP48_0_U/sext_ln452_36_fu_1779_p1[5]
    SLICE_X6Y58          LUT2 (Prop_F6LUT_SLICEL_I0_O)
                                                      0.187     2.919 r  neural_reconstruction_bd_i/reconstruction_accel_0/inst/grp_reconstruction_accel_Pipeline_CONV1_Y_PAD_CONV1_X_PAD_fu_166/mac_muladd_8ns_8s_12ns_16_4_1_U53/reconstruction_accel_mac_muladd_8ns_8s_12ns_16_4_1_DSP48_0_U/add_ln39_5_fu_2328_p2_i_37/O
                         net (fo=1, routed)           0.015     2.934    neural_reconstruction_bd_i/reconstruction_accel_0/inst/grp_reconstruction_accel_Pipeline_CONV1_Y_PAD_CONV1_X_PAD_fu_166/mac_muladd_8ns_8s_12ns_16_4_1_U53/reconstruction_accel_mac_muladd_8ns_8s_12ns_16_4_1_DSP48_0_U/add_ln39_5_fu_2328_p2_i_37_n_3
    SLICE_X6Y58          CARRY8 (Prop_CARRY8_SLICEL_S[5]_CO[7])
                                                      0.232     3.166 r  neural_reconstruction_bd_i/reconstruction_accel_0/inst/grp_reconstruction_accel_Pipeline_CONV1_Y_PAD_CONV1_X_PAD_fu_166/mac_muladd_8ns_8s_12ns_16_4_1_U53/reconstruction_accel_mac_muladd_8ns_8s_12ns_16_4_1_DSP48_0_U/add_ln39_5_fu_2328_p2_i_14/CO[7]
                         net (fo=1, routed)           0.030     3.196    neural_reconstruction_bd_i/reconstruction_accel_0/inst/grp_reconstruction_accel_Pipeline_CONV1_Y_PAD_CONV1_X_PAD_fu_166/mac_muladd_8ns_8s_12ns_16_4_1_U53/reconstruction_accel_mac_muladd_8ns_8s_12ns_16_4_1_DSP48_0_U/add_ln39_5_fu_2328_p2_i_14_n_3
    SLICE_X6Y59          CARRY8 (Prop_CARRY8_SLICEL_CI_O[0])
                                                      0.078     3.274 r  neural_reconstruction_bd_i/reconstruction_accel_0/inst/grp_reconstruction_accel_Pipeline_CONV1_Y_PAD_CONV1_X_PAD_fu_166/mac_muladd_8ns_8s_12ns_16_4_1_U53/reconstruction_accel_mac_muladd_8ns_8s_12ns_16_4_1_DSP48_0_U/add_ln39_5_fu_2328_p2_i_5/O[0]
                         net (fo=2, routed)           0.414     3.688    neural_reconstruction_bd_i/reconstruction_accel_0/inst/grp_reconstruction_accel_Pipeline_CONV1_Y_PAD_CONV1_X_PAD_fu_166/mac_muladd_8ns_8s_12ns_16_4_1_U53/reconstruction_accel_mac_muladd_8ns_8s_12ns_16_4_1_DSP48_0_U/sext_ln452_37_fu_1789_p1[8]
    SLICE_X5Y58          CARRY8 (Prop_CARRY8_SLICEM_DI[0]_O[3])
                                                      0.173     3.861 r  neural_reconstruction_bd_i/reconstruction_accel_0/inst/grp_reconstruction_accel_Pipeline_CONV1_Y_PAD_CONV1_X_PAD_fu_166/mac_muladd_8ns_8s_12ns_16_4_1_U53/reconstruction_accel_mac_muladd_8ns_8s_12ns_16_4_1_DSP48_0_U/add_ln39_5_fu_2328_p2_i_2/O[3]
                         net (fo=2, routed)           0.353     4.214    neural_reconstruction_bd_i/reconstruction_accel_0/inst/grp_reconstruction_accel_Pipeline_CONV1_Y_PAD_CONV1_X_PAD_fu_166/mul_18s_13ns_31_3_1_U33/A[11]
    SLICE_X5Y59          FDRE                                         r  neural_reconstruction_bd_i/reconstruction_accel_0/inst/grp_reconstruction_accel_Pipeline_CONV1_Y_PAD_CONV1_X_PAD_fu_166/mul_18s_13ns_31_3_1_U33/q8_5_reg_3249[7]_i_1_psdsp_6/D
  -------------------------------------------------------------------    -------------------

                         (clock clk_pl_0 rise edge)
                                                      0.000     0.000 r  
    PS8_X0Y0             PS8                          0.000     0.000 r  neural_reconstruction_bd_i/zynq_ultra_ps_e_0/inst/PS8_i/PLCLK[0]
                         net (fo=1, routed)           0.181     0.181    neural_reconstruction_bd_i/zynq_ultra_ps_e_0/inst/pl_clk_unbuffered[0]
    BUFG_PS_X0Y80        BUFG_PS (Prop_BUFG_PS_I_O)
                                                      0.035     0.216 r  neural_reconstruction_bd_i/zynq_ultra_ps_e_0/inst/buffer_pl_clk_0.PL_CLK_0_BUFG/O
    X1Y1 (CLOCK_ROOT)    net (fo=7864, routed)        2.836     3.052    neural_reconstruction_bd_i/reconstruction_accel_0/inst/grp_reconstruction_accel_Pipeline_CONV1_Y_PAD_CONV1_X_PAD_fu_166/mul_18s_13ns_31_3_1_U33/ap_clk
    SLICE_X5Y59          FDRE                                         r  neural_reconstruction_bd_i/reconstruction_accel_0/inst/grp_reconstruction_accel_Pipeline_CONV1_Y_PAD_CONV1_X_PAD_fu_166/mul_18s_13ns_31_3_1_U33/q8_5_reg_3249[7]_i_1_psdsp_6/C

Slack:                    inf
  Source:                 neural_reconstruction_bd_i/reconstruction_accel_0/inst/grp_reconstruction_accel_Pipeline_CONV1_Y_PAD_CONV1_X_PAD_fu_166/mul_8ns_8ns_15_1_1_U28/tmp_product/DSP_A_B_DATA_INST/B2_DATA[1]
                            (internal pin)
  Destination:            neural_reconstruction_bd_i/reconstruction_accel_0/inst/grp_reconstruction_accel_Pipeline_CONV1_Y_PAD_CONV1_X_PAD_fu_166/tmp_21_reg_3214_reg[0]_psdsp_10/D
                            (rising edge-triggered cell FDRE clocked by clk_pl_0  {rise@0.000ns fall@2.500ns period=5.000ns})
  Path Group:             (none)
  Path Type:              Setup (Max at Slow Process Corner)
  Data Path Delay:        4.211ns  (logic 2.866ns (68.064%)  route 1.345ns (31.936%))
  Logic Levels:           12  (CARRY8=4 DSP_ALU=1 DSP_M_DATA=1 DSP_MULTIPLIER=1 DSP_OUTPUT=1 DSP_PREADD_DATA=1 LUT2=3)
  Clock Uncertainty:      0.127ns  ((TSJ^2 + DJ^2)^1/2) / 2 + PE
    Total System Jitter     (TSJ):    0.050ns
    Discrete Jitter          (DJ):    0.248ns
    Phase Error              (PE):    0.000ns
  Clock Net Delay (Destination): 2.832ns (routing 1.450ns, distribution 1.382ns)

    Location             Delay type                Incr(ns)  Path(ns)    Netlist Resource(s)
  -------------------------------------------------------------------    -------------------
    DSP48E2_X2Y18        DSP_A_B_DATA                 0.000     0.000 r  neural_reconstruction_bd_i/reconstruction_accel_0/inst/grp_reconstruction_accel_Pipeline_CONV1_Y_PAD_CONV1_X_PAD_fu_166/mul_8ns_8ns_15_1_1_U28/tmp_product/DSP_A_B_DATA_INST/B2_DATA[1]
                         net (fo=1, routed)           0.000     0.000    neural_reconstruction_bd_i/reconstruction_accel_0/inst/grp_reconstruction_accel_Pipeline_CONV1_Y_PAD_CONV1_X_PAD_fu_166/mul_8ns_8ns_15_1_1_U28/tmp_product/DSP_A_B_DATA.B2_DATA<1>
    DSP48E2_X2Y18        DSP_PREADD_DATA (Prop_DSP_PREADD_DATA_DSP48E2_B2_DATA[1]_B2B1[1])
                                                      0.097     0.097 r  neural_reconstruction_bd_i/reconstruction_accel_0/inst/grp_reconstruction_accel_Pipeline_CONV1_Y_PAD_CONV1_X_PAD_fu_166/mul_8ns_8ns_15_1_1_U28/tmp_product/DSP_PREADD_DATA_INST/B2B1[1]
                         net (fo=1, routed)           0.000     0.097    neural_reconstruction_bd_i/reconstruction_accel_0/inst/grp_reconstruction_accel_Pipeline_CONV1_Y_PAD_CONV1_X_PAD_fu_166/mul_8ns_8ns_15_1_1_U28/tmp_product/DSP_PREADD_DATA.B2B1<1>
    DSP48E2_X2Y18        DSP_MULTIPLIER (Prop_DSP_MULTIPLIER_DSP48E2_B2B1[1]_U[1])
                                                      0.773     0.870 f  neural_reconstruction_bd_i/reconstruction_accel_0/inst/grp_reconstruction_accel_Pipeline_CONV1_Y_PAD_CONV1_X_PAD_fu_166/mul_8ns_8ns_15_1_1_U28/tmp_product/DSP_MULTIPLIER_INST/U[1]
                         net (fo=1, routed)           0.000     0.870    neural_reconstruction_bd_i/reconstruction_accel_0/inst/grp_reconstruction_accel_Pipeline_CONV1_Y_PAD_CONV1_X_PAD_fu_166/mul_8ns_8ns_15_1_1_U28/tmp_product/DSP_MULTIPLIER.U<1>
    DSP48E2_X2Y18        DSP_M_DATA (Prop_DSP_M_DATA_DSP48E2_U[1]_U_DATA[1])
                                                      0.067     0.937 r  neural_reconstruction_bd_i/reconstruction_accel_0/inst/grp_reconstruction_accel_Pipeline_CONV1_Y_PAD_CONV1_X_PAD_fu_166/mul_8ns_8ns_15_1_1_U28/tmp_product/DSP_M_DATA_INST/U_DATA[1]
                         net (fo=1, routed)           0.000     0.937    neural_reconstruction_bd_i/reconstruction_accel_0/inst/grp_reconstruction_accel_Pipeline_CONV1_Y_PAD_CONV1_X_PAD_fu_166/mul_8ns_8ns_15_1_1_U28/tmp_product/DSP_M_DATA.U_DATA<1>
    DSP48E2_X2Y18        DSP_ALU (Prop_DSP_ALU_DSP48E2_U_DATA[1]_ALU_OUT[1])
                                                      0.727     1.664 f  neural_reconstruction_bd_i/reconstruction_accel_0/inst/grp_reconstruction_accel_Pipeline_CONV1_Y_PAD_CONV1_X_PAD_fu_166/mul_8ns_8ns_15_1_1_U28/tmp_product/DSP_ALU_INST/ALU_OUT[1]
                         net (fo=1, routed)           0.000     1.664    neural_reconstruction_bd_i/reconstruction_accel_0/inst/grp_reconstruction_accel_Pipeline_CONV1_Y_PAD_CONV1_X_PAD_fu_166/mul_8ns_8ns_15_1_1_U28/tmp_product/DSP_ALU.ALU_OUT<1>
    DSP48E2_X2Y18        DSP_OUTPUT (Prop_DSP_OUTPUT_DSP48E2_ALU_OUT[1]_P[1])
                                                      0.146     1.810 r  neural_reconstruction_bd_i/reconstruction_accel_0/inst/grp_reconstruction_accel_Pipeline_CONV1_Y_PAD_CONV1_X_PAD_fu_166/mul_8ns_8ns_15_1_1_U28/tmp_product/DSP_OUTPUT_INST/P[1]
                         net (fo=2, routed)           0.300     2.110    neural_reconstruction_bd_i/reconstruction_accel_0/inst/grp_reconstruction_accel_Pipeline_CONV1_Y_PAD_CONV1_X_PAD_fu_166/mac_muladd_8ns_6ns_16ns_16_4_1_U37/reconstruction_accel_mac_muladd_8ns_6ns_16ns_16_4_1_DSP48_0_U/buff0_reg_i_51_0[1]
    SLICE_X5Y44          LUT2 (Prop_B6LUT_SLICEM_I1_O)
                                                      0.057     2.167 r  neural_reconstruction_bd_i/reconstruction_accel_0/inst/grp_reconstruction_accel_Pipeline_CONV1_Y_PAD_CONV1_X_PAD_fu_166/mac_muladd_8ns_6ns_16ns_16_4_1_U37/reconstruction_accel_mac_muladd_8ns_6ns_16ns_16_4_1_DSP48_0_U/buff0_reg_i_100/O
                         net (fo=1, routed)           0.022     2.189    neural_reconstruction_bd_i/reconstruction_accel_0/inst/grp_reconstruction_accel_Pipeline_CONV1_Y_PAD_CONV1_X_PAD_fu_166/mac_muladd_8ns_6ns_16ns_16_4_1_U37/reconstruction_accel_mac_muladd_8ns_6ns_16ns_16_4_1_DSP48_0_U/buff0_reg_i_100_n_3
    SLICE_X5Y44          CARRY8 (Prop_CARRY8_SLICEM_S[1]_O[5])
                                                      0.333     2.522 r  neural_reconstruction_bd_i/reconstruction_accel_0/inst/grp_reconstruction_accel_Pipeline_CONV1_Y_PAD_CONV1_X_PAD_fu_166/mac_muladd_8ns_6ns_16ns_16_4_1_U37/reconstruction_accel_mac_muladd_8ns_6ns_16ns_16_4_1_DSP48_0_U/buff0_reg_i_77/O[5]
                         net (fo=2, routed)           0.210     2.732    neural_reconstruction_bd_i/reconstruction_accel_0/inst/grp_reconstruction_accel_Pipeline_CONV1_Y_PAD_CONV1_X_PAD_fu_166/mac_muladd_8ns_6ns_16ns_16_4_1_U37/reconstruction_accel_mac_muladd_8ns_6ns_16ns_16_4_1_DSP48_0_U/sext_ln452_1_fu_1292_p1[5]
    SLICE_X5Y46          LUT2 (Prop_F6LUT_SLICEM_I0_O)
                                                      0.080     2.812 r  neural_reconstruction_bd_i/reconstruction_accel_0/inst/grp_reconstruction_accel_Pipeline_CONV1_Y_PAD_CONV1_X_PAD_fu_166/mac_muladd_8ns_6ns_16ns_16_4_1_U37/reconstruction_accel_mac_muladd_8ns_6ns_16ns_16_4_1_DSP48_0_U/buff0_reg_i_80/O
                         net (fo=1, routed)           0.029     2.841    neural_reconstruction_bd_i/reconstruction_accel_0/inst/grp_reconstruction_accel_Pipeline_CONV1_Y_PAD_CONV1_X_PAD_fu_166/mac_muladd_8ns_6ns_16ns_16_4_1_U37/reconstruction_accel_mac_muladd_8ns_6ns_16ns_16_4_1_DSP48_0_U/buff0_reg_i_80_n_3
    SLICE_X5Y46          CARRY8 (Prop_CARRY8_SLICEM_S[5]_O[6])
                                                      0.186     3.027 r  neural_reconstruction_bd_i/reconstruction_accel_0/inst/grp_reconstruction_accel_Pipeline_CONV1_Y_PAD_CONV1_X_PAD_fu_166/mac_muladd_8ns_6ns_16ns_16_4_1_U37/reconstruction_accel_mac_muladd_8ns_6ns_16ns_16_4_1_DSP48_0_U/buff0_reg_i_49/O[6]
                         net (fo=1, routed)           0.268     3.295    neural_reconstruction_bd_i/reconstruction_accel_0/inst/grp_reconstruction_accel_Pipeline_CONV1_Y_PAD_CONV1_X_PAD_fu_166/mac_muladd_8ns_8s_15s_15_4_1_U38/reconstruction_accel_mac_muladd_8ns_8s_15s_15_4_1_DSP48_0_U/sext_ln452_2_fu_1302_p1[6]
    SLICE_X6Y46          LUT2 (Prop_G6LUT_SLICEL_I1_O)
                                                      0.151     3.446 r  neural_reconstruction_bd_i/reconstruction_accel_0/inst/grp_reconstruction_accel_Pipeline_CONV1_Y_PAD_CONV1_X_PAD_fu_166/mac_muladd_8ns_8s_15s_15_4_1_U38/reconstruction_accel_mac_muladd_8ns_8s_15s_15_4_1_DSP48_0_U/buff0_reg_i_16/O
                         net (fo=1, routed)           0.012     3.458    neural_reconstruction_bd_i/reconstruction_accel_0/inst/grp_reconstruction_accel_Pipeline_CONV1_Y_PAD_CONV1_X_PAD_fu_166/mac_muladd_8ns_8s_15s_15_4_1_U38/reconstruction_accel_mac_muladd_8ns_8s_15s_15_4_1_DSP48_0_U/buff0_reg_i_16_n_3
    SLICE_X6Y46          CARRY8 (Prop_CARRY8_SLICEL_S[6]_CO[7])
                                                      0.171     3.629 r  neural_reconstruction_bd_i/reconstruction_accel_0/inst/grp_reconstruction_accel_Pipeline_CONV1_Y_PAD_CONV1_X_PAD_fu_166/mac_muladd_8ns_8s_15s_15_4_1_U38/reconstruction_accel_mac_muladd_8ns_8s_15s_15_4_1_DSP48_0_U/buff0_reg_i_3/CO[7]
                         net (fo=1, routed)           0.030     3.659    neural_reconstruction_bd_i/reconstruction_accel_0/inst/grp_reconstruction_accel_Pipeline_CONV1_Y_PAD_CONV1_X_PAD_fu_166/mac_muladd_8ns_8s_15s_15_4_1_U38/reconstruction_accel_mac_muladd_8ns_8s_15s_15_4_1_DSP48_0_U/buff0_reg_i_3_n_3
    SLICE_X6Y47          CARRY8 (Prop_CARRY8_SLICEL_CI_O[0])
                                                      0.078     3.737 r  neural_reconstruction_bd_i/reconstruction_accel_0/inst/grp_reconstruction_accel_Pipeline_CONV1_Y_PAD_CONV1_X_PAD_fu_166/mac_muladd_8ns_8s_15s_15_4_1_U38/reconstruction_accel_mac_muladd_8ns_8s_15s_15_4_1_DSP48_0_U/buff0_reg_i_2/O[0]
                         net (fo=2, routed)           0.474     4.211    neural_reconstruction_bd_i/reconstruction_accel_0/inst/grp_reconstruction_accel_Pipeline_CONV1_Y_PAD_CONV1_X_PAD_fu_166/acc_fu_1325_p2[8]
    SLICE_X6Y47          FDRE                                         r  neural_reconstruction_bd_i/reconstruction_accel_0/inst/grp_reconstruction_accel_Pipeline_CONV1_Y_PAD_CONV1_X_PAD_fu_166/tmp_21_reg_3214_reg[0]_psdsp_10/D
  -------------------------------------------------------------------    -------------------

                         (clock clk_pl_0 rise edge)
                                                      0.000     0.000 r  
    PS8_X0Y0             PS8                          0.000     0.000 r  neural_reconstruction_bd_i/zynq_ultra_ps_e_0/inst/PS8_i/PLCLK[0]
                         net (fo=1, routed)           0.181     0.181    neural_reconstruction_bd_i/zynq_ultra_ps_e_0/inst/pl_clk_unbuffered[0]
    BUFG_PS_X0Y80        BUFG_PS (Prop_BUFG_PS_I_O)
                                                      0.035     0.216 r  neural_reconstruction_bd_i/zynq_ultra_ps_e_0/inst/buffer_pl_clk_0.PL_CLK_0_BUFG/O
    X1Y1 (CLOCK_ROOT)    net (fo=7864, routed)        2.832     3.048    neural_reconstruction_bd_i/reconstruction_accel_0/inst/grp_reconstruction_accel_Pipeline_CONV1_Y_PAD_CONV1_X_PAD_fu_166/ap_clk
    SLICE_X6Y47          FDRE                                         r  neural_reconstruction_bd_i/reconstruction_accel_0/inst/grp_reconstruction_accel_Pipeline_CONV1_Y_PAD_CONV1_X_PAD_fu_166/tmp_21_reg_3214_reg[0]_psdsp_10/C

Slack:                    inf
  Source:                 neural_reconstruction_bd_i/reconstruction_accel_0/inst/grp_reconstruction_accel_Pipeline_CONV1_Y_PAD_CONV1_X_PAD_fu_166/mul_8ns_7ns_14_1_1_U29/tmp_product/DSP_A_B_DATA_INST/B2_DATA[1]
                            (internal pin)
  Destination:            neural_reconstruction_bd_i/reconstruction_accel_0/inst/grp_reconstruction_accel_Pipeline_CONV1_Y_PAD_CONV1_X_PAD_fu_166/mul_18s_13ns_31_3_1_U33/q8_5_reg_3249[0]_i_1_psdsp_7/D
                            (rising edge-triggered cell FDRE clocked by clk_pl_0  {rise@0.000ns fall@2.500ns period=5.000ns})
  Path Group:             (none)
  Path Type:              Setup (Max at Slow Process Corner)
  Data Path Delay:        4.209ns  (logic 2.997ns (71.210%)  route 1.212ns (28.790%))
  Logic Levels:           12  (CARRY8=4 DSP_ALU=1 DSP_M_DATA=1 DSP_MULTIPLIER=1 DSP_OUTPUT=1 DSP_PREADD_DATA=1 LUT2=3)
  Clock Uncertainty:      0.127ns  ((TSJ^2 + DJ^2)^1/2) / 2 + PE
    Total System Jitter     (TSJ):    0.050ns
    Discrete Jitter          (DJ):    0.248ns
    Phase Error              (PE):    0.000ns
  Clock Net Delay (Destination): 2.836ns (routing 1.450ns, distribution 1.386ns)

    Location             Delay type                Incr(ns)  Path(ns)    Netlist Resource(s)
  -------------------------------------------------------------------    -------------------
    DSP48E2_X1Y24        DSP_A_B_DATA                 0.000     0.000 r  neural_reconstruction_bd_i/reconstruction_accel_0/inst/grp_reconstruction_accel_Pipeline_CONV1_Y_PAD_CONV1_X_PAD_fu_166/mul_8ns_7ns_14_1_1_U29/tmp_product/DSP_A_B_DATA_INST/B2_DATA[1]
                         net (fo=1, routed)           0.000     0.000    neural_reconstruction_bd_i/reconstruction_accel_0/inst/grp_reconstruction_accel_Pipeline_CONV1_Y_PAD_CONV1_X_PAD_fu_166/mul_8ns_7ns_14_1_1_U29/tmp_product/DSP_A_B_DATA.B2_DATA<1>
    DSP48E2_X1Y24        DSP_PREADD_DATA (Prop_DSP_PREADD_DATA_DSP48E2_B2_DATA[1]_B2B1[1])
                                                      0.097     0.097 r  neural_reconstruction_bd_i/reconstruction_accel_0/inst/grp_reconstruction_accel_Pipeline_CONV1_Y_PAD_CONV1_X_PAD_fu_166/mul_8ns_7ns_14_1_1_U29/tmp_product/DSP_PREADD_DATA_INST/B2B1[1]
                         net (fo=1, routed)           0.000     0.097    neural_reconstruction_bd_i/reconstruction_accel_0/inst/grp_reconstruction_accel_Pipeline_CONV1_Y_PAD_CONV1_X_PAD_fu_166/mul_8ns_7ns_14_1_1_U29/tmp_product/DSP_PREADD_DATA.B2B1<1>
    DSP48E2_X1Y24        DSP_MULTIPLIER (Prop_DSP_MULTIPLIER_DSP48E2_B2B1[1]_U[0])
                                                      0.773     0.870 f  neural_reconstruction_bd_i/reconstruction_accel_0/inst/grp_reconstruction_accel_Pipeline_CONV1_Y_PAD_CONV1_X_PAD_fu_166/mul_8ns_7ns_14_1_1_U29/tmp_product/DSP_MULTIPLIER_INST/U[0]
                         net (fo=1, routed)           0.000     0.870    neural_reconstruction_bd_i/reconstruction_accel_0/inst/grp_reconstruction_accel_Pipeline_CONV1_Y_PAD_CONV1_X_PAD_fu_166/mul_8ns_7ns_14_1_1_U29/tmp_product/DSP_MULTIPLIER.U<0>
    DSP48E2_X1Y24        DSP_M_DATA (Prop_DSP_M_DATA_DSP48E2_U[0]_U_DATA[0])
                                                      0.067     0.937 r  neural_reconstruction_bd_i/reconstruction_accel_0/inst/grp_reconstruction_accel_Pipeline_CONV1_Y_PAD_CONV1_X_PAD_fu_166/mul_8ns_7ns_14_1_1_U29/tmp_product/DSP_M_DATA_INST/U_DATA[0]
                         net (fo=1, routed)           0.000     0.937    neural_reconstruction_bd_i/reconstruction_accel_0/inst/grp_reconstruction_accel_Pipeline_CONV1_Y_PAD_CONV1_X_PAD_fu_166/mul_8ns_7ns_14_1_1_U29/tmp_product/DSP_M_DATA.U_DATA<0>
    DSP48E2_X1Y24        DSP_ALU (Prop_DSP_ALU_DSP48E2_U_DATA[0]_ALU_OUT[0])
                                                      0.727     1.664 f  neural_reconstruction_bd_i/reconstruction_accel_0/inst/grp_reconstruction_accel_Pipeline_CONV1_Y_PAD_CONV1_X_PAD_fu_166/mul_8ns_7ns_14_1_1_U29/tmp_product/DSP_ALU_INST/ALU_OUT[0]
                         net (fo=1, routed)           0.000     1.664    neural_reconstruction_bd_i/reconstruction_accel_0/inst/grp_reconstruction_accel_Pipeline_CONV1_Y_PAD_CONV1_X_PAD_fu_166/mul_8ns_7ns_14_1_1_U29/tmp_product/DSP_ALU.ALU_OUT<0>
    DSP48E2_X1Y24        DSP_OUTPUT (Prop_DSP_OUTPUT_DSP48E2_ALU_OUT[0]_P[0])
                                                      0.146     1.810 r  neural_reconstruction_bd_i/reconstruction_accel_0/inst/grp_reconstruction_accel_Pipeline_CONV1_Y_PAD_CONV1_X_PAD_fu_166/mul_8ns_7ns_14_1_1_U29/tmp_product/DSP_OUTPUT_INST/P[0]
                         net (fo=3, routed)           0.280     2.090    neural_reconstruction_bd_i/reconstruction_accel_0/inst/grp_reconstruction_accel_Pipeline_CONV1_Y_PAD_CONV1_X_PAD_fu_166/mac_muladd_8ns_8s_12ns_16_4_1_U53/reconstruction_accel_mac_muladd_8ns_8s_12ns_16_4_1_DSP48_0_U/P[0]
    SLICE_X4Y58          LUT2 (Prop_A6LUT_SLICEM_I1_O)
                                                      0.058     2.148 r  neural_reconstruction_bd_i/reconstruction_accel_0/inst/grp_reconstruction_accel_Pipeline_CONV1_Y_PAD_CONV1_X_PAD_fu_166/mac_muladd_8ns_8s_12ns_16_4_1_U53/reconstruction_accel_mac_muladd_8ns_8s_12ns_16_4_1_DSP48_0_U/add_ln39_5_fu_2328_p2_i_65/O
                         net (fo=1, routed)           0.017     2.165    neural_reconstruction_bd_i/reconstruction_accel_0/inst/grp_reconstruction_accel_Pipeline_CONV1_Y_PAD_CONV1_X_PAD_fu_166/mac_muladd_8ns_8s_12ns_16_4_1_U53/reconstruction_accel_mac_muladd_8ns_8s_12ns_16_4_1_DSP48_0_U/add_ln39_5_fu_2328_p2_i_65_n_3
    SLICE_X4Y58          CARRY8 (Prop_CARRY8_SLICEM_S[0]_O[5])
                                                      0.335     2.500 r  neural_reconstruction_bd_i/reconstruction_accel_0/inst/grp_reconstruction_accel_Pipeline_CONV1_Y_PAD_CONV1_X_PAD_fu_166/mac_muladd_8ns_8s_12ns_16_4_1_U53/reconstruction_accel_mac_muladd_8ns_8s_12ns_16_4_1_DSP48_0_U/add_ln39_5_fu_2328_p2_i_34/O[5]
                         net (fo=2, routed)           0.232     2.732    neural_reconstruction_bd_i/reconstruction_accel_0/inst/grp_reconstruction_accel_Pipeline_CONV1_Y_PAD_CONV1_X_PAD_fu_166/mac_muladd_8ns_8s_12ns_16_4_1_U53/reconstruction_accel_mac_muladd_8ns_8s_12ns_16_4_1_DSP48_0_U/sext_ln452_36_fu_1779_p1[5]
    SLICE_X6Y58          LUT2 (Prop_F6LUT_SLICEL_I0_O)
                                                      0.187     2.919 r  neural_reconstruction_bd_i/reconstruction_accel_0/inst/grp_reconstruction_accel_Pipeline_CONV1_Y_PAD_CONV1_X_PAD_fu_166/mac_muladd_8ns_8s_12ns_16_4_1_U53/reconstruction_accel_mac_muladd_8ns_8s_12ns_16_4_1_DSP48_0_U/add_ln39_5_fu_2328_p2_i_37/O
                         net (fo=1, routed)           0.015     2.934    neural_reconstruction_bd_i/reconstruction_accel_0/inst/grp_reconstruction_accel_Pipeline_CONV1_Y_PAD_CONV1_X_PAD_fu_166/mac_muladd_8ns_8s_12ns_16_4_1_U53/reconstruction_accel_mac_muladd_8ns_8s_12ns_16_4_1_DSP48_0_U/add_ln39_5_fu_2328_p2_i_37_n_3
    SLICE_X6Y58          CARRY8 (Prop_CARRY8_SLICEL_S[5]_CO[7])
                                                      0.232     3.166 r  neural_reconstruction_bd_i/reconstruction_accel_0/inst/grp_reconstruction_accel_Pipeline_CONV1_Y_PAD_CONV1_X_PAD_fu_166/mac_muladd_8ns_8s_12ns_16_4_1_U53/reconstruction_accel_mac_muladd_8ns_8s_12ns_16_4_1_DSP48_0_U/add_ln39_5_fu_2328_p2_i_14/CO[7]
                         net (fo=1, routed)           0.030     3.196    neural_reconstruction_bd_i/reconstruction_accel_0/inst/grp_reconstruction_accel_Pipeline_CONV1_Y_PAD_CONV1_X_PAD_fu_166/mac_muladd_8ns_8s_12ns_16_4_1_U53/reconstruction_accel_mac_muladd_8ns_8s_12ns_16_4_1_DSP48_0_U/add_ln39_5_fu_2328_p2_i_14_n_3
    SLICE_X6Y59          CARRY8 (Prop_CARRY8_SLICEL_CI_O[1])
                                                      0.106     3.302 r  neural_reconstruction_bd_i/reconstruction_accel_0/inst/grp_reconstruction_accel_Pipeline_CONV1_Y_PAD_CONV1_X_PAD_fu_166/mac_muladd_8ns_8s_12ns_16_4_1_U53/reconstruction_accel_mac_muladd_8ns_8s_12ns_16_4_1_DSP48_0_U/add_ln39_5_fu_2328_p2_i_5/O[1]
                         net (fo=2, routed)           0.265     3.568    neural_reconstruction_bd_i/reconstruction_accel_0/inst/grp_reconstruction_accel_Pipeline_CONV1_Y_PAD_CONV1_X_PAD_fu_166/mac_muladd_8ns_8s_12ns_16_4_1_U53/reconstruction_accel_mac_muladd_8ns_8s_12ns_16_4_1_DSP48_0_U/sext_ln452_37_fu_1789_p1[9]
    SLICE_X5Y58          LUT2 (Prop_B6LUT_SLICEM_I0_O)
                                                      0.082     3.650 r  neural_reconstruction_bd_i/reconstruction_accel_0/inst/grp_reconstruction_accel_Pipeline_CONV1_Y_PAD_CONV1_X_PAD_fu_166/mac_muladd_8ns_8s_12ns_16_4_1_U53/reconstruction_accel_mac_muladd_8ns_8s_12ns_16_4_1_DSP48_0_U/add_ln39_5_fu_2328_p2_i_12/O
                         net (fo=1, routed)           0.022     3.672    neural_reconstruction_bd_i/reconstruction_accel_0/inst/grp_reconstruction_accel_Pipeline_CONV1_Y_PAD_CONV1_X_PAD_fu_166/mac_muladd_8ns_8s_12ns_16_4_1_U53/reconstruction_accel_mac_muladd_8ns_8s_12ns_16_4_1_DSP48_0_U/add_ln39_5_fu_2328_p2_i_12_n_3
    SLICE_X5Y58          CARRY8 (Prop_CARRY8_SLICEM_S[1]_O[2])
                                                      0.187     3.859 r  neural_reconstruction_bd_i/reconstruction_accel_0/inst/grp_reconstruction_accel_Pipeline_CONV1_Y_PAD_CONV1_X_PAD_fu_166/mac_muladd_8ns_8s_12ns_16_4_1_U53/reconstruction_accel_mac_muladd_8ns_8s_12ns_16_4_1_DSP48_0_U/add_ln39_5_fu_2328_p2_i_2/O[2]
                         net (fo=2, routed)           0.350     4.209    neural_reconstruction_bd_i/reconstruction_accel_0/inst/grp_reconstruction_accel_Pipeline_CONV1_Y_PAD_CONV1_X_PAD_fu_166/mul_18s_13ns_31_3_1_U33/A[10]
    SLICE_X5Y59          FDRE                                         r  neural_reconstruction_bd_i/reconstruction_accel_0/inst/grp_reconstruction_accel_Pipeline_CONV1_Y_PAD_CONV1_X_PAD_fu_166/mul_18s_13ns_31_3_1_U33/q8_5_reg_3249[0]_i_1_psdsp_7/D
  -------------------------------------------------------------------    -------------------

                         (clock clk_pl_0 rise edge)
                                                      0.000     0.000 r  
    PS8_X0Y0             PS8                          0.000     0.000 r  neural_reconstruction_bd_i/zynq_ultra_ps_e_0/inst/PS8_i/PLCLK[0]
                         net (fo=1, routed)           0.181     0.181    neural_reconstruction_bd_i/zynq_ultra_ps_e_0/inst/pl_clk_unbuffered[0]
    BUFG_PS_X0Y80        BUFG_PS (Prop_BUFG_PS_I_O)
                                                      0.035     0.216 r  neural_reconstruction_bd_i/zynq_ultra_ps_e_0/inst/buffer_pl_clk_0.PL_CLK_0_BUFG/O
    X1Y1 (CLOCK_ROOT)    net (fo=7864, routed)        2.836     3.052    neural_reconstruction_bd_i/reconstruction_accel_0/inst/grp_reconstruction_accel_Pipeline_CONV1_Y_PAD_CONV1_X_PAD_fu_166/mul_18s_13ns_31_3_1_U33/ap_clk
    SLICE_X5Y59          FDRE                                         r  neural_reconstruction_bd_i/reconstruction_accel_0/inst/grp_reconstruction_accel_Pipeline_CONV1_Y_PAD_CONV1_X_PAD_fu_166/mul_18s_13ns_31_3_1_U33/q8_5_reg_3249[0]_i_1_psdsp_7/C





Min Delay Paths
--------------------------------------------------------------------------------------
Slack:                    inf
  Source:                 neural_reconstruction_bd_i/reconstruction_accel_0/inst/grp_reconstruction_accel_Pipeline_CONV1_Y_PAD_CONV1_X_PAD_fu_166/mul_8ns_7ns_14_1_1_U29/tmp_product/DSP_A_B_DATA_INST/B2_DATA[1]
                            (internal pin)
  Destination:            neural_reconstruction_bd_i/reconstruction_accel_0/inst/grp_reconstruction_accel_Pipeline_CONV1_Y_PAD_CONV1_X_PAD_fu_166/am_addmul_17s_17s_12ns_31_3_1_U60/reconstruction_accel_am_addmul_17s_17s_12ns_31_3_1_DSP48_0_U/q8_4_reg_3244[0]_i_1_psdsp_16/D
                            (rising edge-triggered cell FDRE clocked by clk_pl_0  {rise@0.000ns fall@2.500ns period=5.000ns})
  Path Group:             (none)
  Path Type:              Hold (Min at Fast Process Corner)
  Data Path Delay:        0.657ns  (logic 0.380ns (57.808%)  route 0.277ns (42.192%))
  Logic Levels:           9  (CARRY8=2 DSP_ALU=1 DSP_M_DATA=1 DSP_MULTIPLIER=1 DSP_OUTPUT=1 DSP_PREADD_DATA=1 LUT1=1 LUT2=1)
  Clock Uncertainty:      0.127ns  ((TSJ^2 + DJ^2)^1/2) / 2 + PE
    Total System Jitter     (TSJ):    0.050ns
    Discrete Jitter          (DJ):    0.248ns
    Phase Error              (PE):    0.000ns
  Clock Net Delay (Destination): 1.895ns (routing 0.971ns, distribution 0.924ns)

    Location             Delay type                Incr(ns)  Path(ns)    Netlist Resource(s)
  -------------------------------------------------------------------    -------------------
    DSP48E2_X1Y24        DSP_A_B_DATA                 0.000     0.000 r  neural_reconstruction_bd_i/reconstruction_accel_0/inst/grp_reconstruction_accel_Pipeline_CONV1_Y_PAD_CONV1_X_PAD_fu_166/mul_8ns_7ns_14_1_1_U29/tmp_product/DSP_A_B_DATA_INST/B2_DATA[1]
                         net (fo=1, routed)           0.000     0.000    neural_reconstruction_bd_i/reconstruction_accel_0/inst/grp_reconstruction_accel_Pipeline_CONV1_Y_PAD_CONV1_X_PAD_fu_166/mul_8ns_7ns_14_1_1_U29/tmp_product/DSP_A_B_DATA.B2_DATA<1>
    DSP48E2_X1Y24        DSP_PREADD_DATA (Prop_DSP_PREADD_DATA_DSP48E2_B2_DATA[1]_B2B1[1])
                                                      0.022     0.022 r  neural_reconstruction_bd_i/reconstruction_accel_0/inst/grp_reconstruction_accel_Pipeline_CONV1_Y_PAD_CONV1_X_PAD_fu_166/mul_8ns_7ns_14_1_1_U29/tmp_product/DSP_PREADD_DATA_INST/B2B1[1]
                         net (fo=1, routed)           0.000     0.022    neural_reconstruction_bd_i/reconstruction_accel_0/inst/grp_reconstruction_accel_Pipeline_CONV1_Y_PAD_CONV1_X_PAD_fu_166/mul_8ns_7ns_14_1_1_U29/tmp_product/DSP_PREADD_DATA.B2B1<1>
    DSP48E2_X1Y24        DSP_MULTIPLIER (Prop_DSP_MULTIPLIER_DSP48E2_B2B1[1]_U[0])
                                                      0.084     0.106 f  neural_reconstruction_bd_i/reconstruction_accel_0/inst/grp_reconstruction_accel_Pipeline_CONV1_Y_PAD_CONV1_X_PAD_fu_166/mul_8ns_7ns_14_1_1_U29/tmp_product/DSP_MULTIPLIER_INST/U[0]
                         net (fo=1, routed)           0.000     0.106    neural_reconstruction_bd_i/reconstruction_accel_0/inst/grp_reconstruction_accel_Pipeline_CONV1_Y_PAD_CONV1_X_PAD_fu_166/mul_8ns_7ns_14_1_1_U29/tmp_product/DSP_MULTIPLIER.U<0>
    DSP48E2_X1Y24        DSP_M_DATA (Prop_DSP_M_DATA_DSP48E2_U[0]_U_DATA[0])
                                                      0.014     0.120 r  neural_reconstruction_bd_i/reconstruction_accel_0/inst/grp_reconstruction_accel_Pipeline_CONV1_Y_PAD_CONV1_X_PAD_fu_166/mul_8ns_7ns_14_1_1_U29/tmp_product/DSP_M_DATA_INST/U_DATA[0]
                         net (fo=1, routed)           0.000     0.120    neural_reconstruction_bd_i/reconstruction_accel_0/inst/grp_reconstruction_accel_Pipeline_CONV1_Y_PAD_CONV1_X_PAD_fu_166/mul_8ns_7ns_14_1_1_U29/tmp_product/DSP_M_DATA.U_DATA<0>
    DSP48E2_X1Y24        DSP_ALU (Prop_DSP_ALU_DSP48E2_U_DATA[0]_ALU_OUT[0])
                                                      0.127     0.247 r  neural_reconstruction_bd_i/reconstruction_accel_0/inst/grp_reconstruction_accel_Pipeline_CONV1_Y_PAD_CONV1_X_PAD_fu_166/mul_8ns_7ns_14_1_1_U29/tmp_product/DSP_ALU_INST/ALU_OUT[0]
                         net (fo=1, routed)           0.000     0.247    neural_reconstruction_bd_i/reconstruction_accel_0/inst/grp_reconstruction_accel_Pipeline_CONV1_Y_PAD_CONV1_X_PAD_fu_166/mul_8ns_7ns_14_1_1_U29/tmp_product/DSP_ALU.ALU_OUT<0>
    DSP48E2_X1Y24        DSP_OUTPUT (Prop_DSP_OUTPUT_DSP48E2_ALU_OUT[0]_P[0])
                                                      0.033     0.280 f  neural_reconstruction_bd_i/reconstruction_accel_0/inst/grp_reconstruction_accel_Pipeline_CONV1_Y_PAD_CONV1_X_PAD_fu_166/mul_8ns_7ns_14_1_1_U29/tmp_product/DSP_OUTPUT_INST/P[0]
                         net (fo=3, routed)           0.129     0.409    neural_reconstruction_bd_i/reconstruction_accel_0/inst/grp_reconstruction_accel_Pipeline_CONV1_Y_PAD_CONV1_X_PAD_fu_166/mul_8ns_7ns_14_1_1_U29/P[0]
    SLICE_X4Y53          LUT1 (Prop_A6LUT_SLICEM_I0_O)
                                                      0.021     0.430 r  neural_reconstruction_bd_i/reconstruction_accel_0/inst/grp_reconstruction_accel_Pipeline_CONV1_Y_PAD_CONV1_X_PAD_fu_166/mul_8ns_7ns_14_1_1_U29/add_ln39_4_fu_2250_p2_i_71/O
                         net (fo=1, routed)           0.011     0.441    neural_reconstruction_bd_i/reconstruction_accel_0/inst/grp_reconstruction_accel_Pipeline_CONV1_Y_PAD_CONV1_X_PAD_fu_166/mul_8ns_7ns_14_1_1_U29/add_ln39_4_fu_2250_p2_i_71_n_3
    SLICE_X4Y53          CARRY8 (Prop_CARRY8_SLICEM_S[0]_O[0])
                                                      0.021     0.462 r  neural_reconstruction_bd_i/reconstruction_accel_0/inst/grp_reconstruction_accel_Pipeline_CONV1_Y_PAD_CONV1_X_PAD_fu_166/mul_8ns_7ns_14_1_1_U29/add_ln39_4_fu_2250_p2_i_17/O[0]
                         net (fo=2, routed)           0.119     0.581    neural_reconstruction_bd_i/reconstruction_accel_0/inst/grp_reconstruction_accel_Pipeline_CONV1_Y_PAD_CONV1_X_PAD_fu_166/mul_8ns_7ns_14_1_1_U29/sext_ln452_33_fu_1718_p1[0]
    SLICE_X5Y54          LUT2 (Prop_A6LUT_SLICEM_I0_O)
                                                      0.037     0.618 r  neural_reconstruction_bd_i/reconstruction_accel_0/inst/grp_reconstruction_accel_Pipeline_CONV1_Y_PAD_CONV1_X_PAD_fu_166/mul_8ns_7ns_14_1_1_U29/add_ln39_4_fu_2250_p2_i_25/O
                         net (fo=1, routed)           0.011     0.629    neural_reconstruction_bd_i/reconstruction_accel_0/inst/grp_reconstruction_accel_Pipeline_CONV1_Y_PAD_CONV1_X_PAD_fu_166/mul_8ns_7ns_14_1_1_U29/add_ln39_4_fu_2250_p2_i_25_n_3
    SLICE_X5Y54          CARRY8 (Prop_CARRY8_SLICEM_S[0]_O[0])
                                                      0.021     0.650 r  neural_reconstruction_bd_i/reconstruction_accel_0/inst/grp_reconstruction_accel_Pipeline_CONV1_Y_PAD_CONV1_X_PAD_fu_166/mul_8ns_7ns_14_1_1_U29/add_ln39_4_fu_2250_p2_i_3/O[0]
                         net (fo=2, routed)           0.007     0.657    neural_reconstruction_bd_i/reconstruction_accel_0/inst/grp_reconstruction_accel_Pipeline_CONV1_Y_PAD_CONV1_X_PAD_fu_166/am_addmul_17s_17s_12ns_31_3_1_U60/reconstruction_accel_am_addmul_17s_17s_12ns_31_3_1_DSP48_0_U/D[0]
    SLICE_X5Y54          FDRE                                         r  neural_reconstruction_bd_i/reconstruction_accel_0/inst/grp_reconstruction_accel_Pipeline_CONV1_Y_PAD_CONV1_X_PAD_fu_166/am_addmul_17s_17s_12ns_31_3_1_U60/reconstruction_accel_am_addmul_17s_17s_12ns_31_3_1_DSP48_0_U/q8_4_reg_3244[0]_i_1_psdsp_16/D
  -------------------------------------------------------------------    -------------------

                         (clock clk_pl_0 rise edge)
                                                      0.000     0.000 r  
    PS8_X0Y0             PS8                          0.000     0.000 r  neural_reconstruction_bd_i/zynq_ultra_ps_e_0/inst/PS8_i/PLCLK[0]
                         net (fo=1, routed)           0.164     0.164    neural_reconstruction_bd_i/zynq_ultra_ps_e_0/inst/pl_clk_unbuffered[0]
    BUFG_PS_X0Y80        BUFG_PS (Prop_BUFG_PS_I_O)
                                                      0.023     0.187 r  neural_reconstruction_bd_i/zynq_ultra_ps_e_0/inst/buffer_pl_clk_0.PL_CLK_0_BUFG/O
    X1Y1 (CLOCK_ROOT)    net (fo=7864, routed)        1.895     2.082    neural_reconstruction_bd_i/reconstruction_accel_0/inst/grp_reconstruction_accel_Pipeline_CONV1_Y_PAD_CONV1_X_PAD_fu_166/am_addmul_17s_17s_12ns_31_3_1_U60/reconstruction_accel_am_addmul_17s_17s_12ns_31_3_1_DSP48_0_U/ap_clk
    SLICE_X5Y54          FDRE                                         r  neural_reconstruction_bd_i/reconstruction_accel_0/inst/grp_reconstruction_accel_Pipeline_CONV1_Y_PAD_CONV1_X_PAD_fu_166/am_addmul_17s_17s_12ns_31_3_1_U60/reconstruction_accel_am_addmul_17s_17s_12ns_31_3_1_DSP48_0_U/q8_4_reg_3244[0]_i_1_psdsp_16/C

Slack:                    inf
  Source:                 neural_reconstruction_bd_i/reconstruction_accel_0/inst/grp_reconstruction_accel_Pipeline_CONV1_Y_PAD_CONV1_X_PAD_fu_166/mul_8ns_7ns_14_1_1_U29/tmp_product/DSP_A_B_DATA_INST/B2_DATA[7]
                            (internal pin)
  Destination:            neural_reconstruction_bd_i/reconstruction_accel_0/inst/grp_reconstruction_accel_Pipeline_CONV1_Y_PAD_CONV1_X_PAD_fu_166/am_addmul_17s_17s_12ns_31_3_1_U60/reconstruction_accel_am_addmul_17s_17s_12ns_31_3_1_DSP48_0_U/q8_4_reg_3244[0]_i_1_psdsp_3/D
                            (rising edge-triggered cell FDRE clocked by clk_pl_0  {rise@0.000ns fall@2.500ns period=5.000ns})
  Path Group:             (none)
  Path Type:              Hold (Min at Fast Process Corner)
  Data Path Delay:        0.664ns  (logic 0.388ns (58.464%)  route 0.276ns (41.536%))
  Logic Levels:           8  (CARRY8=2 DSP_ALU=1 DSP_M_DATA=1 DSP_MULTIPLIER=1 DSP_OUTPUT=1 DSP_PREADD_DATA=1 LUT6=1)
  Clock Uncertainty:      0.127ns  ((TSJ^2 + DJ^2)^1/2) / 2 + PE
    Total System Jitter     (TSJ):    0.050ns
    Discrete Jitter          (DJ):    0.248ns
    Phase Error              (PE):    0.000ns
  Clock Net Delay (Destination): 1.899ns (routing 0.971ns, distribution 0.928ns)

    Location             Delay type                Incr(ns)  Path(ns)    Netlist Resource(s)
  -------------------------------------------------------------------    -------------------
    DSP48E2_X1Y24        DSP_A_B_DATA                 0.000     0.000 r  neural_reconstruction_bd_i/reconstruction_accel_0/inst/grp_reconstruction_accel_Pipeline_CONV1_Y_PAD_CONV1_X_PAD_fu_166/mul_8ns_7ns_14_1_1_U29/tmp_product/DSP_A_B_DATA_INST/B2_DATA[7]
                         net (fo=1, routed)           0.000     0.000    neural_reconstruction_bd_i/reconstruction_accel_0/inst/grp_reconstruction_accel_Pipeline_CONV1_Y_PAD_CONV1_X_PAD_fu_166/mul_8ns_7ns_14_1_1_U29/tmp_product/DSP_A_B_DATA.B2_DATA<7>
    DSP48E2_X1Y24        DSP_PREADD_DATA (Prop_DSP_PREADD_DATA_DSP48E2_B2_DATA[7]_B2B1[7])
                                                      0.022     0.022 r  neural_reconstruction_bd_i/reconstruction_accel_0/inst/grp_reconstruction_accel_Pipeline_CONV1_Y_PAD_CONV1_X_PAD_fu_166/mul_8ns_7ns_14_1_1_U29/tmp_product/DSP_PREADD_DATA_INST/B2B1[7]
                         net (fo=1, routed)           0.000     0.022    neural_reconstruction_bd_i/reconstruction_accel_0/inst/grp_reconstruction_accel_Pipeline_CONV1_Y_PAD_CONV1_X_PAD_fu_166/mul_8ns_7ns_14_1_1_U29/tmp_product/DSP_PREADD_DATA.B2B1<7>
    DSP48E2_X1Y24        DSP_MULTIPLIER (Prop_DSP_MULTIPLIER_DSP48E2_B2B1[7]_U[8])
                                                      0.084     0.106 f  neural_reconstruction_bd_i/reconstruction_accel_0/inst/grp_reconstruction_accel_Pipeline_CONV1_Y_PAD_CONV1_X_PAD_fu_166/mul_8ns_7ns_14_1_1_U29/tmp_product/DSP_MULTIPLIER_INST/U[8]
                         net (fo=1, routed)           0.000     0.106    neural_reconstruction_bd_i/reconstruction_accel_0/inst/grp_reconstruction_accel_Pipeline_CONV1_Y_PAD_CONV1_X_PAD_fu_166/mul_8ns_7ns_14_1_1_U29/tmp_product/DSP_MULTIPLIER.U<8>
    DSP48E2_X1Y24        DSP_M_DATA (Prop_DSP_M_DATA_DSP48E2_U[8]_U_DATA[8])
                                                      0.014     0.120 r  neural_reconstruction_bd_i/reconstruction_accel_0/inst/grp_reconstruction_accel_Pipeline_CONV1_Y_PAD_CONV1_X_PAD_fu_166/mul_8ns_7ns_14_1_1_U29/tmp_product/DSP_M_DATA_INST/U_DATA[8]
                         net (fo=1, routed)           0.000     0.120    neural_reconstruction_bd_i/reconstruction_accel_0/inst/grp_reconstruction_accel_Pipeline_CONV1_Y_PAD_CONV1_X_PAD_fu_166/mul_8ns_7ns_14_1_1_U29/tmp_product/DSP_M_DATA.U_DATA<8>
    DSP48E2_X1Y24        DSP_ALU (Prop_DSP_ALU_DSP48E2_U_DATA[8]_ALU_OUT[8])
                                                      0.127     0.247 f  neural_reconstruction_bd_i/reconstruction_accel_0/inst/grp_reconstruction_accel_Pipeline_CONV1_Y_PAD_CONV1_X_PAD_fu_166/mul_8ns_7ns_14_1_1_U29/tmp_product/DSP_ALU_INST/ALU_OUT[8]
                         net (fo=1, routed)           0.000     0.247    neural_reconstruction_bd_i/reconstruction_accel_0/inst/grp_reconstruction_accel_Pipeline_CONV1_Y_PAD_CONV1_X_PAD_fu_166/mul_8ns_7ns_14_1_1_U29/tmp_product/DSP_ALU.ALU_OUT<8>
    DSP48E2_X1Y24        DSP_OUTPUT (Prop_DSP_OUTPUT_DSP48E2_ALU_OUT[8]_P[8])
                                                      0.033     0.280 r  neural_reconstruction_bd_i/reconstruction_accel_0/inst/grp_reconstruction_accel_Pipeline_CONV1_Y_PAD_CONV1_X_PAD_fu_166/mul_8ns_7ns_14_1_1_U29/tmp_product/DSP_OUTPUT_INST/P[8]
                         net (fo=6, routed)           0.134     0.414    neural_reconstruction_bd_i/reconstruction_accel_0/inst/grp_reconstruction_accel_Pipeline_CONV1_Y_PAD_CONV1_X_PAD_fu_166/mul_8ns_7ns_14_1_1_U29/P[8]
    SLICE_X4Y54          LUT6 (Prop_C6LUT_SLICEM_I2_O)
                                                      0.021     0.435 r  neural_reconstruction_bd_i/reconstruction_accel_0/inst/grp_reconstruction_accel_Pipeline_CONV1_Y_PAD_CONV1_X_PAD_fu_166/mul_8ns_7ns_14_1_1_U29/add_ln39_4_fu_2250_p2_i_55/O
                         net (fo=1, routed)           0.016     0.451    neural_reconstruction_bd_i/reconstruction_accel_0/inst/grp_reconstruction_accel_Pipeline_CONV1_Y_PAD_CONV1_X_PAD_fu_166/mul_8ns_7ns_14_1_1_U29/add_ln39_4_fu_2250_p2_i_55_n_3
    SLICE_X4Y54          CARRY8 (Prop_CARRY8_SLICEM_S[2]_O[4])
                                                      0.051     0.502 r  neural_reconstruction_bd_i/reconstruction_accel_0/inst/grp_reconstruction_accel_Pipeline_CONV1_Y_PAD_CONV1_X_PAD_fu_166/mul_8ns_7ns_14_1_1_U29/add_ln39_4_fu_2250_p2_i_8/O[4]
                         net (fo=2, routed)           0.118     0.621    neural_reconstruction_bd_i/reconstruction_accel_0/inst/grp_reconstruction_accel_Pipeline_CONV1_Y_PAD_CONV1_X_PAD_fu_166/mul_8ns_7ns_14_1_1_U29/sext_ln452_33_fu_1718_p1[12]
    SLICE_X5Y55          CARRY8 (Prop_CARRY8_SLICEM_DI[4]_O[5])
                                                      0.036     0.657 r  neural_reconstruction_bd_i/reconstruction_accel_0/inst/grp_reconstruction_accel_Pipeline_CONV1_Y_PAD_CONV1_X_PAD_fu_166/mul_8ns_7ns_14_1_1_U29/add_ln39_4_fu_2250_p2_i_2/O[5]
                         net (fo=2, routed)           0.007     0.664    neural_reconstruction_bd_i/reconstruction_accel_0/inst/grp_reconstruction_accel_Pipeline_CONV1_Y_PAD_CONV1_X_PAD_fu_166/am_addmul_17s_17s_12ns_31_3_1_U60/reconstruction_accel_am_addmul_17s_17s_12ns_31_3_1_DSP48_0_U/D[13]
    SLICE_X5Y55          FDRE                                         r  neural_reconstruction_bd_i/reconstruction_accel_0/inst/grp_reconstruction_accel_Pipeline_CONV1_Y_PAD_CONV1_X_PAD_fu_166/am_addmul_17s_17s_12ns_31_3_1_U60/reconstruction_accel_am_addmul_17s_17s_12ns_31_3_1_DSP48_0_U/q8_4_reg_3244[0]_i_1_psdsp_3/D
  -------------------------------------------------------------------    -------------------

                         (clock clk_pl_0 rise edge)
                                                      0.000     0.000 r  
    PS8_X0Y0             PS8                          0.000     0.000 r  neural_reconstruction_bd_i/zynq_ultra_ps_e_0/inst/PS8_i/PLCLK[0]
                         net (fo=1, routed)           0.164     0.164    neural_reconstruction_bd_i/zynq_ultra_ps_e_0/inst/pl_clk_unbuffered[0]
    BUFG_PS_X0Y80        BUFG_PS (Prop_BUFG_PS_I_O)
                                                      0.023     0.187 r  neural_reconstruction_bd_i/zynq_ultra_ps_e_0/inst/buffer_pl_clk_0.PL_CLK_0_BUFG/O
    X1Y1 (CLOCK_ROOT)    net (fo=7864, routed)        1.899     2.086    neural_reconstruction_bd_i/reconstruction_accel_0/inst/grp_reconstruction_accel_Pipeline_CONV1_Y_PAD_CONV1_X_PAD_fu_166/am_addmul_17s_17s_12ns_31_3_1_U60/reconstruction_accel_am_addmul_17s_17s_12ns_31_3_1_DSP48_0_U/ap_clk
    SLICE_X5Y55          FDRE                                         r  neural_reconstruction_bd_i/reconstruction_accel_0/inst/grp_reconstruction_accel_Pipeline_CONV1_Y_PAD_CONV1_X_PAD_fu_166/am_addmul_17s_17s_12ns_31_3_1_U60/reconstruction_accel_am_addmul_17s_17s_12ns_31_3_1_DSP48_0_U/q8_4_reg_3244[0]_i_1_psdsp_3/C

Slack:                    inf
  Source:                 neural_reconstruction_bd_i/reconstruction_accel_0/inst/grp_reconstruction_accel_Pipeline_CONV1_Y_PAD_CONV1_X_PAD_fu_166/mul_8ns_7ns_14_1_1_U29/tmp_product/DSP_A_B_DATA_INST/B2_DATA[5]
                            (internal pin)
  Destination:            neural_reconstruction_bd_i/reconstruction_accel_0/inst/grp_reconstruction_accel_Pipeline_CONV1_Y_PAD_CONV1_X_PAD_fu_166/am_addmul_17s_17s_12ns_31_3_1_U60/reconstruction_accel_am_addmul_17s_17s_12ns_31_3_1_DSP48_0_U/q8_4_reg_3244[0]_i_1_psdsp_8/D
                            (rising edge-triggered cell FDRE clocked by clk_pl_0  {rise@0.000ns fall@2.500ns period=5.000ns})
  Path Group:             (none)
  Path Type:              Hold (Min at Fast Process Corner)
  Data Path Delay:        0.670ns  (logic 0.378ns (56.416%)  route 0.292ns (43.584%))
  Logic Levels:           9  (CARRY8=3 DSP_ALU=1 DSP_M_DATA=1 DSP_MULTIPLIER=1 DSP_OUTPUT=1 DSP_PREADD_DATA=1 LUT6=1)
  Clock Uncertainty:      0.127ns  ((TSJ^2 + DJ^2)^1/2) / 2 + PE
    Total System Jitter     (TSJ):    0.050ns
    Discrete Jitter          (DJ):    0.248ns
    Phase Error              (PE):    0.000ns
  Clock Net Delay (Destination): 1.901ns (routing 0.971ns, distribution 0.930ns)

    Location             Delay type                Incr(ns)  Path(ns)    Netlist Resource(s)
  -------------------------------------------------------------------    -------------------
    DSP48E2_X1Y24        DSP_A_B_DATA                 0.000     0.000 r  neural_reconstruction_bd_i/reconstruction_accel_0/inst/grp_reconstruction_accel_Pipeline_CONV1_Y_PAD_CONV1_X_PAD_fu_166/mul_8ns_7ns_14_1_1_U29/tmp_product/DSP_A_B_DATA_INST/B2_DATA[5]
                         net (fo=1, routed)           0.000     0.000    neural_reconstruction_bd_i/reconstruction_accel_0/inst/grp_reconstruction_accel_Pipeline_CONV1_Y_PAD_CONV1_X_PAD_fu_166/mul_8ns_7ns_14_1_1_U29/tmp_product/DSP_A_B_DATA.B2_DATA<5>
    DSP48E2_X1Y24        DSP_PREADD_DATA (Prop_DSP_PREADD_DATA_DSP48E2_B2_DATA[5]_B2B1[5])
                                                      0.022     0.022 r  neural_reconstruction_bd_i/reconstruction_accel_0/inst/grp_reconstruction_accel_Pipeline_CONV1_Y_PAD_CONV1_X_PAD_fu_166/mul_8ns_7ns_14_1_1_U29/tmp_product/DSP_PREADD_DATA_INST/B2B1[5]
                         net (fo=1, routed)           0.000     0.022    neural_reconstruction_bd_i/reconstruction_accel_0/inst/grp_reconstruction_accel_Pipeline_CONV1_Y_PAD_CONV1_X_PAD_fu_166/mul_8ns_7ns_14_1_1_U29/tmp_product/DSP_PREADD_DATA.B2B1<5>
    DSP48E2_X1Y24        DSP_MULTIPLIER (Prop_DSP_MULTIPLIER_DSP48E2_B2B1[5]_U[6])
                                                      0.084     0.106 f  neural_reconstruction_bd_i/reconstruction_accel_0/inst/grp_reconstruction_accel_Pipeline_CONV1_Y_PAD_CONV1_X_PAD_fu_166/mul_8ns_7ns_14_1_1_U29/tmp_product/DSP_MULTIPLIER_INST/U[6]
                         net (fo=1, routed)           0.000     0.106    neural_reconstruction_bd_i/reconstruction_accel_0/inst/grp_reconstruction_accel_Pipeline_CONV1_Y_PAD_CONV1_X_PAD_fu_166/mul_8ns_7ns_14_1_1_U29/tmp_product/DSP_MULTIPLIER.U<6>
    DSP48E2_X1Y24        DSP_M_DATA (Prop_DSP_M_DATA_DSP48E2_U[6]_U_DATA[6])
                                                      0.014     0.120 r  neural_reconstruction_bd_i/reconstruction_accel_0/inst/grp_reconstruction_accel_Pipeline_CONV1_Y_PAD_CONV1_X_PAD_fu_166/mul_8ns_7ns_14_1_1_U29/tmp_product/DSP_M_DATA_INST/U_DATA[6]
                         net (fo=1, routed)           0.000     0.120    neural_reconstruction_bd_i/reconstruction_accel_0/inst/grp_reconstruction_accel_Pipeline_CONV1_Y_PAD_CONV1_X_PAD_fu_166/mul_8ns_7ns_14_1_1_U29/tmp_product/DSP_M_DATA.U_DATA<6>
    DSP48E2_X1Y24        DSP_ALU (Prop_DSP_ALU_DSP48E2_U_DATA[6]_ALU_OUT[6])
                                                      0.127     0.247 f  neural_reconstruction_bd_i/reconstruction_accel_0/inst/grp_reconstruction_accel_Pipeline_CONV1_Y_PAD_CONV1_X_PAD_fu_166/mul_8ns_7ns_14_1_1_U29/tmp_product/DSP_ALU_INST/ALU_OUT[6]
                         net (fo=1, routed)           0.000     0.247    neural_reconstruction_bd_i/reconstruction_accel_0/inst/grp_reconstruction_accel_Pipeline_CONV1_Y_PAD_CONV1_X_PAD_fu_166/mul_8ns_7ns_14_1_1_U29/tmp_product/DSP_ALU.ALU_OUT<6>
    DSP48E2_X1Y24        DSP_OUTPUT (Prop_DSP_OUTPUT_DSP48E2_ALU_OUT[6]_P[6])
                                                      0.033     0.280 r  neural_reconstruction_bd_i/reconstruction_accel_0/inst/grp_reconstruction_accel_Pipeline_CONV1_Y_PAD_CONV1_X_PAD_fu_166/mul_8ns_7ns_14_1_1_U29/tmp_product/DSP_OUTPUT_INST/P[6]
                         net (fo=6, routed)           0.138     0.418    neural_reconstruction_bd_i/reconstruction_accel_0/inst/grp_reconstruction_accel_Pipeline_CONV1_Y_PAD_CONV1_X_PAD_fu_166/mul_8ns_7ns_14_1_1_U29/P[6]
    SLICE_X4Y53          LUT6 (Prop_H6LUT_SLICEM_I5_O)
                                                      0.021     0.439 r  neural_reconstruction_bd_i/reconstruction_accel_0/inst/grp_reconstruction_accel_Pipeline_CONV1_Y_PAD_CONV1_X_PAD_fu_166/mul_8ns_7ns_14_1_1_U29/add_ln39_4_fu_2250_p2_i_64/O
                         net (fo=1, routed)           0.013     0.452    neural_reconstruction_bd_i/reconstruction_accel_0/inst/grp_reconstruction_accel_Pipeline_CONV1_Y_PAD_CONV1_X_PAD_fu_166/mul_8ns_7ns_14_1_1_U29/add_ln39_4_fu_2250_p2_i_64_n_3
    SLICE_X4Y53          CARRY8 (Prop_CARRY8_SLICEM_S[7]_O[7])
                                                      0.021     0.473 r  neural_reconstruction_bd_i/reconstruction_accel_0/inst/grp_reconstruction_accel_Pipeline_CONV1_Y_PAD_CONV1_X_PAD_fu_166/mul_8ns_7ns_14_1_1_U29/add_ln39_4_fu_2250_p2_i_17/O[7]
                         net (fo=2, routed)           0.131     0.604    neural_reconstruction_bd_i/reconstruction_accel_0/inst/grp_reconstruction_accel_Pipeline_CONV1_Y_PAD_CONV1_X_PAD_fu_166/mul_8ns_7ns_14_1_1_U29/sext_ln452_33_fu_1718_p1[7]
    SLICE_X5Y54          CARRY8 (Prop_CARRY8_SLICEM_DI[7]_CO[7])
                                                      0.034     0.638 r  neural_reconstruction_bd_i/reconstruction_accel_0/inst/grp_reconstruction_accel_Pipeline_CONV1_Y_PAD_CONV1_X_PAD_fu_166/mul_8ns_7ns_14_1_1_U29/add_ln39_4_fu_2250_p2_i_3/CO[7]
                         net (fo=1, routed)           0.003     0.641    neural_reconstruction_bd_i/reconstruction_accel_0/inst/grp_reconstruction_accel_Pipeline_CONV1_Y_PAD_CONV1_X_PAD_fu_166/mul_8ns_7ns_14_1_1_U29/add_ln39_4_fu_2250_p2_i_3_n_3
    SLICE_X5Y55          CARRY8 (Prop_CARRY8_SLICEM_CI_O[0])
                                                      0.022     0.663 r  neural_reconstruction_bd_i/reconstruction_accel_0/inst/grp_reconstruction_accel_Pipeline_CONV1_Y_PAD_CONV1_X_PAD_fu_166/mul_8ns_7ns_14_1_1_U29/add_ln39_4_fu_2250_p2_i_2/O[0]
                         net (fo=2, routed)           0.007     0.670    neural_reconstruction_bd_i/reconstruction_accel_0/inst/grp_reconstruction_accel_Pipeline_CONV1_Y_PAD_CONV1_X_PAD_fu_166/am_addmul_17s_17s_12ns_31_3_1_U60/reconstruction_accel_am_addmul_17s_17s_12ns_31_3_1_DSP48_0_U/D[8]
    SLICE_X5Y55          FDRE                                         r  neural_reconstruction_bd_i/reconstruction_accel_0/inst/grp_reconstruction_accel_Pipeline_CONV1_Y_PAD_CONV1_X_PAD_fu_166/am_addmul_17s_17s_12ns_31_3_1_U60/reconstruction_accel_am_addmul_17s_17s_12ns_31_3_1_DSP48_0_U/q8_4_reg_3244[0]_i_1_psdsp_8/D
  -------------------------------------------------------------------    -------------------

                         (clock clk_pl_0 rise edge)
                                                      0.000     0.000 r  
    PS8_X0Y0             PS8                          0.000     0.000 r  neural_reconstruction_bd_i/zynq_ultra_ps_e_0/inst/PS8_i/PLCLK[0]
                         net (fo=1, routed)           0.164     0.164    neural_reconstruction_bd_i/zynq_ultra_ps_e_0/inst/pl_clk_unbuffered[0]
    BUFG_PS_X0Y80        BUFG_PS (Prop_BUFG_PS_I_O)
                                                      0.023     0.187 r  neural_reconstruction_bd_i/zynq_ultra_ps_e_0/inst/buffer_pl_clk_0.PL_CLK_0_BUFG/O
    X1Y1 (CLOCK_ROOT)    net (fo=7864, routed)        1.901     2.088    neural_reconstruction_bd_i/reconstruction_accel_0/inst/grp_reconstruction_accel_Pipeline_CONV1_Y_PAD_CONV1_X_PAD_fu_166/am_addmul_17s_17s_12ns_31_3_1_U60/reconstruction_accel_am_addmul_17s_17s_12ns_31_3_1_DSP48_0_U/ap_clk
    SLICE_X5Y55          FDRE                                         r  neural_reconstruction_bd_i/reconstruction_accel_0/inst/grp_reconstruction_accel_Pipeline_CONV1_Y_PAD_CONV1_X_PAD_fu_166/am_addmul_17s_17s_12ns_31_3_1_U60/reconstruction_accel_am_addmul_17s_17s_12ns_31_3_1_DSP48_0_U/q8_4_reg_3244[0]_i_1_psdsp_8/C

Slack:                    inf
  Source:                 neural_reconstruction_bd_i/reconstruction_accel_0/inst/grp_reconstruction_accel_Pipeline_CONV1_Y_PAD_CONV1_X_PAD_fu_166/mul_8ns_7ns_14_1_1_U29/tmp_product/DSP_A_B_DATA_INST/B2_DATA[1]
                            (internal pin)
  Destination:            neural_reconstruction_bd_i/reconstruction_accel_0/inst/grp_reconstruction_accel_Pipeline_CONV1_Y_PAD_CONV1_X_PAD_fu_166/am_addmul_17s_17s_12ns_31_3_1_U60/reconstruction_accel_am_addmul_17s_17s_12ns_31_3_1_DSP48_0_U/q8_4_reg_3244[0]_i_1_psdsp_15/D
                            (rising edge-triggered cell FDRE clocked by clk_pl_0  {rise@0.000ns fall@2.500ns period=5.000ns})
  Path Group:             (none)
  Path Type:              Hold (Min at Fast Process Corner)
  Data Path Delay:        0.703ns  (logic 0.373ns (53.029%)  route 0.330ns (46.971%))
  Logic Levels:           9  (CARRY8=2 DSP_ALU=1 DSP_M_DATA=1 DSP_MULTIPLIER=1 DSP_OUTPUT=1 DSP_PREADD_DATA=1 LUT1=1 LUT2=1)
  Clock Uncertainty:      0.127ns  ((TSJ^2 + DJ^2)^1/2) / 2 + PE
    Total System Jitter     (TSJ):    0.050ns
    Discrete Jitter          (DJ):    0.248ns
    Phase Error              (PE):    0.000ns
  Clock Net Delay (Destination): 1.893ns (routing 0.971ns, distribution 0.922ns)

    Location             Delay type                Incr(ns)  Path(ns)    Netlist Resource(s)
  -------------------------------------------------------------------    -------------------
    DSP48E2_X1Y24        DSP_A_B_DATA                 0.000     0.000 r  neural_reconstruction_bd_i/reconstruction_accel_0/inst/grp_reconstruction_accel_Pipeline_CONV1_Y_PAD_CONV1_X_PAD_fu_166/mul_8ns_7ns_14_1_1_U29/tmp_product/DSP_A_B_DATA_INST/B2_DATA[1]
                         net (fo=1, routed)           0.000     0.000    neural_reconstruction_bd_i/reconstruction_accel_0/inst/grp_reconstruction_accel_Pipeline_CONV1_Y_PAD_CONV1_X_PAD_fu_166/mul_8ns_7ns_14_1_1_U29/tmp_product/DSP_A_B_DATA.B2_DATA<1>
    DSP48E2_X1Y24        DSP_PREADD_DATA (Prop_DSP_PREADD_DATA_DSP48E2_B2_DATA[1]_B2B1[1])
                                                      0.022     0.022 r  neural_reconstruction_bd_i/reconstruction_accel_0/inst/grp_reconstruction_accel_Pipeline_CONV1_Y_PAD_CONV1_X_PAD_fu_166/mul_8ns_7ns_14_1_1_U29/tmp_product/DSP_PREADD_DATA_INST/B2B1[1]
                         net (fo=1, routed)           0.000     0.022    neural_reconstruction_bd_i/reconstruction_accel_0/inst/grp_reconstruction_accel_Pipeline_CONV1_Y_PAD_CONV1_X_PAD_fu_166/mul_8ns_7ns_14_1_1_U29/tmp_product/DSP_PREADD_DATA.B2B1<1>
    DSP48E2_X1Y24        DSP_MULTIPLIER (Prop_DSP_MULTIPLIER_DSP48E2_B2B1[1]_U[0])
                                                      0.084     0.106 f  neural_reconstruction_bd_i/reconstruction_accel_0/inst/grp_reconstruction_accel_Pipeline_CONV1_Y_PAD_CONV1_X_PAD_fu_166/mul_8ns_7ns_14_1_1_U29/tmp_product/DSP_MULTIPLIER_INST/U[0]
                         net (fo=1, routed)           0.000     0.106    neural_reconstruction_bd_i/reconstruction_accel_0/inst/grp_reconstruction_accel_Pipeline_CONV1_Y_PAD_CONV1_X_PAD_fu_166/mul_8ns_7ns_14_1_1_U29/tmp_product/DSP_MULTIPLIER.U<0>
    DSP48E2_X1Y24        DSP_M_DATA (Prop_DSP_M_DATA_DSP48E2_U[0]_U_DATA[0])
                                                      0.014     0.120 r  neural_reconstruction_bd_i/reconstruction_accel_0/inst/grp_reconstruction_accel_Pipeline_CONV1_Y_PAD_CONV1_X_PAD_fu_166/mul_8ns_7ns_14_1_1_U29/tmp_product/DSP_M_DATA_INST/U_DATA[0]
                         net (fo=1, routed)           0.000     0.120    neural_reconstruction_bd_i/reconstruction_accel_0/inst/grp_reconstruction_accel_Pipeline_CONV1_Y_PAD_CONV1_X_PAD_fu_166/mul_8ns_7ns_14_1_1_U29/tmp_product/DSP_M_DATA.U_DATA<0>
    DSP48E2_X1Y24        DSP_ALU (Prop_DSP_ALU_DSP48E2_U_DATA[0]_ALU_OUT[0])
                                                      0.127     0.247 r  neural_reconstruction_bd_i/reconstruction_accel_0/inst/grp_reconstruction_accel_Pipeline_CONV1_Y_PAD_CONV1_X_PAD_fu_166/mul_8ns_7ns_14_1_1_U29/tmp_product/DSP_ALU_INST/ALU_OUT[0]
                         net (fo=1, routed)           0.000     0.247    neural_reconstruction_bd_i/reconstruction_accel_0/inst/grp_reconstruction_accel_Pipeline_CONV1_Y_PAD_CONV1_X_PAD_fu_166/mul_8ns_7ns_14_1_1_U29/tmp_product/DSP_ALU.ALU_OUT<0>
    DSP48E2_X1Y24        DSP_OUTPUT (Prop_DSP_OUTPUT_DSP48E2_ALU_OUT[0]_P[0])
                                                      0.033     0.280 f  neural_reconstruction_bd_i/reconstruction_accel_0/inst/grp_reconstruction_accel_Pipeline_CONV1_Y_PAD_CONV1_X_PAD_fu_166/mul_8ns_7ns_14_1_1_U29/tmp_product/DSP_OUTPUT_INST/P[0]
                         net (fo=3, routed)           0.129     0.409    neural_reconstruction_bd_i/reconstruction_accel_0/inst/grp_reconstruction_accel_Pipeline_CONV1_Y_PAD_CONV1_X_PAD_fu_166/mul_8ns_7ns_14_1_1_U29/P[0]
    SLICE_X4Y53          LUT1 (Prop_A6LUT_SLICEM_I0_O)
                                                      0.021     0.430 r  neural_reconstruction_bd_i/reconstruction_accel_0/inst/grp_reconstruction_accel_Pipeline_CONV1_Y_PAD_CONV1_X_PAD_fu_166/mul_8ns_7ns_14_1_1_U29/add_ln39_4_fu_2250_p2_i_71/O
                         net (fo=1, routed)           0.011     0.441    neural_reconstruction_bd_i/reconstruction_accel_0/inst/grp_reconstruction_accel_Pipeline_CONV1_Y_PAD_CONV1_X_PAD_fu_166/mul_8ns_7ns_14_1_1_U29/add_ln39_4_fu_2250_p2_i_71_n_3
    SLICE_X4Y53          CARRY8 (Prop_CARRY8_SLICEM_S[0]_O[1])
                                                      0.031     0.472 r  neural_reconstruction_bd_i/reconstruction_accel_0/inst/grp_reconstruction_accel_Pipeline_CONV1_Y_PAD_CONV1_X_PAD_fu_166/mul_8ns_7ns_14_1_1_U29/add_ln39_4_fu_2250_p2_i_17/O[1]
                         net (fo=2, routed)           0.100     0.572    neural_reconstruction_bd_i/reconstruction_accel_0/inst/grp_reconstruction_accel_Pipeline_CONV1_Y_PAD_CONV1_X_PAD_fu_166/mul_8ns_7ns_14_1_1_U29/sext_ln452_33_fu_1718_p1[1]
    SLICE_X5Y54          LUT2 (Prop_B6LUT_SLICEM_I0_O)
                                                      0.021     0.593 r  neural_reconstruction_bd_i/reconstruction_accel_0/inst/grp_reconstruction_accel_Pipeline_CONV1_Y_PAD_CONV1_X_PAD_fu_166/mul_8ns_7ns_14_1_1_U29/add_ln39_4_fu_2250_p2_i_24/O
                         net (fo=1, routed)           0.014     0.607    neural_reconstruction_bd_i/reconstruction_accel_0/inst/grp_reconstruction_accel_Pipeline_CONV1_Y_PAD_CONV1_X_PAD_fu_166/mul_8ns_7ns_14_1_1_U29/add_ln39_4_fu_2250_p2_i_24_n_3
    SLICE_X5Y54          CARRY8 (Prop_CARRY8_SLICEM_S[1]_O[1])
                                                      0.020     0.627 r  neural_reconstruction_bd_i/reconstruction_accel_0/inst/grp_reconstruction_accel_Pipeline_CONV1_Y_PAD_CONV1_X_PAD_fu_166/mul_8ns_7ns_14_1_1_U29/add_ln39_4_fu_2250_p2_i_3/O[1]
                         net (fo=2, routed)           0.076     0.703    neural_reconstruction_bd_i/reconstruction_accel_0/inst/grp_reconstruction_accel_Pipeline_CONV1_Y_PAD_CONV1_X_PAD_fu_166/am_addmul_17s_17s_12ns_31_3_1_U60/reconstruction_accel_am_addmul_17s_17s_12ns_31_3_1_DSP48_0_U/D[1]
    SLICE_X6Y54          FDRE                                         r  neural_reconstruction_bd_i/reconstruction_accel_0/inst/grp_reconstruction_accel_Pipeline_CONV1_Y_PAD_CONV1_X_PAD_fu_166/am_addmul_17s_17s_12ns_31_3_1_U60/reconstruction_accel_am_addmul_17s_17s_12ns_31_3_1_DSP48_0_U/q8_4_reg_3244[0]_i_1_psdsp_15/D
  -------------------------------------------------------------------    -------------------

                         (clock clk_pl_0 rise edge)
                                                      0.000     0.000 r  
    PS8_X0Y0             PS8                          0.000     0.000 r  neural_reconstruction_bd_i/zynq_ultra_ps_e_0/inst/PS8_i/PLCLK[0]
                         net (fo=1, routed)           0.164     0.164    neural_reconstruction_bd_i/zynq_ultra_ps_e_0/inst/pl_clk_unbuffered[0]
    BUFG_PS_X0Y80        BUFG_PS (Prop_BUFG_PS_I_O)
                                                      0.023     0.187 r  neural_reconstruction_bd_i/zynq_ultra_ps_e_0/inst/buffer_pl_clk_0.PL_CLK_0_BUFG/O
    X1Y1 (CLOCK_ROOT)    net (fo=7864, routed)        1.893     2.080    neural_reconstruction_bd_i/reconstruction_accel_0/inst/grp_reconstruction_accel_Pipeline_CONV1_Y_PAD_CONV1_X_PAD_fu_166/am_addmul_17s_17s_12ns_31_3_1_U60/reconstruction_accel_am_addmul_17s_17s_12ns_31_3_1_DSP48_0_U/ap_clk
    SLICE_X6Y54          FDRE                                         r  neural_reconstruction_bd_i/reconstruction_accel_0/inst/grp_reconstruction_accel_Pipeline_CONV1_Y_PAD_CONV1_X_PAD_fu_166/am_addmul_17s_17s_12ns_31_3_1_U60/reconstruction_accel_am_addmul_17s_17s_12ns_31_3_1_DSP48_0_U/q8_4_reg_3244[0]_i_1_psdsp_15/C

Slack:                    inf
  Source:                 neural_reconstruction_bd_i/reconstruction_accel_0/inst/grp_reconstruction_accel_Pipeline_CONV1_Y_PAD_CONV1_X_PAD_fu_166/mul_8ns_8ns_15_1_1_U28/tmp_product/DSP_A_B_DATA_INST/B2_DATA[13]
                            (internal pin)
  Destination:            neural_reconstruction_bd_i/reconstruction_accel_0/inst/grp_reconstruction_accel_Pipeline_CONV1_Y_PAD_CONV1_X_PAD_fu_166/mul_18s_12ns_30_3_1_U32/q8_1_reg_3229[7]_i_1_psdsp/D
                            (rising edge-triggered cell FDRE clocked by clk_pl_0  {rise@0.000ns fall@2.500ns period=5.000ns})
  Path Group:             (none)
  Path Type:              Hold (Min at Fast Process Corner)
  Data Path Delay:        0.711ns  (logic 0.404ns (56.796%)  route 0.307ns (43.204%))
  Logic Levels:           9  (CARRY8=2 DSP_ALU=1 DSP_M_DATA=1 DSP_MULTIPLIER=1 DSP_OUTPUT=1 DSP_PREADD_DATA=1 LUT2=1 LUT4=1)
  Clock Uncertainty:      0.127ns  ((TSJ^2 + DJ^2)^1/2) / 2 + PE
    Total System Jitter     (TSJ):    0.050ns
    Discrete Jitter          (DJ):    0.248ns
    Phase Error              (PE):    0.000ns
  Clock Net Delay (Destination): 1.887ns (routing 0.971ns, distribution 0.916ns)

    Location             Delay type                Incr(ns)  Path(ns)    Netlist Resource(s)
  -------------------------------------------------------------------    -------------------
    DSP48E2_X2Y18        DSP_A_B_DATA                 0.000     0.000 r  neural_reconstruction_bd_i/reconstruction_accel_0/inst/grp_reconstruction_accel_Pipeline_CONV1_Y_PAD_CONV1_X_PAD_fu_166/mul_8ns_8ns_15_1_1_U28/tmp_product/DSP_A_B_DATA_INST/B2_DATA[13]
                         net (fo=1, routed)           0.000     0.000    neural_reconstruction_bd_i/reconstruction_accel_0/inst/grp_reconstruction_accel_Pipeline_CONV1_Y_PAD_CONV1_X_PAD_fu_166/mul_8ns_8ns_15_1_1_U28/tmp_product/DSP_A_B_DATA.B2_DATA<13>
    DSP48E2_X2Y18        DSP_PREADD_DATA (Prop_DSP_PREADD_DATA_DSP48E2_B2_DATA[13]_B2B1[13])
                                                      0.022     0.022 r  neural_reconstruction_bd_i/reconstruction_accel_0/inst/grp_reconstruction_accel_Pipeline_CONV1_Y_PAD_CONV1_X_PAD_fu_166/mul_8ns_8ns_15_1_1_U28/tmp_product/DSP_PREADD_DATA_INST/B2B1[13]
                         net (fo=1, routed)           0.000     0.022    neural_reconstruction_bd_i/reconstruction_accel_0/inst/grp_reconstruction_accel_Pipeline_CONV1_Y_PAD_CONV1_X_PAD_fu_166/mul_8ns_8ns_15_1_1_U28/tmp_product/DSP_PREADD_DATA.B2B1<13>
    DSP48E2_X2Y18        DSP_MULTIPLIER (Prop_DSP_MULTIPLIER_DSP48E2_B2B1[13]_U[14])
                                                      0.084     0.106 f  neural_reconstruction_bd_i/reconstruction_accel_0/inst/grp_reconstruction_accel_Pipeline_CONV1_Y_PAD_CONV1_X_PAD_fu_166/mul_8ns_8ns_15_1_1_U28/tmp_product/DSP_MULTIPLIER_INST/U[14]
                         net (fo=1, routed)           0.000     0.106    neural_reconstruction_bd_i/reconstruction_accel_0/inst/grp_reconstruction_accel_Pipeline_CONV1_Y_PAD_CONV1_X_PAD_fu_166/mul_8ns_8ns_15_1_1_U28/tmp_product/DSP_MULTIPLIER.U<14>
    DSP48E2_X2Y18        DSP_M_DATA (Prop_DSP_M_DATA_DSP48E2_U[14]_U_DATA[14])
                                                      0.014     0.120 r  neural_reconstruction_bd_i/reconstruction_accel_0/inst/grp_reconstruction_accel_Pipeline_CONV1_Y_PAD_CONV1_X_PAD_fu_166/mul_8ns_8ns_15_1_1_U28/tmp_product/DSP_M_DATA_INST/U_DATA[14]
                         net (fo=1, routed)           0.000     0.120    neural_reconstruction_bd_i/reconstruction_accel_0/inst/grp_reconstruction_accel_Pipeline_CONV1_Y_PAD_CONV1_X_PAD_fu_166/mul_8ns_8ns_15_1_1_U28/tmp_product/DSP_M_DATA.U_DATA<14>
    DSP48E2_X2Y18        DSP_ALU (Prop_DSP_ALU_DSP48E2_U_DATA[14]_ALU_OUT[14])
                                                      0.127     0.247 f  neural_reconstruction_bd_i/reconstruction_accel_0/inst/grp_reconstruction_accel_Pipeline_CONV1_Y_PAD_CONV1_X_PAD_fu_166/mul_8ns_8ns_15_1_1_U28/tmp_product/DSP_ALU_INST/ALU_OUT[14]
                         net (fo=1, routed)           0.000     0.247    neural_reconstruction_bd_i/reconstruction_accel_0/inst/grp_reconstruction_accel_Pipeline_CONV1_Y_PAD_CONV1_X_PAD_fu_166/mul_8ns_8ns_15_1_1_U28/tmp_product/DSP_ALU.ALU_OUT<14>
    DSP48E2_X2Y18        DSP_OUTPUT (Prop_DSP_OUTPUT_DSP48E2_ALU_OUT[14]_P[14])
                                                      0.033     0.280 r  neural_reconstruction_bd_i/reconstruction_accel_0/inst/grp_reconstruction_accel_Pipeline_CONV1_Y_PAD_CONV1_X_PAD_fu_166/mul_8ns_8ns_15_1_1_U28/tmp_product/DSP_OUTPUT_INST/P[14]
                         net (fo=2, routed)           0.108     0.388    neural_reconstruction_bd_i/reconstruction_accel_0/inst/grp_reconstruction_accel_Pipeline_CONV1_Y_PAD_CONV1_X_PAD_fu_166/mac_muladd_8ns_7ns_16ns_16_4_1_U41/reconstruction_accel_mac_muladd_8ns_7ns_16ns_16_4_1_DSP48_0_U/add_ln39_1_fu_2022_p2_i_39_0[14]
    SLICE_X6Y51          LUT2 (Prop_G6LUT_SLICEL_I1_O)
                                                      0.037     0.425 r  neural_reconstruction_bd_i/reconstruction_accel_0/inst/grp_reconstruction_accel_Pipeline_CONV1_Y_PAD_CONV1_X_PAD_fu_166/mac_muladd_8ns_7ns_16ns_16_4_1_U41/reconstruction_accel_mac_muladd_8ns_7ns_16ns_16_4_1_DSP48_0_U/add_ln39_1_fu_2022_p2_i_53/O
                         net (fo=1, routed)           0.008     0.433    neural_reconstruction_bd_i/reconstruction_accel_0/inst/grp_reconstruction_accel_Pipeline_CONV1_Y_PAD_CONV1_X_PAD_fu_166/mac_muladd_8ns_7ns_16ns_16_4_1_U41/reconstruction_accel_mac_muladd_8ns_7ns_16ns_16_4_1_DSP48_0_U/add_ln39_1_fu_2022_p2_i_53_n_3
    SLICE_X6Y51          CARRY8 (Prop_CARRY8_SLICEL_S[6]_O[7])
                                                      0.030     0.463 r  neural_reconstruction_bd_i/reconstruction_accel_0/inst/grp_reconstruction_accel_Pipeline_CONV1_Y_PAD_CONV1_X_PAD_fu_166/mac_muladd_8ns_7ns_16ns_16_4_1_U41/reconstruction_accel_mac_muladd_8ns_7ns_16ns_16_4_1_DSP48_0_U/add_ln39_1_fu_2022_p2_i_39/O[7]
                         net (fo=5, routed)           0.085     0.548    neural_reconstruction_bd_i/reconstruction_accel_0/inst/grp_reconstruction_accel_Pipeline_CONV1_Y_PAD_CONV1_X_PAD_fu_166/mac_muladd_8ns_7ns_16ns_16_4_1_U41/reconstruction_accel_mac_muladd_8ns_7ns_16ns_16_4_1_DSP48_0_U/ap_clk_0[7]
    SLICE_X7Y52          LUT4 (Prop_B6LUT_SLICEM_I1_O)
                                                      0.037     0.585 r  neural_reconstruction_bd_i/reconstruction_accel_0/inst/grp_reconstruction_accel_Pipeline_CONV1_Y_PAD_CONV1_X_PAD_fu_166/mac_muladd_8ns_7ns_16ns_16_4_1_U41/reconstruction_accel_mac_muladd_8ns_7ns_16ns_16_4_1_DSP48_0_U/add_ln39_1_fu_2022_p2_i_5/O
                         net (fo=1, routed)           0.014     0.599    neural_reconstruction_bd_i/reconstruction_accel_0/inst/grp_reconstruction_accel_Pipeline_CONV1_Y_PAD_CONV1_X_PAD_fu_166/mac_muladd_8ns_7ns_16ns_16_4_1_U41/reconstruction_accel_mac_muladd_8ns_7ns_16ns_16_4_1_DSP48_0_U/add_ln39_1_fu_2022_p2_i_5_n_3
    SLICE_X7Y52          CARRY8 (Prop_CARRY8_SLICEM_S[1]_O[1])
                                                      0.020     0.619 r  neural_reconstruction_bd_i/reconstruction_accel_0/inst/grp_reconstruction_accel_Pipeline_CONV1_Y_PAD_CONV1_X_PAD_fu_166/mac_muladd_8ns_7ns_16ns_16_4_1_U41/reconstruction_accel_mac_muladd_8ns_7ns_16ns_16_4_1_DSP48_0_U/add_ln39_1_fu_2022_p2_i_1/O[1]
                         net (fo=2, routed)           0.093     0.711    neural_reconstruction_bd_i/reconstruction_accel_0/inst/grp_reconstruction_accel_Pipeline_CONV1_Y_PAD_CONV1_X_PAD_fu_166/mul_18s_12ns_30_3_1_U32/DSP_ALU_INST[17]
    SLICE_X6Y52          FDRE                                         r  neural_reconstruction_bd_i/reconstruction_accel_0/inst/grp_reconstruction_accel_Pipeline_CONV1_Y_PAD_CONV1_X_PAD_fu_166/mul_18s_12ns_30_3_1_U32/q8_1_reg_3229[7]_i_1_psdsp/D
  -------------------------------------------------------------------    -------------------

                         (clock clk_pl_0 rise edge)
                                                      0.000     0.000 r  
    PS8_X0Y0             PS8                          0.000     0.000 r  neural_reconstruction_bd_i/zynq_ultra_ps_e_0/inst/PS8_i/PLCLK[0]
                         net (fo=1, routed)           0.164     0.164    neural_reconstruction_bd_i/zynq_ultra_ps_e_0/inst/pl_clk_unbuffered[0]
    BUFG_PS_X0Y80        BUFG_PS (Prop_BUFG_PS_I_O)
                                                      0.023     0.187 r  neural_reconstruction_bd_i/zynq_ultra_ps_e_0/inst/buffer_pl_clk_0.PL_CLK_0_BUFG/O
    X1Y1 (CLOCK_ROOT)    net (fo=7864, routed)        1.887     2.074    neural_reconstruction_bd_i/reconstruction_accel_0/inst/grp_reconstruction_accel_Pipeline_CONV1_Y_PAD_CONV1_X_PAD_fu_166/mul_18s_12ns_30_3_1_U32/ap_clk
    SLICE_X6Y52          FDRE                                         r  neural_reconstruction_bd_i/reconstruction_accel_0/inst/grp_reconstruction_accel_Pipeline_CONV1_Y_PAD_CONV1_X_PAD_fu_166/mul_18s_12ns_30_3_1_U32/q8_1_reg_3229[7]_i_1_psdsp/C

Slack:                    inf
  Source:                 neural_reconstruction_bd_i/reconstruction_accel_0/inst/grp_reconstruction_accel_Pipeline_CONV1_Y_PAD_CONV1_X_PAD_fu_166/mul_8ns_7ns_14_1_1_U29/tmp_product/DSP_A_B_DATA_INST/B2_DATA[1]
                            (internal pin)
  Destination:            neural_reconstruction_bd_i/reconstruction_accel_0/inst/grp_reconstruction_accel_Pipeline_CONV1_Y_PAD_CONV1_X_PAD_fu_166/am_addmul_17s_17s_12ns_31_3_1_U60/reconstruction_accel_am_addmul_17s_17s_12ns_31_3_1_DSP48_0_U/q8_4_reg_3244[0]_i_1_psdsp_14/D
                            (rising edge-triggered cell FDRE clocked by clk_pl_0  {rise@0.000ns fall@2.500ns period=5.000ns})
  Path Group:             (none)
  Path Type:              Hold (Min at Fast Process Corner)
  Data Path Delay:        0.718ns  (logic 0.390ns (54.322%)  route 0.328ns (45.678%))
  Logic Levels:           9  (CARRY8=2 DSP_ALU=1 DSP_M_DATA=1 DSP_MULTIPLIER=1 DSP_OUTPUT=1 DSP_PREADD_DATA=1 LUT1=1 LUT2=1)
  Clock Uncertainty:      0.127ns  ((TSJ^2 + DJ^2)^1/2) / 2 + PE
    Total System Jitter     (TSJ):    0.050ns
    Discrete Jitter          (DJ):    0.248ns
    Phase Error              (PE):    0.000ns
  Clock Net Delay (Destination): 1.893ns (routing 0.971ns, distribution 0.922ns)

    Location             Delay type                Incr(ns)  Path(ns)    Netlist Resource(s)
  -------------------------------------------------------------------    -------------------
    DSP48E2_X1Y24        DSP_A_B_DATA                 0.000     0.000 r  neural_reconstruction_bd_i/reconstruction_accel_0/inst/grp_reconstruction_accel_Pipeline_CONV1_Y_PAD_CONV1_X_PAD_fu_166/mul_8ns_7ns_14_1_1_U29/tmp_product/DSP_A_B_DATA_INST/B2_DATA[1]
                         net (fo=1, routed)           0.000     0.000    neural_reconstruction_bd_i/reconstruction_accel_0/inst/grp_reconstruction_accel_Pipeline_CONV1_Y_PAD_CONV1_X_PAD_fu_166/mul_8ns_7ns_14_1_1_U29/tmp_product/DSP_A_B_DATA.B2_DATA<1>
    DSP48E2_X1Y24        DSP_PREADD_DATA (Prop_DSP_PREADD_DATA_DSP48E2_B2_DATA[1]_B2B1[1])
                                                      0.022     0.022 r  neural_reconstruction_bd_i/reconstruction_accel_0/inst/grp_reconstruction_accel_Pipeline_CONV1_Y_PAD_CONV1_X_PAD_fu_166/mul_8ns_7ns_14_1_1_U29/tmp_product/DSP_PREADD_DATA_INST/B2B1[1]
                         net (fo=1, routed)           0.000     0.022    neural_reconstruction_bd_i/reconstruction_accel_0/inst/grp_reconstruction_accel_Pipeline_CONV1_Y_PAD_CONV1_X_PAD_fu_166/mul_8ns_7ns_14_1_1_U29/tmp_product/DSP_PREADD_DATA.B2B1<1>
    DSP48E2_X1Y24        DSP_MULTIPLIER (Prop_DSP_MULTIPLIER_DSP48E2_B2B1[1]_U[0])
                                                      0.084     0.106 f  neural_reconstruction_bd_i/reconstruction_accel_0/inst/grp_reconstruction_accel_Pipeline_CONV1_Y_PAD_CONV1_X_PAD_fu_166/mul_8ns_7ns_14_1_1_U29/tmp_product/DSP_MULTIPLIER_INST/U[0]
                         net (fo=1, routed)           0.000     0.106    neural_reconstruction_bd_i/reconstruction_accel_0/inst/grp_reconstruction_accel_Pipeline_CONV1_Y_PAD_CONV1_X_PAD_fu_166/mul_8ns_7ns_14_1_1_U29/tmp_product/DSP_MULTIPLIER.U<0>
    DSP48E2_X1Y24        DSP_M_DATA (Prop_DSP_M_DATA_DSP48E2_U[0]_U_DATA[0])
                                                      0.014     0.120 r  neural_reconstruction_bd_i/reconstruction_accel_0/inst/grp_reconstruction_accel_Pipeline_CONV1_Y_PAD_CONV1_X_PAD_fu_166/mul_8ns_7ns_14_1_1_U29/tmp_product/DSP_M_DATA_INST/U_DATA[0]
                         net (fo=1, routed)           0.000     0.120    neural_reconstruction_bd_i/reconstruction_accel_0/inst/grp_reconstruction_accel_Pipeline_CONV1_Y_PAD_CONV1_X_PAD_fu_166/mul_8ns_7ns_14_1_1_U29/tmp_product/DSP_M_DATA.U_DATA<0>
    DSP48E2_X1Y24        DSP_ALU (Prop_DSP_ALU_DSP48E2_U_DATA[0]_ALU_OUT[0])
                                                      0.127     0.247 r  neural_reconstruction_bd_i/reconstruction_accel_0/inst/grp_reconstruction_accel_Pipeline_CONV1_Y_PAD_CONV1_X_PAD_fu_166/mul_8ns_7ns_14_1_1_U29/tmp_product/DSP_ALU_INST/ALU_OUT[0]
                         net (fo=1, routed)           0.000     0.247    neural_reconstruction_bd_i/reconstruction_accel_0/inst/grp_reconstruction_accel_Pipeline_CONV1_Y_PAD_CONV1_X_PAD_fu_166/mul_8ns_7ns_14_1_1_U29/tmp_product/DSP_ALU.ALU_OUT<0>
    DSP48E2_X1Y24        DSP_OUTPUT (Prop_DSP_OUTPUT_DSP48E2_ALU_OUT[0]_P[0])
                                                      0.033     0.280 f  neural_reconstruction_bd_i/reconstruction_accel_0/inst/grp_reconstruction_accel_Pipeline_CONV1_Y_PAD_CONV1_X_PAD_fu_166/mul_8ns_7ns_14_1_1_U29/tmp_product/DSP_OUTPUT_INST/P[0]
                         net (fo=3, routed)           0.129     0.409    neural_reconstruction_bd_i/reconstruction_accel_0/inst/grp_reconstruction_accel_Pipeline_CONV1_Y_PAD_CONV1_X_PAD_fu_166/mul_8ns_7ns_14_1_1_U29/P[0]
    SLICE_X4Y53          LUT1 (Prop_A6LUT_SLICEM_I0_O)
                                                      0.021     0.430 r  neural_reconstruction_bd_i/reconstruction_accel_0/inst/grp_reconstruction_accel_Pipeline_CONV1_Y_PAD_CONV1_X_PAD_fu_166/mul_8ns_7ns_14_1_1_U29/add_ln39_4_fu_2250_p2_i_71/O
                         net (fo=1, routed)           0.011     0.441    neural_reconstruction_bd_i/reconstruction_accel_0/inst/grp_reconstruction_accel_Pipeline_CONV1_Y_PAD_CONV1_X_PAD_fu_166/mul_8ns_7ns_14_1_1_U29/add_ln39_4_fu_2250_p2_i_71_n_3
    SLICE_X4Y53          CARRY8 (Prop_CARRY8_SLICEM_S[0]_O[1])
                                                      0.031     0.472 r  neural_reconstruction_bd_i/reconstruction_accel_0/inst/grp_reconstruction_accel_Pipeline_CONV1_Y_PAD_CONV1_X_PAD_fu_166/mul_8ns_7ns_14_1_1_U29/add_ln39_4_fu_2250_p2_i_17/O[1]
                         net (fo=2, routed)           0.100     0.572    neural_reconstruction_bd_i/reconstruction_accel_0/inst/grp_reconstruction_accel_Pipeline_CONV1_Y_PAD_CONV1_X_PAD_fu_166/mul_8ns_7ns_14_1_1_U29/sext_ln452_33_fu_1718_p1[1]
    SLICE_X5Y54          LUT2 (Prop_B6LUT_SLICEM_I0_O)
                                                      0.021     0.593 r  neural_reconstruction_bd_i/reconstruction_accel_0/inst/grp_reconstruction_accel_Pipeline_CONV1_Y_PAD_CONV1_X_PAD_fu_166/mul_8ns_7ns_14_1_1_U29/add_ln39_4_fu_2250_p2_i_24/O
                         net (fo=1, routed)           0.014     0.607    neural_reconstruction_bd_i/reconstruction_accel_0/inst/grp_reconstruction_accel_Pipeline_CONV1_Y_PAD_CONV1_X_PAD_fu_166/mul_8ns_7ns_14_1_1_U29/add_ln39_4_fu_2250_p2_i_24_n_3
    SLICE_X5Y54          CARRY8 (Prop_CARRY8_SLICEM_S[1]_O[2])
                                                      0.037     0.644 r  neural_reconstruction_bd_i/reconstruction_accel_0/inst/grp_reconstruction_accel_Pipeline_CONV1_Y_PAD_CONV1_X_PAD_fu_166/mul_8ns_7ns_14_1_1_U29/add_ln39_4_fu_2250_p2_i_3/O[2]
                         net (fo=2, routed)           0.074     0.718    neural_reconstruction_bd_i/reconstruction_accel_0/inst/grp_reconstruction_accel_Pipeline_CONV1_Y_PAD_CONV1_X_PAD_fu_166/am_addmul_17s_17s_12ns_31_3_1_U60/reconstruction_accel_am_addmul_17s_17s_12ns_31_3_1_DSP48_0_U/D[2]
    SLICE_X6Y54          FDRE                                         r  neural_reconstruction_bd_i/reconstruction_accel_0/inst/grp_reconstruction_accel_Pipeline_CONV1_Y_PAD_CONV1_X_PAD_fu_166/am_addmul_17s_17s_12ns_31_3_1_U60/reconstruction_accel_am_addmul_17s_17s_12ns_31_3_1_DSP48_0_U/q8_4_reg_3244[0]_i_1_psdsp_14/D
  -------------------------------------------------------------------    -------------------

                         (clock clk_pl_0 rise edge)
                                                      0.000     0.000 r  
    PS8_X0Y0             PS8                          0.000     0.000 r  neural_reconstruction_bd_i/zynq_ultra_ps_e_0/inst/PS8_i/PLCLK[0]
                         net (fo=1, routed)           0.164     0.164    neural_reconstruction_bd_i/zynq_ultra_ps_e_0/inst/pl_clk_unbuffered[0]
    BUFG_PS_X0Y80        BUFG_PS (Prop_BUFG_PS_I_O)
                                                      0.023     0.187 r  neural_reconstruction_bd_i/zynq_ultra_ps_e_0/inst/buffer_pl_clk_0.PL_CLK_0_BUFG/O
    X1Y1 (CLOCK_ROOT)    net (fo=7864, routed)        1.893     2.080    neural_reconstruction_bd_i/reconstruction_accel_0/inst/grp_reconstruction_accel_Pipeline_CONV1_Y_PAD_CONV1_X_PAD_fu_166/am_addmul_17s_17s_12ns_31_3_1_U60/reconstruction_accel_am_addmul_17s_17s_12ns_31_3_1_DSP48_0_U/ap_clk
    SLICE_X6Y54          FDRE                                         r  neural_reconstruction_bd_i/reconstruction_accel_0/inst/grp_reconstruction_accel_Pipeline_CONV1_Y_PAD_CONV1_X_PAD_fu_166/am_addmul_17s_17s_12ns_31_3_1_U60/reconstruction_accel_am_addmul_17s_17s_12ns_31_3_1_DSP48_0_U/q8_4_reg_3244[0]_i_1_psdsp_14/C

Slack:                    inf
  Source:                 neural_reconstruction_bd_i/reconstruction_accel_0/inst/grp_reconstruction_accel_Pipeline_CONV1_Y_PAD_CONV1_X_PAD_fu_166/mul_8ns_8ns_15_1_1_U28/tmp_product/DSP_A_B_DATA_INST/B2_DATA[13]
                            (internal pin)
  Destination:            neural_reconstruction_bd_i/reconstruction_accel_0/inst/grp_reconstruction_accel_Pipeline_CONV1_Y_PAD_CONV1_X_PAD_fu_166/mul_18s_12ns_30_3_1_U32/q8_1_reg_3229[7]_i_1_psdsp_2/D
                            (rising edge-triggered cell FDRE clocked by clk_pl_0  {rise@0.000ns fall@2.500ns period=5.000ns})
  Path Group:             (none)
  Path Type:              Hold (Min at Fast Process Corner)
  Data Path Delay:        0.718ns  (logic 0.406ns (56.538%)  route 0.312ns (43.462%))
  Logic Levels:           9  (CARRY8=2 DSP_ALU=1 DSP_M_DATA=1 DSP_MULTIPLIER=1 DSP_OUTPUT=1 DSP_PREADD_DATA=1 LUT2=1 LUT6=1)
  Clock Uncertainty:      0.127ns  ((TSJ^2 + DJ^2)^1/2) / 2 + PE
    Total System Jitter     (TSJ):    0.050ns
    Discrete Jitter          (DJ):    0.248ns
    Phase Error              (PE):    0.000ns
  Clock Net Delay (Destination): 1.888ns (routing 0.971ns, distribution 0.917ns)

    Location             Delay type                Incr(ns)  Path(ns)    Netlist Resource(s)
  -------------------------------------------------------------------    -------------------
    DSP48E2_X2Y18        DSP_A_B_DATA                 0.000     0.000 r  neural_reconstruction_bd_i/reconstruction_accel_0/inst/grp_reconstruction_accel_Pipeline_CONV1_Y_PAD_CONV1_X_PAD_fu_166/mul_8ns_8ns_15_1_1_U28/tmp_product/DSP_A_B_DATA_INST/B2_DATA[13]
                         net (fo=1, routed)           0.000     0.000    neural_reconstruction_bd_i/reconstruction_accel_0/inst/grp_reconstruction_accel_Pipeline_CONV1_Y_PAD_CONV1_X_PAD_fu_166/mul_8ns_8ns_15_1_1_U28/tmp_product/DSP_A_B_DATA.B2_DATA<13>
    DSP48E2_X2Y18        DSP_PREADD_DATA (Prop_DSP_PREADD_DATA_DSP48E2_B2_DATA[13]_B2B1[13])
                                                      0.022     0.022 r  neural_reconstruction_bd_i/reconstruction_accel_0/inst/grp_reconstruction_accel_Pipeline_CONV1_Y_PAD_CONV1_X_PAD_fu_166/mul_8ns_8ns_15_1_1_U28/tmp_product/DSP_PREADD_DATA_INST/B2B1[13]
                         net (fo=1, routed)           0.000     0.022    neural_reconstruction_bd_i/reconstruction_accel_0/inst/grp_reconstruction_accel_Pipeline_CONV1_Y_PAD_CONV1_X_PAD_fu_166/mul_8ns_8ns_15_1_1_U28/tmp_product/DSP_PREADD_DATA.B2B1<13>
    DSP48E2_X2Y18        DSP_MULTIPLIER (Prop_DSP_MULTIPLIER_DSP48E2_B2B1[13]_U[14])
                                                      0.084     0.106 f  neural_reconstruction_bd_i/reconstruction_accel_0/inst/grp_reconstruction_accel_Pipeline_CONV1_Y_PAD_CONV1_X_PAD_fu_166/mul_8ns_8ns_15_1_1_U28/tmp_product/DSP_MULTIPLIER_INST/U[14]
                         net (fo=1, routed)           0.000     0.106    neural_reconstruction_bd_i/reconstruction_accel_0/inst/grp_reconstruction_accel_Pipeline_CONV1_Y_PAD_CONV1_X_PAD_fu_166/mul_8ns_8ns_15_1_1_U28/tmp_product/DSP_MULTIPLIER.U<14>
    DSP48E2_X2Y18        DSP_M_DATA (Prop_DSP_M_DATA_DSP48E2_U[14]_U_DATA[14])
                                                      0.014     0.120 r  neural_reconstruction_bd_i/reconstruction_accel_0/inst/grp_reconstruction_accel_Pipeline_CONV1_Y_PAD_CONV1_X_PAD_fu_166/mul_8ns_8ns_15_1_1_U28/tmp_product/DSP_M_DATA_INST/U_DATA[14]
                         net (fo=1, routed)           0.000     0.120    neural_reconstruction_bd_i/reconstruction_accel_0/inst/grp_reconstruction_accel_Pipeline_CONV1_Y_PAD_CONV1_X_PAD_fu_166/mul_8ns_8ns_15_1_1_U28/tmp_product/DSP_M_DATA.U_DATA<14>
    DSP48E2_X2Y18        DSP_ALU (Prop_DSP_ALU_DSP48E2_U_DATA[14]_ALU_OUT[14])
                                                      0.127     0.247 f  neural_reconstruction_bd_i/reconstruction_accel_0/inst/grp_reconstruction_accel_Pipeline_CONV1_Y_PAD_CONV1_X_PAD_fu_166/mul_8ns_8ns_15_1_1_U28/tmp_product/DSP_ALU_INST/ALU_OUT[14]
                         net (fo=1, routed)           0.000     0.247    neural_reconstruction_bd_i/reconstruction_accel_0/inst/grp_reconstruction_accel_Pipeline_CONV1_Y_PAD_CONV1_X_PAD_fu_166/mul_8ns_8ns_15_1_1_U28/tmp_product/DSP_ALU.ALU_OUT<14>
    DSP48E2_X2Y18        DSP_OUTPUT (Prop_DSP_OUTPUT_DSP48E2_ALU_OUT[14]_P[14])
                                                      0.033     0.280 r  neural_reconstruction_bd_i/reconstruction_accel_0/inst/grp_reconstruction_accel_Pipeline_CONV1_Y_PAD_CONV1_X_PAD_fu_166/mul_8ns_8ns_15_1_1_U28/tmp_product/DSP_OUTPUT_INST/P[14]
                         net (fo=2, routed)           0.108     0.388    neural_reconstruction_bd_i/reconstruction_accel_0/inst/grp_reconstruction_accel_Pipeline_CONV1_Y_PAD_CONV1_X_PAD_fu_166/mac_muladd_8ns_7ns_16ns_16_4_1_U41/reconstruction_accel_mac_muladd_8ns_7ns_16ns_16_4_1_DSP48_0_U/add_ln39_1_fu_2022_p2_i_39_0[14]
    SLICE_X6Y51          LUT2 (Prop_G6LUT_SLICEL_I1_O)
                                                      0.037     0.425 r  neural_reconstruction_bd_i/reconstruction_accel_0/inst/grp_reconstruction_accel_Pipeline_CONV1_Y_PAD_CONV1_X_PAD_fu_166/mac_muladd_8ns_7ns_16ns_16_4_1_U41/reconstruction_accel_mac_muladd_8ns_7ns_16ns_16_4_1_DSP48_0_U/add_ln39_1_fu_2022_p2_i_53/O
                         net (fo=1, routed)           0.008     0.433    neural_reconstruction_bd_i/reconstruction_accel_0/inst/grp_reconstruction_accel_Pipeline_CONV1_Y_PAD_CONV1_X_PAD_fu_166/mac_muladd_8ns_7ns_16ns_16_4_1_U41/reconstruction_accel_mac_muladd_8ns_7ns_16ns_16_4_1_DSP48_0_U/add_ln39_1_fu_2022_p2_i_53_n_3
    SLICE_X6Y51          CARRY8 (Prop_CARRY8_SLICEL_S[6]_O[7])
                                                      0.030     0.463 r  neural_reconstruction_bd_i/reconstruction_accel_0/inst/grp_reconstruction_accel_Pipeline_CONV1_Y_PAD_CONV1_X_PAD_fu_166/mac_muladd_8ns_7ns_16ns_16_4_1_U41/reconstruction_accel_mac_muladd_8ns_7ns_16ns_16_4_1_DSP48_0_U/add_ln39_1_fu_2022_p2_i_39/O[7]
                         net (fo=5, routed)           0.095     0.558    neural_reconstruction_bd_i/reconstruction_accel_0/inst/grp_reconstruction_accel_Pipeline_CONV1_Y_PAD_CONV1_X_PAD_fu_166/mac_muladd_8ns_6ns_15ns_16_4_1_U40/reconstruction_accel_mac_muladd_8ns_6ns_15ns_16_4_1_DSP48_0_U/sext_ln452_7_fu_1399_p1[3]
    SLICE_X7Y51          LUT6 (Prop_H6LUT_SLICEM_I1_O)
                                                      0.038     0.596 r  neural_reconstruction_bd_i/reconstruction_accel_0/inst/grp_reconstruction_accel_Pipeline_CONV1_Y_PAD_CONV1_X_PAD_fu_166/mac_muladd_8ns_6ns_15ns_16_4_1_U40/reconstruction_accel_mac_muladd_8ns_6ns_15ns_16_4_1_DSP48_0_U/add_ln39_1_fu_2022_p2_i_15/O
                         net (fo=1, routed)           0.013     0.609    neural_reconstruction_bd_i/reconstruction_accel_0/inst/grp_reconstruction_accel_Pipeline_CONV1_Y_PAD_CONV1_X_PAD_fu_166/mac_muladd_8ns_7ns_16ns_16_4_1_U41/reconstruction_accel_mac_muladd_8ns_7ns_16ns_16_4_1_DSP48_0_U/S[4]
    SLICE_X7Y51          CARRY8 (Prop_CARRY8_SLICEM_S[7]_O[7])
                                                      0.021     0.630 r  neural_reconstruction_bd_i/reconstruction_accel_0/inst/grp_reconstruction_accel_Pipeline_CONV1_Y_PAD_CONV1_X_PAD_fu_166/mac_muladd_8ns_7ns_16ns_16_4_1_U41/reconstruction_accel_mac_muladd_8ns_7ns_16ns_16_4_1_DSP48_0_U/add_ln39_1_fu_2022_p2_i_2/O[7]
                         net (fo=2, routed)           0.088     0.718    neural_reconstruction_bd_i/reconstruction_accel_0/inst/grp_reconstruction_accel_Pipeline_CONV1_Y_PAD_CONV1_X_PAD_fu_166/mul_18s_12ns_30_3_1_U32/DSP_ALU_INST[15]
    SLICE_X7Y52          FDRE                                         r  neural_reconstruction_bd_i/reconstruction_accel_0/inst/grp_reconstruction_accel_Pipeline_CONV1_Y_PAD_CONV1_X_PAD_fu_166/mul_18s_12ns_30_3_1_U32/q8_1_reg_3229[7]_i_1_psdsp_2/D
  -------------------------------------------------------------------    -------------------

                         (clock clk_pl_0 rise edge)
                                                      0.000     0.000 r  
    PS8_X0Y0             PS8                          0.000     0.000 r  neural_reconstruction_bd_i/zynq_ultra_ps_e_0/inst/PS8_i/PLCLK[0]
                         net (fo=1, routed)           0.164     0.164    neural_reconstruction_bd_i/zynq_ultra_ps_e_0/inst/pl_clk_unbuffered[0]
    BUFG_PS_X0Y80        BUFG_PS (Prop_BUFG_PS_I_O)
                                                      0.023     0.187 r  neural_reconstruction_bd_i/zynq_ultra_ps_e_0/inst/buffer_pl_clk_0.PL_CLK_0_BUFG/O
    X1Y1 (CLOCK_ROOT)    net (fo=7864, routed)        1.888     2.075    neural_reconstruction_bd_i/reconstruction_accel_0/inst/grp_reconstruction_accel_Pipeline_CONV1_Y_PAD_CONV1_X_PAD_fu_166/mul_18s_12ns_30_3_1_U32/ap_clk
    SLICE_X7Y52          FDRE                                         r  neural_reconstruction_bd_i/reconstruction_accel_0/inst/grp_reconstruction_accel_Pipeline_CONV1_Y_PAD_CONV1_X_PAD_fu_166/mul_18s_12ns_30_3_1_U32/q8_1_reg_3229[7]_i_1_psdsp_2/C

Slack:                    inf
  Source:                 neural_reconstruction_bd_i/reconstruction_accel_0/inst/grp_reconstruction_accel_Pipeline_CONV1_Y_PAD_CONV1_X_PAD_fu_166/mul_8ns_7ns_14_1_1_U29/tmp_product/DSP_A_B_DATA_INST/B2_DATA[3]
                            (internal pin)
  Destination:            neural_reconstruction_bd_i/reconstruction_accel_0/inst/grp_reconstruction_accel_Pipeline_CONV1_Y_PAD_CONV1_X_PAD_fu_166/am_addmul_17s_17s_12ns_31_3_1_U60/reconstruction_accel_am_addmul_17s_17s_12ns_31_3_1_DSP48_0_U/q8_4_reg_3244[0]_i_1_psdsp_12/D
                            (rising edge-triggered cell FDRE clocked by clk_pl_0  {rise@0.000ns fall@2.500ns period=5.000ns})
  Path Group:             (none)
  Path Type:              Hold (Min at Fast Process Corner)
  Data Path Delay:        0.720ns  (logic 0.378ns (52.475%)  route 0.342ns (47.525%))
  Logic Levels:           9  (CARRY8=2 DSP_ALU=1 DSP_M_DATA=1 DSP_MULTIPLIER=1 DSP_OUTPUT=1 DSP_PREADD_DATA=1 LUT2=1 LUT4=1)
  Clock Uncertainty:      0.127ns  ((TSJ^2 + DJ^2)^1/2) / 2 + PE
    Total System Jitter     (TSJ):    0.050ns
    Discrete Jitter          (DJ):    0.248ns
    Phase Error              (PE):    0.000ns
  Clock Net Delay (Destination): 1.887ns (routing 0.971ns, distribution 0.916ns)

    Location             Delay type                Incr(ns)  Path(ns)    Netlist Resource(s)
  -------------------------------------------------------------------    -------------------
    DSP48E2_X1Y24        DSP_A_B_DATA                 0.000     0.000 r  neural_reconstruction_bd_i/reconstruction_accel_0/inst/grp_reconstruction_accel_Pipeline_CONV1_Y_PAD_CONV1_X_PAD_fu_166/mul_8ns_7ns_14_1_1_U29/tmp_product/DSP_A_B_DATA_INST/B2_DATA[3]
                         net (fo=1, routed)           0.000     0.000    neural_reconstruction_bd_i/reconstruction_accel_0/inst/grp_reconstruction_accel_Pipeline_CONV1_Y_PAD_CONV1_X_PAD_fu_166/mul_8ns_7ns_14_1_1_U29/tmp_product/DSP_A_B_DATA.B2_DATA<3>
    DSP48E2_X1Y24        DSP_PREADD_DATA (Prop_DSP_PREADD_DATA_DSP48E2_B2_DATA[3]_B2B1[3])
                                                      0.022     0.022 r  neural_reconstruction_bd_i/reconstruction_accel_0/inst/grp_reconstruction_accel_Pipeline_CONV1_Y_PAD_CONV1_X_PAD_fu_166/mul_8ns_7ns_14_1_1_U29/tmp_product/DSP_PREADD_DATA_INST/B2B1[3]
                         net (fo=1, routed)           0.000     0.022    neural_reconstruction_bd_i/reconstruction_accel_0/inst/grp_reconstruction_accel_Pipeline_CONV1_Y_PAD_CONV1_X_PAD_fu_166/mul_8ns_7ns_14_1_1_U29/tmp_product/DSP_PREADD_DATA.B2B1<3>
    DSP48E2_X1Y24        DSP_MULTIPLIER (Prop_DSP_MULTIPLIER_DSP48E2_B2B1[3]_U[4])
                                                      0.084     0.106 f  neural_reconstruction_bd_i/reconstruction_accel_0/inst/grp_reconstruction_accel_Pipeline_CONV1_Y_PAD_CONV1_X_PAD_fu_166/mul_8ns_7ns_14_1_1_U29/tmp_product/DSP_MULTIPLIER_INST/U[4]
                         net (fo=1, routed)           0.000     0.106    neural_reconstruction_bd_i/reconstruction_accel_0/inst/grp_reconstruction_accel_Pipeline_CONV1_Y_PAD_CONV1_X_PAD_fu_166/mul_8ns_7ns_14_1_1_U29/tmp_product/DSP_MULTIPLIER.U<4>
    DSP48E2_X1Y24        DSP_M_DATA (Prop_DSP_M_DATA_DSP48E2_U[4]_U_DATA[4])
                                                      0.014     0.120 r  neural_reconstruction_bd_i/reconstruction_accel_0/inst/grp_reconstruction_accel_Pipeline_CONV1_Y_PAD_CONV1_X_PAD_fu_166/mul_8ns_7ns_14_1_1_U29/tmp_product/DSP_M_DATA_INST/U_DATA[4]
                         net (fo=1, routed)           0.000     0.120    neural_reconstruction_bd_i/reconstruction_accel_0/inst/grp_reconstruction_accel_Pipeline_CONV1_Y_PAD_CONV1_X_PAD_fu_166/mul_8ns_7ns_14_1_1_U29/tmp_product/DSP_M_DATA.U_DATA<4>
    DSP48E2_X1Y24        DSP_ALU (Prop_DSP_ALU_DSP48E2_U_DATA[4]_ALU_OUT[4])
                                                      0.127     0.247 f  neural_reconstruction_bd_i/reconstruction_accel_0/inst/grp_reconstruction_accel_Pipeline_CONV1_Y_PAD_CONV1_X_PAD_fu_166/mul_8ns_7ns_14_1_1_U29/tmp_product/DSP_ALU_INST/ALU_OUT[4]
                         net (fo=1, routed)           0.000     0.247    neural_reconstruction_bd_i/reconstruction_accel_0/inst/grp_reconstruction_accel_Pipeline_CONV1_Y_PAD_CONV1_X_PAD_fu_166/mul_8ns_7ns_14_1_1_U29/tmp_product/DSP_ALU.ALU_OUT<4>
    DSP48E2_X1Y24        DSP_OUTPUT (Prop_DSP_OUTPUT_DSP48E2_ALU_OUT[4]_P[4])
                                                      0.033     0.280 r  neural_reconstruction_bd_i/reconstruction_accel_0/inst/grp_reconstruction_accel_Pipeline_CONV1_Y_PAD_CONV1_X_PAD_fu_166/mul_8ns_7ns_14_1_1_U29/tmp_product/DSP_OUTPUT_INST/P[4]
                         net (fo=3, routed)           0.136     0.416    neural_reconstruction_bd_i/reconstruction_accel_0/inst/grp_reconstruction_accel_Pipeline_CONV1_Y_PAD_CONV1_X_PAD_fu_166/mul_8ns_7ns_14_1_1_U29/P[4]
    SLICE_X4Y53          LUT4 (Prop_E6LUT_SLICEM_I2_O)
                                                      0.037     0.453 r  neural_reconstruction_bd_i/reconstruction_accel_0/inst/grp_reconstruction_accel_Pipeline_CONV1_Y_PAD_CONV1_X_PAD_fu_166/mul_8ns_7ns_14_1_1_U29/add_ln39_4_fu_2250_p2_i_67/O
                         net (fo=1, routed)           0.012     0.465    neural_reconstruction_bd_i/reconstruction_accel_0/inst/grp_reconstruction_accel_Pipeline_CONV1_Y_PAD_CONV1_X_PAD_fu_166/mul_8ns_7ns_14_1_1_U29/add_ln39_4_fu_2250_p2_i_67_n_3
    SLICE_X4Y53          CARRY8 (Prop_CARRY8_SLICEM_S[4]_O[4])
                                                      0.020     0.485 r  neural_reconstruction_bd_i/reconstruction_accel_0/inst/grp_reconstruction_accel_Pipeline_CONV1_Y_PAD_CONV1_X_PAD_fu_166/mul_8ns_7ns_14_1_1_U29/add_ln39_4_fu_2250_p2_i_17/O[4]
                         net (fo=2, routed)           0.099     0.584    neural_reconstruction_bd_i/reconstruction_accel_0/inst/grp_reconstruction_accel_Pipeline_CONV1_Y_PAD_CONV1_X_PAD_fu_166/mul_8ns_7ns_14_1_1_U29/sext_ln452_33_fu_1718_p1[4]
    SLICE_X5Y54          LUT2 (Prop_E6LUT_SLICEM_I0_O)
                                                      0.021     0.605 r  neural_reconstruction_bd_i/reconstruction_accel_0/inst/grp_reconstruction_accel_Pipeline_CONV1_Y_PAD_CONV1_X_PAD_fu_166/mul_8ns_7ns_14_1_1_U29/add_ln39_4_fu_2250_p2_i_21/O
                         net (fo=1, routed)           0.012     0.617    neural_reconstruction_bd_i/reconstruction_accel_0/inst/grp_reconstruction_accel_Pipeline_CONV1_Y_PAD_CONV1_X_PAD_fu_166/mul_8ns_7ns_14_1_1_U29/add_ln39_4_fu_2250_p2_i_21_n_3
    SLICE_X5Y54          CARRY8 (Prop_CARRY8_SLICEM_S[4]_O[4])
                                                      0.020     0.637 r  neural_reconstruction_bd_i/reconstruction_accel_0/inst/grp_reconstruction_accel_Pipeline_CONV1_Y_PAD_CONV1_X_PAD_fu_166/mul_8ns_7ns_14_1_1_U29/add_ln39_4_fu_2250_p2_i_3/O[4]
                         net (fo=2, routed)           0.083     0.720    neural_reconstruction_bd_i/reconstruction_accel_0/inst/grp_reconstruction_accel_Pipeline_CONV1_Y_PAD_CONV1_X_PAD_fu_166/am_addmul_17s_17s_12ns_31_3_1_U60/reconstruction_accel_am_addmul_17s_17s_12ns_31_3_1_DSP48_0_U/D[4]
    SLICE_X5Y53          FDRE                                         r  neural_reconstruction_bd_i/reconstruction_accel_0/inst/grp_reconstruction_accel_Pipeline_CONV1_Y_PAD_CONV1_X_PAD_fu_166/am_addmul_17s_17s_12ns_31_3_1_U60/reconstruction_accel_am_addmul_17s_17s_12ns_31_3_1_DSP48_0_U/q8_4_reg_3244[0]_i_1_psdsp_12/D
  -------------------------------------------------------------------    -------------------

                         (clock clk_pl_0 rise edge)
                                                      0.000     0.000 r  
    PS8_X0Y0             PS8                          0.000     0.000 r  neural_reconstruction_bd_i/zynq_ultra_ps_e_0/inst/PS8_i/PLCLK[0]
                         net (fo=1, routed)           0.164     0.164    neural_reconstruction_bd_i/zynq_ultra_ps_e_0/inst/pl_clk_unbuffered[0]
    BUFG_PS_X0Y80        BUFG_PS (Prop_BUFG_PS_I_O)
                                                      0.023     0.187 r  neural_reconstruction_bd_i/zynq_ultra_ps_e_0/inst/buffer_pl_clk_0.PL_CLK_0_BUFG/O
    X1Y1 (CLOCK_ROOT)    net (fo=7864, routed)        1.887     2.074    neural_reconstruction_bd_i/reconstruction_accel_0/inst/grp_reconstruction_accel_Pipeline_CONV1_Y_PAD_CONV1_X_PAD_fu_166/am_addmul_17s_17s_12ns_31_3_1_U60/reconstruction_accel_am_addmul_17s_17s_12ns_31_3_1_DSP48_0_U/ap_clk
    SLICE_X5Y53          FDRE                                         r  neural_reconstruction_bd_i/reconstruction_accel_0/inst/grp_reconstruction_accel_Pipeline_CONV1_Y_PAD_CONV1_X_PAD_fu_166/am_addmul_17s_17s_12ns_31_3_1_U60/reconstruction_accel_am_addmul_17s_17s_12ns_31_3_1_DSP48_0_U/q8_4_reg_3244[0]_i_1_psdsp_12/C

Slack:                    inf
  Source:                 neural_reconstruction_bd_i/reconstruction_accel_0/inst/grp_reconstruction_accel_Pipeline_CONV1_Y_PAD_CONV1_X_PAD_fu_166/mul_8ns_8ns_15_1_1_U28/tmp_product/DSP_A_B_DATA_INST/B2_DATA[9]
                            (internal pin)
  Destination:            neural_reconstruction_bd_i/reconstruction_accel_0/inst/grp_reconstruction_accel_Pipeline_CONV1_Y_PAD_CONV1_X_PAD_fu_166/mul_18s_12ns_30_3_1_U32/q8_1_reg_3229[7]_i_1_psdsp_8/D
                            (rising edge-triggered cell FDRE clocked by clk_pl_0  {rise@0.000ns fall@2.500ns period=5.000ns})
  Path Group:             (none)
  Path Type:              Hold (Min at Fast Process Corner)
  Data Path Delay:        0.721ns  (logic 0.378ns (52.455%)  route 0.343ns (47.545%))
  Logic Levels:           9  (CARRY8=2 DSP_ALU=1 DSP_M_DATA=1 DSP_MULTIPLIER=1 DSP_OUTPUT=1 DSP_PREADD_DATA=1 LUT2=1 LUT4=1)
  Clock Uncertainty:      0.127ns  ((TSJ^2 + DJ^2)^1/2) / 2 + PE
    Total System Jitter     (TSJ):    0.050ns
    Discrete Jitter          (DJ):    0.248ns
    Phase Error              (PE):    0.000ns
  Clock Net Delay (Destination): 1.888ns (routing 0.971ns, distribution 0.917ns)

    Location             Delay type                Incr(ns)  Path(ns)    Netlist Resource(s)
  -------------------------------------------------------------------    -------------------
    DSP48E2_X2Y18        DSP_A_B_DATA                 0.000     0.000 r  neural_reconstruction_bd_i/reconstruction_accel_0/inst/grp_reconstruction_accel_Pipeline_CONV1_Y_PAD_CONV1_X_PAD_fu_166/mul_8ns_8ns_15_1_1_U28/tmp_product/DSP_A_B_DATA_INST/B2_DATA[9]
                         net (fo=1, routed)           0.000     0.000    neural_reconstruction_bd_i/reconstruction_accel_0/inst/grp_reconstruction_accel_Pipeline_CONV1_Y_PAD_CONV1_X_PAD_fu_166/mul_8ns_8ns_15_1_1_U28/tmp_product/DSP_A_B_DATA.B2_DATA<9>
    DSP48E2_X2Y18        DSP_PREADD_DATA (Prop_DSP_PREADD_DATA_DSP48E2_B2_DATA[9]_B2B1[9])
                                                      0.022     0.022 r  neural_reconstruction_bd_i/reconstruction_accel_0/inst/grp_reconstruction_accel_Pipeline_CONV1_Y_PAD_CONV1_X_PAD_fu_166/mul_8ns_8ns_15_1_1_U28/tmp_product/DSP_PREADD_DATA_INST/B2B1[9]
                         net (fo=1, routed)           0.000     0.022    neural_reconstruction_bd_i/reconstruction_accel_0/inst/grp_reconstruction_accel_Pipeline_CONV1_Y_PAD_CONV1_X_PAD_fu_166/mul_8ns_8ns_15_1_1_U28/tmp_product/DSP_PREADD_DATA.B2B1<9>
    DSP48E2_X2Y18        DSP_MULTIPLIER (Prop_DSP_MULTIPLIER_DSP48E2_B2B1[9]_U[9])
                                                      0.084     0.106 f  neural_reconstruction_bd_i/reconstruction_accel_0/inst/grp_reconstruction_accel_Pipeline_CONV1_Y_PAD_CONV1_X_PAD_fu_166/mul_8ns_8ns_15_1_1_U28/tmp_product/DSP_MULTIPLIER_INST/U[9]
                         net (fo=1, routed)           0.000     0.106    neural_reconstruction_bd_i/reconstruction_accel_0/inst/grp_reconstruction_accel_Pipeline_CONV1_Y_PAD_CONV1_X_PAD_fu_166/mul_8ns_8ns_15_1_1_U28/tmp_product/DSP_MULTIPLIER.U<9>
    DSP48E2_X2Y18        DSP_M_DATA (Prop_DSP_M_DATA_DSP48E2_U[9]_U_DATA[9])
                                                      0.014     0.120 r  neural_reconstruction_bd_i/reconstruction_accel_0/inst/grp_reconstruction_accel_Pipeline_CONV1_Y_PAD_CONV1_X_PAD_fu_166/mul_8ns_8ns_15_1_1_U28/tmp_product/DSP_M_DATA_INST/U_DATA[9]
                         net (fo=1, routed)           0.000     0.120    neural_reconstruction_bd_i/reconstruction_accel_0/inst/grp_reconstruction_accel_Pipeline_CONV1_Y_PAD_CONV1_X_PAD_fu_166/mul_8ns_8ns_15_1_1_U28/tmp_product/DSP_M_DATA.U_DATA<9>
    DSP48E2_X2Y18        DSP_ALU (Prop_DSP_ALU_DSP48E2_U_DATA[9]_ALU_OUT[9])
                                                      0.127     0.247 f  neural_reconstruction_bd_i/reconstruction_accel_0/inst/grp_reconstruction_accel_Pipeline_CONV1_Y_PAD_CONV1_X_PAD_fu_166/mul_8ns_8ns_15_1_1_U28/tmp_product/DSP_ALU_INST/ALU_OUT[9]
                         net (fo=1, routed)           0.000     0.247    neural_reconstruction_bd_i/reconstruction_accel_0/inst/grp_reconstruction_accel_Pipeline_CONV1_Y_PAD_CONV1_X_PAD_fu_166/mul_8ns_8ns_15_1_1_U28/tmp_product/DSP_ALU.ALU_OUT<9>
    DSP48E2_X2Y18        DSP_OUTPUT (Prop_DSP_OUTPUT_DSP48E2_ALU_OUT[9]_P[9])
                                                      0.033     0.280 r  neural_reconstruction_bd_i/reconstruction_accel_0/inst/grp_reconstruction_accel_Pipeline_CONV1_Y_PAD_CONV1_X_PAD_fu_166/mul_8ns_8ns_15_1_1_U28/tmp_product/DSP_OUTPUT_INST/P[9]
                         net (fo=2, routed)           0.116     0.396    neural_reconstruction_bd_i/reconstruction_accel_0/inst/grp_reconstruction_accel_Pipeline_CONV1_Y_PAD_CONV1_X_PAD_fu_166/mac_muladd_8ns_7ns_16ns_16_4_1_U41/reconstruction_accel_mac_muladd_8ns_7ns_16ns_16_4_1_DSP48_0_U/add_ln39_1_fu_2022_p2_i_39_0[9]
    SLICE_X6Y51          LUT2 (Prop_B6LUT_SLICEL_I1_O)
                                                      0.022     0.418 r  neural_reconstruction_bd_i/reconstruction_accel_0/inst/grp_reconstruction_accel_Pipeline_CONV1_Y_PAD_CONV1_X_PAD_fu_166/mac_muladd_8ns_7ns_16ns_16_4_1_U41/reconstruction_accel_mac_muladd_8ns_7ns_16ns_16_4_1_DSP48_0_U/add_ln39_1_fu_2022_p2_i_58/O
                         net (fo=1, routed)           0.008     0.426    neural_reconstruction_bd_i/reconstruction_accel_0/inst/grp_reconstruction_accel_Pipeline_CONV1_Y_PAD_CONV1_X_PAD_fu_166/mac_muladd_8ns_7ns_16ns_16_4_1_U41/reconstruction_accel_mac_muladd_8ns_7ns_16ns_16_4_1_DSP48_0_U/add_ln39_1_fu_2022_p2_i_58_n_3
    SLICE_X6Y51          CARRY8 (Prop_CARRY8_SLICEL_S[1]_O[1])
                                                      0.019     0.445 r  neural_reconstruction_bd_i/reconstruction_accel_0/inst/grp_reconstruction_accel_Pipeline_CONV1_Y_PAD_CONV1_X_PAD_fu_166/mac_muladd_8ns_7ns_16ns_16_4_1_U41/reconstruction_accel_mac_muladd_8ns_7ns_16ns_16_4_1_DSP48_0_U/add_ln39_1_fu_2022_p2_i_39/O[1]
                         net (fo=2, routed)           0.118     0.562    neural_reconstruction_bd_i/reconstruction_accel_0/inst/grp_reconstruction_accel_Pipeline_CONV1_Y_PAD_CONV1_X_PAD_fu_166/mac_muladd_8ns_7ns_16ns_16_4_1_U41/reconstruction_accel_mac_muladd_8ns_7ns_16ns_16_4_1_DSP48_0_U/sext_ln452_7_fu_1399_p1[9]
    SLICE_X7Y51          LUT4 (Prop_B6LUT_SLICEM_I0_O)
                                                      0.037     0.599 r  neural_reconstruction_bd_i/reconstruction_accel_0/inst/grp_reconstruction_accel_Pipeline_CONV1_Y_PAD_CONV1_X_PAD_fu_166/mac_muladd_8ns_7ns_16ns_16_4_1_U41/reconstruction_accel_mac_muladd_8ns_7ns_16ns_16_4_1_DSP48_0_U/add_ln39_1_fu_2022_p2_i_21/O
                         net (fo=1, routed)           0.014     0.613    neural_reconstruction_bd_i/reconstruction_accel_0/inst/grp_reconstruction_accel_Pipeline_CONV1_Y_PAD_CONV1_X_PAD_fu_166/mac_muladd_8ns_7ns_16ns_16_4_1_U41/reconstruction_accel_mac_muladd_8ns_7ns_16ns_16_4_1_DSP48_0_U/add_ln39_1_fu_2022_p2_i_21_n_3
    SLICE_X7Y51          CARRY8 (Prop_CARRY8_SLICEM_S[1]_O[1])
                                                      0.020     0.633 r  neural_reconstruction_bd_i/reconstruction_accel_0/inst/grp_reconstruction_accel_Pipeline_CONV1_Y_PAD_CONV1_X_PAD_fu_166/mac_muladd_8ns_7ns_16ns_16_4_1_U41/reconstruction_accel_mac_muladd_8ns_7ns_16ns_16_4_1_DSP48_0_U/add_ln39_1_fu_2022_p2_i_2/O[1]
                         net (fo=2, routed)           0.087     0.721    neural_reconstruction_bd_i/reconstruction_accel_0/inst/grp_reconstruction_accel_Pipeline_CONV1_Y_PAD_CONV1_X_PAD_fu_166/mul_18s_12ns_30_3_1_U32/DSP_ALU_INST[9]
    SLICE_X7Y52          FDRE                                         r  neural_reconstruction_bd_i/reconstruction_accel_0/inst/grp_reconstruction_accel_Pipeline_CONV1_Y_PAD_CONV1_X_PAD_fu_166/mul_18s_12ns_30_3_1_U32/q8_1_reg_3229[7]_i_1_psdsp_8/D
  -------------------------------------------------------------------    -------------------

                         (clock clk_pl_0 rise edge)
                                                      0.000     0.000 r  
    PS8_X0Y0             PS8                          0.000     0.000 r  neural_reconstruction_bd_i/zynq_ultra_ps_e_0/inst/PS8_i/PLCLK[0]
                         net (fo=1, routed)           0.164     0.164    neural_reconstruction_bd_i/zynq_ultra_ps_e_0/inst/pl_clk_unbuffered[0]
    BUFG_PS_X0Y80        BUFG_PS (Prop_BUFG_PS_I_O)
                                                      0.023     0.187 r  neural_reconstruction_bd_i/zynq_ultra_ps_e_0/inst/buffer_pl_clk_0.PL_CLK_0_BUFG/O
    X1Y1 (CLOCK_ROOT)    net (fo=7864, routed)        1.888     2.075    neural_reconstruction_bd_i/reconstruction_accel_0/inst/grp_reconstruction_accel_Pipeline_CONV1_Y_PAD_CONV1_X_PAD_fu_166/mul_18s_12ns_30_3_1_U32/ap_clk
    SLICE_X7Y52          FDRE                                         r  neural_reconstruction_bd_i/reconstruction_accel_0/inst/grp_reconstruction_accel_Pipeline_CONV1_Y_PAD_CONV1_X_PAD_fu_166/mul_18s_12ns_30_3_1_U32/q8_1_reg_3229[7]_i_1_psdsp_8/C

Slack:                    inf
  Source:                 neural_reconstruction_bd_i/reconstruction_accel_0/inst/grp_reconstruction_accel_Pipeline_CONV1_Y_PAD_CONV1_X_PAD_fu_166/mul_8ns_7ns_14_1_1_U29/tmp_product/DSP_A_B_DATA_INST/B2_DATA[1]
                            (internal pin)
  Destination:            neural_reconstruction_bd_i/reconstruction_accel_0/inst/grp_reconstruction_accel_Pipeline_CONV1_Y_PAD_CONV1_X_PAD_fu_166/am_addmul_17s_17s_12ns_31_3_1_U60/reconstruction_accel_am_addmul_17s_17s_12ns_31_3_1_DSP48_0_U/q8_4_reg_3244[7]_i_1_psdsp_15/D
                            (rising edge-triggered cell FDRE clocked by clk_pl_0  {rise@0.000ns fall@2.500ns period=5.000ns})
  Path Group:             (none)
  Path Type:              Hold (Min at Fast Process Corner)
  Data Path Delay:        0.721ns  (logic 0.373ns (51.705%)  route 0.348ns (48.295%))
  Logic Levels:           9  (CARRY8=2 DSP_ALU=1 DSP_M_DATA=1 DSP_MULTIPLIER=1 DSP_OUTPUT=1 DSP_PREADD_DATA=1 LUT1=1 LUT2=1)
  Clock Uncertainty:      0.127ns  ((TSJ^2 + DJ^2)^1/2) / 2 + PE
    Total System Jitter     (TSJ):    0.050ns
    Discrete Jitter          (DJ):    0.248ns
    Phase Error              (PE):    0.000ns
  Clock Net Delay (Destination): 1.889ns (routing 0.971ns, distribution 0.918ns)

    Location             Delay type                Incr(ns)  Path(ns)    Netlist Resource(s)
  -------------------------------------------------------------------    -------------------
    DSP48E2_X1Y24        DSP_A_B_DATA                 0.000     0.000 r  neural_reconstruction_bd_i/reconstruction_accel_0/inst/grp_reconstruction_accel_Pipeline_CONV1_Y_PAD_CONV1_X_PAD_fu_166/mul_8ns_7ns_14_1_1_U29/tmp_product/DSP_A_B_DATA_INST/B2_DATA[1]
                         net (fo=1, routed)           0.000     0.000    neural_reconstruction_bd_i/reconstruction_accel_0/inst/grp_reconstruction_accel_Pipeline_CONV1_Y_PAD_CONV1_X_PAD_fu_166/mul_8ns_7ns_14_1_1_U29/tmp_product/DSP_A_B_DATA.B2_DATA<1>
    DSP48E2_X1Y24        DSP_PREADD_DATA (Prop_DSP_PREADD_DATA_DSP48E2_B2_DATA[1]_B2B1[1])
                                                      0.022     0.022 r  neural_reconstruction_bd_i/reconstruction_accel_0/inst/grp_reconstruction_accel_Pipeline_CONV1_Y_PAD_CONV1_X_PAD_fu_166/mul_8ns_7ns_14_1_1_U29/tmp_product/DSP_PREADD_DATA_INST/B2B1[1]
                         net (fo=1, routed)           0.000     0.022    neural_reconstruction_bd_i/reconstruction_accel_0/inst/grp_reconstruction_accel_Pipeline_CONV1_Y_PAD_CONV1_X_PAD_fu_166/mul_8ns_7ns_14_1_1_U29/tmp_product/DSP_PREADD_DATA.B2B1<1>
    DSP48E2_X1Y24        DSP_MULTIPLIER (Prop_DSP_MULTIPLIER_DSP48E2_B2B1[1]_U[0])
                                                      0.084     0.106 f  neural_reconstruction_bd_i/reconstruction_accel_0/inst/grp_reconstruction_accel_Pipeline_CONV1_Y_PAD_CONV1_X_PAD_fu_166/mul_8ns_7ns_14_1_1_U29/tmp_product/DSP_MULTIPLIER_INST/U[0]
                         net (fo=1, routed)           0.000     0.106    neural_reconstruction_bd_i/reconstruction_accel_0/inst/grp_reconstruction_accel_Pipeline_CONV1_Y_PAD_CONV1_X_PAD_fu_166/mul_8ns_7ns_14_1_1_U29/tmp_product/DSP_MULTIPLIER.U<0>
    DSP48E2_X1Y24        DSP_M_DATA (Prop_DSP_M_DATA_DSP48E2_U[0]_U_DATA[0])
                                                      0.014     0.120 r  neural_reconstruction_bd_i/reconstruction_accel_0/inst/grp_reconstruction_accel_Pipeline_CONV1_Y_PAD_CONV1_X_PAD_fu_166/mul_8ns_7ns_14_1_1_U29/tmp_product/DSP_M_DATA_INST/U_DATA[0]
                         net (fo=1, routed)           0.000     0.120    neural_reconstruction_bd_i/reconstruction_accel_0/inst/grp_reconstruction_accel_Pipeline_CONV1_Y_PAD_CONV1_X_PAD_fu_166/mul_8ns_7ns_14_1_1_U29/tmp_product/DSP_M_DATA.U_DATA<0>
    DSP48E2_X1Y24        DSP_ALU (Prop_DSP_ALU_DSP48E2_U_DATA[0]_ALU_OUT[0])
                                                      0.127     0.247 r  neural_reconstruction_bd_i/reconstruction_accel_0/inst/grp_reconstruction_accel_Pipeline_CONV1_Y_PAD_CONV1_X_PAD_fu_166/mul_8ns_7ns_14_1_1_U29/tmp_product/DSP_ALU_INST/ALU_OUT[0]
                         net (fo=1, routed)           0.000     0.247    neural_reconstruction_bd_i/reconstruction_accel_0/inst/grp_reconstruction_accel_Pipeline_CONV1_Y_PAD_CONV1_X_PAD_fu_166/mul_8ns_7ns_14_1_1_U29/tmp_product/DSP_ALU.ALU_OUT<0>
    DSP48E2_X1Y24        DSP_OUTPUT (Prop_DSP_OUTPUT_DSP48E2_ALU_OUT[0]_P[0])
                                                      0.033     0.280 f  neural_reconstruction_bd_i/reconstruction_accel_0/inst/grp_reconstruction_accel_Pipeline_CONV1_Y_PAD_CONV1_X_PAD_fu_166/mul_8ns_7ns_14_1_1_U29/tmp_product/DSP_OUTPUT_INST/P[0]
                         net (fo=3, routed)           0.129     0.409    neural_reconstruction_bd_i/reconstruction_accel_0/inst/grp_reconstruction_accel_Pipeline_CONV1_Y_PAD_CONV1_X_PAD_fu_166/mul_8ns_7ns_14_1_1_U29/P[0]
    SLICE_X4Y53          LUT1 (Prop_A6LUT_SLICEM_I0_O)
                                                      0.021     0.430 r  neural_reconstruction_bd_i/reconstruction_accel_0/inst/grp_reconstruction_accel_Pipeline_CONV1_Y_PAD_CONV1_X_PAD_fu_166/mul_8ns_7ns_14_1_1_U29/add_ln39_4_fu_2250_p2_i_71/O
                         net (fo=1, routed)           0.011     0.441    neural_reconstruction_bd_i/reconstruction_accel_0/inst/grp_reconstruction_accel_Pipeline_CONV1_Y_PAD_CONV1_X_PAD_fu_166/mul_8ns_7ns_14_1_1_U29/add_ln39_4_fu_2250_p2_i_71_n_3
    SLICE_X4Y53          CARRY8 (Prop_CARRY8_SLICEM_S[0]_O[1])
                                                      0.031     0.472 r  neural_reconstruction_bd_i/reconstruction_accel_0/inst/grp_reconstruction_accel_Pipeline_CONV1_Y_PAD_CONV1_X_PAD_fu_166/mul_8ns_7ns_14_1_1_U29/add_ln39_4_fu_2250_p2_i_17/O[1]
                         net (fo=2, routed)           0.100     0.572    neural_reconstruction_bd_i/reconstruction_accel_0/inst/grp_reconstruction_accel_Pipeline_CONV1_Y_PAD_CONV1_X_PAD_fu_166/mul_8ns_7ns_14_1_1_U29/sext_ln452_33_fu_1718_p1[1]
    SLICE_X5Y54          LUT2 (Prop_B6LUT_SLICEM_I0_O)
                                                      0.021     0.593 r  neural_reconstruction_bd_i/reconstruction_accel_0/inst/grp_reconstruction_accel_Pipeline_CONV1_Y_PAD_CONV1_X_PAD_fu_166/mul_8ns_7ns_14_1_1_U29/add_ln39_4_fu_2250_p2_i_24/O
                         net (fo=1, routed)           0.014     0.607    neural_reconstruction_bd_i/reconstruction_accel_0/inst/grp_reconstruction_accel_Pipeline_CONV1_Y_PAD_CONV1_X_PAD_fu_166/mul_8ns_7ns_14_1_1_U29/add_ln39_4_fu_2250_p2_i_24_n_3
    SLICE_X5Y54          CARRY8 (Prop_CARRY8_SLICEM_S[1]_O[1])
                                                      0.020     0.627 r  neural_reconstruction_bd_i/reconstruction_accel_0/inst/grp_reconstruction_accel_Pipeline_CONV1_Y_PAD_CONV1_X_PAD_fu_166/mul_8ns_7ns_14_1_1_U29/add_ln39_4_fu_2250_p2_i_3/O[1]
                         net (fo=2, routed)           0.094     0.721    neural_reconstruction_bd_i/reconstruction_accel_0/inst/grp_reconstruction_accel_Pipeline_CONV1_Y_PAD_CONV1_X_PAD_fu_166/am_addmul_17s_17s_12ns_31_3_1_U60/reconstruction_accel_am_addmul_17s_17s_12ns_31_3_1_DSP48_0_U/D[1]
    SLICE_X6Y54          FDRE                                         r  neural_reconstruction_bd_i/reconstruction_accel_0/inst/grp_reconstruction_accel_Pipeline_CONV1_Y_PAD_CONV1_X_PAD_fu_166/am_addmul_17s_17s_12ns_31_3_1_U60/reconstruction_accel_am_addmul_17s_17s_12ns_31_3_1_DSP48_0_U/q8_4_reg_3244[7]_i_1_psdsp_15/D
  -------------------------------------------------------------------    -------------------

                         (clock clk_pl_0 rise edge)
                                                      0.000     0.000 r  
    PS8_X0Y0             PS8                          0.000     0.000 r  neural_reconstruction_bd_i/zynq_ultra_ps_e_0/inst/PS8_i/PLCLK[0]
                         net (fo=1, routed)           0.164     0.164    neural_reconstruction_bd_i/zynq_ultra_ps_e_0/inst/pl_clk_unbuffered[0]
    BUFG_PS_X0Y80        BUFG_PS (Prop_BUFG_PS_I_O)
                                                      0.023     0.187 r  neural_reconstruction_bd_i/zynq_ultra_ps_e_0/inst/buffer_pl_clk_0.PL_CLK_0_BUFG/O
    X1Y1 (CLOCK_ROOT)    net (fo=7864, routed)        1.889     2.076    neural_reconstruction_bd_i/reconstruction_accel_0/inst/grp_reconstruction_accel_Pipeline_CONV1_Y_PAD_CONV1_X_PAD_fu_166/am_addmul_17s_17s_12ns_31_3_1_U60/reconstruction_accel_am_addmul_17s_17s_12ns_31_3_1_DSP48_0_U/ap_clk
    SLICE_X6Y54          FDRE                                         r  neural_reconstruction_bd_i/reconstruction_accel_0/inst/grp_reconstruction_accel_Pipeline_CONV1_Y_PAD_CONV1_X_PAD_fu_166/am_addmul_17s_17s_12ns_31_3_1_U60/reconstruction_accel_am_addmul_17s_17s_12ns_31_3_1_DSP48_0_U/q8_4_reg_3244[7]_i_1_psdsp_15/C





